<?xml version="1.0" encoding="UTF-8"?>
<addon id="plugin.video.vvvvid" version="0.0.1" name="VVVVID" provider-name="evilsephiroth, nixxo">
    <requires>
        <import addon="xbmc.python" version="3.0.0"/>
        <import addon="script.module.requests" />
        <import addon="script.module.routing" version="0.2.3"/>
        <import addon="script.module.web-pdb" version="1.5.6" optional="true"/>
    </requires>
    <extension point="xbmc.python.pluginsource" library="addon.py">
        <provides>video</provides>
    </extension>
    <extension point="xbmc.addon.metadata">
        <summary>VVVVID</summary>
        <description>Plugin to view vvvvid.it content.</description>
        <disclaimer>The author does not host or distribute any of the content displayed by this addon. The author does not have any affiliation with the content provider.</disclaimer>
        <source>https://github.com/nixxo</source>
		<website>https://github.com/nixxo</website>
        <platform>all</platform>
        <assets>
            <icon>resources/icon.png</icon>
            <fanart>resources/fanart.png</fanart>
        </assets>
    </extension>
</addon>
