<?xml version="1.0" encoding="UTF-8"?>
<includes>
	
	<include name="Viewtype537_coords1">
		<include condition="$EXP[NonMaskedCoordinates]">Viewtype537_coords1_16:9</include>
		<include condition="String.IsEqual(Skin.AspectRatio,21:9)">Viewtype537_coords1_21:9</include>
		<include condition="$EXP[MaskedCoordinates]">Viewtype537_coords1_21:9_masked</include>
		<include condition="String.IsEqual(Skin.AspectRatio,4:3)">Viewtype537_coords1_4:3</include>
	</include>
	<include name="Viewtype537_coords1_16:9">
		<left>150</left>
		<top>176</top>
		<width>1620</width>
		<height>664</height>
		<preloaditems>5</preloaditems>
	</include>
	<include name="Viewtype537_coords1_21:9">
		<left>156</left>
		<top>176</top>
		<width>2249</width>
		<height>664</height>
		<preloaditems>7</preloaditems>
	</include>
	<include name="Viewtype537_coords1_21:9_masked">
		<left>156</left>
		<top>356</top>
		<width>2249</width>
		<height>664</height>
		<preloaditems>7</preloaditems>
	</include>
	<include name="Viewtype537_coords1_4:3">
		<left>150</left>
		<top>176</top>
		<width>1140</width>
		<height>664</height>
		<preloaditems>3</preloaditems>
	</include>
	
	<include name="Viewtype537_coords2">
		<include condition="$EXP[NonMaskedCoordinates]">Viewtype537_coords2_16:9</include>
		<include condition="String.IsEqual(Skin.AspectRatio,21:9)">Viewtype537_coords2_21:9</include>
		<include condition="$EXP[MaskedCoordinates]">Viewtype537_coords2_21:9_masked</include>
		<include condition="String.IsEqual(Skin.AspectRatio,4:3)">Viewtype537_coords2_4:3</include>
	</include>
	<include name="Viewtype537_coords2_16:9">
		<itemlayout width="180" height="166">
			<!-- Image - Albums -->
			<include content="image-537">
				<param name="fallback">DefaultAlbumCover.png</param>
				<param name="colordiffuse">$VAR[DiffusePosterNF]</param>
				<param name="visible">Container.Content(albums)</param>
			</include>
			<!-- Image - Addons -->
			<include content="image-537">
				<param name="fallback">DefaultAddon.png</param>
				<param name="colordiffuse">$VAR[DiffusePosterNF]</param>
				<param name="visible">Container.Content(addons)</param>
			</include>
			<!-- Image - Artists -->
			<include content="image-537">
				<param name="fallback">DefaultArtist.png</param>
				<param name="colordiffuse">$VAR[DiffusePosterNF]</param>
				<param name="visible">Container.Content(artists)</param>
			</include>
			<!-- Image - Games -->
			<include content="image-537">
				<param name="fallback">DefaultAddonGame.png</param>
				<param name="colordiffuse">$VAR[DiffusePosterNF]</param>
				<param name="visible">Container.Content(games)</param>
			</include>
			<!-- Image - Videos -->
			<include content="image-537">
				<param name="fallback">DefaultVideo.png</param>
				<param name="colordiffuse">$VAR[DiffusePosterNF]</param>
				<param name="visible">Container.Content(videos)</param>
			</include>
			<!-- Watched status -->
			<control type="group">
				<left>16</left>
				<bottom>9</bottom>
				<width>149</width>
				<height>16</height>
				<control type="image">
					<texture background="true">views/OverlayBottomBar.png</texture>
					<colordiffuse>$VAR[DiffusePosterNF]</colordiffuse>
					<visible>[ListItem.IsFolder + Integer.IsGreater(ListItem.Property(WatchedEpisodes),0) + Integer.IsGreater(ListItem.Property(UnWatchedEpisodes),0)] | String.IsEqual(ListItem.Overlay,OverlayWatched.png) | ListItem.IsResumable | !String.IsEmpty(ListItem.PlayCount)</visible>
					<visible>[String.IsEqual(ListItem.DBTYPE,music) | String.IsEqual(ListItem.DBTYPE,song) | String.IsEqual(ListItem.DBTYPE,album) | String.IsEqual(ListItem.DBTYPE,artist)] + !Skin.HasSetting(MusicListenedToStatus) | [String.IsEqual(ListItem.DBTYPE,video) | String.IsEqual(ListItem.DBTYPE,movie) | String.IsEqual(ListItem.DBTYPE,set) | String.IsEqual(ListItem.DBTYPE,tvshow) | String.IsEqual(ListItem.DBTYPE,season) | String.IsEqual(ListItem.DBTYPE,episode) | String.IsEqual(ListItem.DBTYPE,musicvideo)] + !Skin.HasSetting(VideoWatchedStatus)</visible>
				</control>
				<control type="image">
					<width>16</width>
					<centerleft>75</centerleft>
					<texture background="true">$VAR[StatusOverlayWide]</texture>
					<colordiffuse>$VAR[DiffusePosterNF]</colordiffuse>
				</control>
			</control>
		</itemlayout>
	</include>
	<include name="Viewtype537_coords2_21:9">
		<itemlayout width="173" height="166">
			<!-- Image - Albums -->
			<include content="image-537">
				<param name="fallback">DefaultAlbumCover.png</param>
				<param name="colordiffuse">$VAR[DiffusePosterNF]</param>
				<param name="visible">Container.Content(albums)</param>
			</include>
			<!-- Image - Addons -->
			<include content="image-537">
				<param name="fallback">DefaultAddon.png</param>
				<param name="colordiffuse">$VAR[DiffusePosterNF]</param>
				<param name="visible">Container.Content(addons)</param>
			</include>
			<!-- Image - Artists -->
			<include content="image-537">
				<param name="fallback">DefaultArtist.png</param>
				<param name="colordiffuse">$VAR[DiffusePosterNF]</param>
				<param name="visible">Container.Content(artists)</param>
			</include>
			<!-- Image - Games -->
			<include content="image-537">
				<param name="fallback">DefaultAddonGame.png</param>
				<param name="colordiffuse">$VAR[DiffusePosterNF]</param>
				<param name="visible">Container.Content(games)</param>
			</include>
			<!-- Image - Videos -->
			<include content="image-537">
				<param name="fallback">DefaultVideo.png</param>
				<param name="colordiffuse">$VAR[DiffusePosterNF]</param>
				<param name="visible">Container.Content(videos)</param>
			</include>
			<!-- Watched status -->
			<control type="group">
				<left>12</left>
				<bottom>9</bottom>
				<width>149</width>
				<height>16</height>
				<control type="image">
					<texture background="true">views/OverlayBottomBar.png</texture>
					<colordiffuse>$VAR[DiffusePosterNF]</colordiffuse>
					<visible>[ListItem.IsFolder + Integer.IsGreater(ListItem.Property(WatchedEpisodes),0) + Integer.IsGreater(ListItem.Property(UnWatchedEpisodes),0)] | String.IsEqual(ListItem.Overlay,OverlayWatched.png) | ListItem.IsResumable | !String.IsEmpty(ListItem.PlayCount)</visible>
					<visible>[String.IsEqual(ListItem.DBTYPE,music) | String.IsEqual(ListItem.DBTYPE,song) | String.IsEqual(ListItem.DBTYPE,album) | String.IsEqual(ListItem.DBTYPE,artist)] + !Skin.HasSetting(MusicListenedToStatus) | [String.IsEqual(ListItem.DBTYPE,video) | String.IsEqual(ListItem.DBTYPE,movie) | String.IsEqual(ListItem.DBTYPE,set) | String.IsEqual(ListItem.DBTYPE,tvshow) | String.IsEqual(ListItem.DBTYPE,season) | String.IsEqual(ListItem.DBTYPE,episode) | String.IsEqual(ListItem.DBTYPE,musicvideo)] + !Skin.HasSetting(VideoWatchedStatus)</visible>
				</control>
				<control type="image">
					<width>16</width>
					<centerleft>75</centerleft>
					<texture background="true">$VAR[StatusOverlayWide]</texture>
					<colordiffuse>$VAR[DiffusePosterNF]</colordiffuse>
				</control>
			</control>
		</itemlayout>
	</include>
	<include name="Viewtype537_coords2_21:9_masked">
		<itemlayout width="173" height="166">
			<!-- Image - Albums -->
			<include content="image-537">
				<param name="fallback">DefaultAlbumCover.png</param>
				<param name="colordiffuse">$VAR[DiffusePosterNF]</param>
				<param name="visible">Container.Content(albums)</param>
			</include>
			<!-- Image - Addons -->
			<include content="image-537">
				<param name="fallback">DefaultAddon.png</param>
				<param name="colordiffuse">$VAR[DiffusePosterNF]</param>
				<param name="visible">Container.Content(addons)</param>
			</include>
			<!-- Image - Artists -->
			<include content="image-537">
				<param name="fallback">DefaultArtist.png</param>
				<param name="colordiffuse">$VAR[DiffusePosterNF]</param>
				<param name="visible">Container.Content(artists)</param>
			</include>
			<!-- Image - Games -->
			<include content="image-537">
				<param name="fallback">DefaultAddonGame.png</param>
				<param name="colordiffuse">$VAR[DiffusePosterNF]</param>
				<param name="visible">Container.Content(games)</param>
			</include>
			<!-- Image - Videos -->
			<include content="image-537">
				<param name="fallback">DefaultVideo.png</param>
				<param name="colordiffuse">$VAR[DiffusePosterNF]</param>
				<param name="visible">Container.Content(videos)</param>
			</include>
			<!-- Watched status -->
			<control type="group">
				<left>12</left>
				<bottom>9</bottom>
				<width>149</width>
				<height>16</height>
				<control type="image">
					<texture background="true">views/OverlayBottomBar.png</texture>
					<colordiffuse>$VAR[DiffusePosterNF]</colordiffuse>
					<visible>[ListItem.IsFolder + Integer.IsGreater(ListItem.Property(WatchedEpisodes),0) + Integer.IsGreater(ListItem.Property(UnWatchedEpisodes),0)] | String.IsEqual(ListItem.Overlay,OverlayWatched.png) | ListItem.IsResumable | !String.IsEmpty(ListItem.PlayCount)</visible>
					<visible>[String.IsEqual(ListItem.DBTYPE,music) | String.IsEqual(ListItem.DBTYPE,song) | String.IsEqual(ListItem.DBTYPE,album) | String.IsEqual(ListItem.DBTYPE,artist)] + !Skin.HasSetting(MusicListenedToStatus) | [String.IsEqual(ListItem.DBTYPE,video) | String.IsEqual(ListItem.DBTYPE,movie) | String.IsEqual(ListItem.DBTYPE,set) | String.IsEqual(ListItem.DBTYPE,tvshow) | String.IsEqual(ListItem.DBTYPE,season) | String.IsEqual(ListItem.DBTYPE,episode) | String.IsEqual(ListItem.DBTYPE,musicvideo)] + !Skin.HasSetting(VideoWatchedStatus)</visible>
				</control>
				<control type="image">
					<width>16</width>
					<centerleft>75</centerleft>
					<texture background="true">$VAR[StatusOverlayWide]</texture>
					<colordiffuse>$VAR[DiffusePosterNF]</colordiffuse>
				</control>
			</control>
		</itemlayout>
	</include>
	<include name="Viewtype537_coords2_4:3">
		<itemlayout width="190" height="166">
			<!-- Image - Albums -->
			<include content="image-537">
				<param name="fallback">DefaultAlbumCover.png</param>
				<param name="colordiffuse">$VAR[DiffusePosterNF]</param>
				<param name="visible">Container.Content(albums)</param>
			</include>
			<!-- Image - Addons -->
			<include content="image-537">
				<param name="fallback">DefaultAddon.png</param>
				<param name="colordiffuse">$VAR[DiffusePosterNF]</param>
				<param name="visible">Container.Content(addons)</param>
			</include>
			<!-- Image - Artists -->
			<include content="image-537">
				<param name="fallback">DefaultArtist.png</param>
				<param name="colordiffuse">$VAR[DiffusePosterNF]</param>
				<param name="visible">Container.Content(artists)</param>
			</include>
			<!-- Image - Games -->
			<include content="image-537">
				<param name="fallback">DefaultAddonGame.png</param>
				<param name="colordiffuse">$VAR[DiffusePosterNF]</param>
				<param name="visible">Container.Content(games)</param>
			</include>
			<!-- Image - Videos -->
			<include content="image-537">
				<param name="fallback">DefaultVideo.png</param>
				<param name="colordiffuse">$VAR[DiffusePosterNF]</param>
				<param name="visible">Container.Content(videos)</param>
			</include>
			<!-- Watched status -->
			<control type="group">
				<left>21</left>
				<bottom>9</bottom>
				<width>149</width>
				<height>16</height>
				<control type="image">
					<texture background="true">views/OverlayBottomBar.png</texture>
					<colordiffuse>$VAR[DiffusePosterNF]</colordiffuse>
					<visible>[ListItem.IsFolder + Integer.IsGreater(ListItem.Property(WatchedEpisodes),0) + Integer.IsGreater(ListItem.Property(UnWatchedEpisodes),0)] | String.IsEqual(ListItem.Overlay,OverlayWatched.png) | ListItem.IsResumable | !String.IsEmpty(ListItem.PlayCount)</visible>
					<visible>[String.IsEqual(ListItem.DBTYPE,music) | String.IsEqual(ListItem.DBTYPE,song) | String.IsEqual(ListItem.DBTYPE,album) | String.IsEqual(ListItem.DBTYPE,artist)] + !Skin.HasSetting(MusicListenedToStatus) | [String.IsEqual(ListItem.DBTYPE,video) | String.IsEqual(ListItem.DBTYPE,movie) | String.IsEqual(ListItem.DBTYPE,set) | String.IsEqual(ListItem.DBTYPE,tvshow) | String.IsEqual(ListItem.DBTYPE,season) | String.IsEqual(ListItem.DBTYPE,episode) | String.IsEqual(ListItem.DBTYPE,musicvideo)] + !Skin.HasSetting(VideoWatchedStatus)</visible>
				</control>
				<control type="image">
					<width>16</width>
					<centerleft>75</centerleft>
					<texture background="true">$VAR[StatusOverlayWide]</texture>
					<colordiffuse>$VAR[DiffusePosterNF]</colordiffuse>
				</control>
			</control>
		</itemlayout>
	</include>
	
	<include name="Viewtype537_coords3">
		<include condition="$EXP[NonMaskedCoordinates]">Viewtype537_coords3_16:9</include>
		<include condition="String.IsEqual(Skin.AspectRatio,21:9)">Viewtype537_coords3_21:9</include>
		<include condition="$EXP[MaskedCoordinates]">Viewtype537_coords3_21:9_masked</include>
		<include condition="String.IsEqual(Skin.AspectRatio,4:3)">Viewtype537_coords3_4:3</include>
	</include>
	<include name="Viewtype537_coords3_16:9">
		<focusedlayout width="180" height="166">
			<control type="group">
				<animation effect="zoom" start="90" end="100" center="auto" time="300" tween="back" easing="out" reversible="false">Focus</animation>
				<!-- Image - Albums -->
				<include content="image-537-focused">
					<param name="fallback">DefaultAlbumCover.png</param>
					<param name="visible">Container.Content(albums)</param>
					<param name="focused">True</param>
				</include>
				<!-- Image - Addons -->
				<include content="image-537-focused">
					<param name="fallback">DefaultAddon.png</param>
					<param name="visible">Container.Content(addons)</param>
					<param name="focused">True</param>
				</include>
				<!-- Image - Artists -->
				<include content="image-537-focused">
					<param name="fallback">DefaultArtist.png</param>
					<param name="visible">Container.Content(artists)</param>
					<param name="focused">True</param>
				</include>
				<!-- Image - Games -->
				<include content="image-537-focused">
					<param name="fallback">DefaultAddonGame.png</param>
					<param name="visible">Container.Content(games)</param>
					<param name="focused">True</param>
				</include>
				<!-- Image - Videos -->
				<include content="image-537-focused">
					<param name="fallback">DefaultVideo.png</param>
					<param name="visible">Container.Content(videos)</param>
					<param name="focused">True</param>
				</include>
				<!-- Watched status -->
				<control type="group">
					<left>7</left>
					<bottom>0</bottom>
					<width>166</width>
					<height>18</height>
					<control type="image">
						<texture background="true">views/OverlayBottomBar.png</texture>
						<visible>[ListItem.IsFolder + Integer.IsGreater(ListItem.Property(WatchedEpisodes),0) + Integer.IsGreater(ListItem.Property(UnWatchedEpisodes),0)] | String.IsEqual(ListItem.Overlay,OverlayWatched.png) | ListItem.IsResumable | !String.IsEmpty(ListItem.PlayCount)</visible>
						<visible>[String.IsEqual(ListItem.DBTYPE,music) | String.IsEqual(ListItem.DBTYPE,song) | String.IsEqual(ListItem.DBTYPE,album) | String.IsEqual(ListItem.DBTYPE,artist)] + !Skin.HasSetting(MusicListenedToStatus) | [String.IsEqual(ListItem.DBTYPE,video) | String.IsEqual(ListItem.DBTYPE,movie) | String.IsEqual(ListItem.DBTYPE,set) | String.IsEqual(ListItem.DBTYPE,tvshow) | String.IsEqual(ListItem.DBTYPE,season) | String.IsEqual(ListItem.DBTYPE,episode) | String.IsEqual(ListItem.DBTYPE,musicvideo)] + !Skin.HasSetting(VideoWatchedStatus)</visible>
					</control>
					<control type="image">
						<width>18</width>
						<centerleft>83</centerleft>
						<texture background="true">$VAR[StatusOverlayWide]</texture>
					</control>
				</control>
			</control>
		</focusedlayout>
	</include>
	<include name="Viewtype537_coords3_21:9">
		<focusedlayout width="173" height="166">
			<control type="group">
				<animation effect="zoom" start="90" end="100" center="auto" time="300" tween="back" easing="out" reversible="false">Focus</animation>
				<!-- Image - Albums -->
				<include content="image-537-focused">
					<param name="fallback">DefaultAlbumCover.png</param>
					<param name="visible">Container.Content(albums)</param>
					<param name="focused">True</param>
				</include>
				<!-- Image - Addons -->
				<include content="image-537-focused">
					<param name="fallback">DefaultAddon.png</param>
					<param name="visible">Container.Content(addons)</param>
					<param name="focused">True</param>
				</include>
				<!-- Image - Artists -->
				<include content="image-537-focused">
					<param name="fallback">DefaultArtist.png</param>
					<param name="visible">Container.Content(artists)</param>
					<param name="focused">True</param>
				</include>
				<!-- Image - Games -->
				<include content="image-537-focused">
					<param name="fallback">DefaultAddonGame.png</param>
					<param name="visible">Container.Content(games)</param>
					<param name="focused">True</param>
				</include>
				<!-- Image - Videos -->
				<include content="image-537-focused">
					<param name="fallback">DefaultVideo.png</param>
					<param name="visible">Container.Content(videos)</param>
					<param name="focused">True</param>
				</include>
				<!-- Watched status -->
				<control type="group">
					<left>4</left>
					<bottom>0</bottom>
					<width>166</width>
					<height>18</height>
					<control type="image">
						<texture background="true">views/OverlayBottomBar.png</texture>
						<visible>[ListItem.IsFolder + Integer.IsGreater(ListItem.Property(WatchedEpisodes),0) + Integer.IsGreater(ListItem.Property(UnWatchedEpisodes),0)] | String.IsEqual(ListItem.Overlay,OverlayWatched.png) | ListItem.IsResumable | !String.IsEmpty(ListItem.PlayCount)</visible>
						<visible>[String.IsEqual(ListItem.DBTYPE,music) | String.IsEqual(ListItem.DBTYPE,song) | String.IsEqual(ListItem.DBTYPE,album) | String.IsEqual(ListItem.DBTYPE,artist)] + !Skin.HasSetting(MusicListenedToStatus) | [String.IsEqual(ListItem.DBTYPE,video) | String.IsEqual(ListItem.DBTYPE,movie) | String.IsEqual(ListItem.DBTYPE,set) | String.IsEqual(ListItem.DBTYPE,tvshow) | String.IsEqual(ListItem.DBTYPE,season) | String.IsEqual(ListItem.DBTYPE,episode) | String.IsEqual(ListItem.DBTYPE,musicvideo)] + !Skin.HasSetting(VideoWatchedStatus)</visible>
					</control>
					<control type="image">
						<width>18</width>
						<centerleft>83</centerleft>
						<texture background="true">$VAR[StatusOverlayWide]</texture>
					</control>
				</control>
			</control>
		</focusedlayout>
	</include>
	<include name="Viewtype537_coords3_21:9_masked">
		<focusedlayout width="173" height="166">
			<control type="group">
				<animation effect="zoom" start="90" end="100" center="auto" time="300" tween="back" easing="out" reversible="false">Focus</animation>
				<!-- Image - Albums -->
				<include content="image-537-focused">
					<param name="fallback">DefaultAlbumCover.png</param>
					<param name="visible">Container.Content(albums)</param>
					<param name="focused">True</param>
				</include>
				<!-- Image - Addons -->
				<include content="image-537-focused">
					<param name="fallback">DefaultAddon.png</param>
					<param name="visible">Container.Content(addons)</param>
					<param name="focused">True</param>
				</include>
				<!-- Image - Artists -->
				<include content="image-537-focused">
					<param name="fallback">DefaultArtist.png</param>
					<param name="visible">Container.Content(artists)</param>
					<param name="focused">True</param>
				</include>
				<!-- Image - Games -->
				<include content="image-537-focused">
					<param name="fallback">DefaultAddonGame.png</param>
					<param name="visible">Container.Content(games)</param>
					<param name="focused">True</param>
				</include>
				<!-- Image - Videos -->
				<include content="image-537-focused">
					<param name="fallback">DefaultVideo.png</param>
					<param name="visible">Container.Content(videos)</param>
					<param name="focused">True</param>
				</include>
				<!-- Watched status -->
				<control type="group">
					<left>4</left>
					<bottom>0</bottom>
					<width>166</width>
					<height>18</height>
					<control type="image">
						<texture background="true">views/OverlayBottomBar.png</texture>
						<visible>[ListItem.IsFolder + Integer.IsGreater(ListItem.Property(WatchedEpisodes),0) + Integer.IsGreater(ListItem.Property(UnWatchedEpisodes),0)] | String.IsEqual(ListItem.Overlay,OverlayWatched.png) | ListItem.IsResumable | !String.IsEmpty(ListItem.PlayCount)</visible>
						<visible>[String.IsEqual(ListItem.DBTYPE,music) | String.IsEqual(ListItem.DBTYPE,song) | String.IsEqual(ListItem.DBTYPE,album) | String.IsEqual(ListItem.DBTYPE,artist)] + !Skin.HasSetting(MusicListenedToStatus) | [String.IsEqual(ListItem.DBTYPE,video) | String.IsEqual(ListItem.DBTYPE,movie) | String.IsEqual(ListItem.DBTYPE,set) | String.IsEqual(ListItem.DBTYPE,tvshow) | String.IsEqual(ListItem.DBTYPE,season) | String.IsEqual(ListItem.DBTYPE,episode) | String.IsEqual(ListItem.DBTYPE,musicvideo)] + !Skin.HasSetting(VideoWatchedStatus)</visible>
					</control>
					<control type="image">
						<width>18</width>
						<centerleft>83</centerleft>
						<texture background="true">$VAR[StatusOverlayWide]</texture>
					</control>
				</control>
			</control>
		</focusedlayout>
	</include>
	<include name="Viewtype537_coords3_4:3">
		<focusedlayout width="190" height="166">
			<control type="group">
				<animation effect="zoom" start="90" end="100" center="auto" time="300" tween="back" easing="out" reversible="false">Focus</animation>
				<!-- Image - Albums -->
				<include content="image-537-focused">
					<param name="fallback">DefaultAlbumCover.png</param>
					<param name="visible">Container.Content(albums)</param>
					<param name="focused">True</param>
				</include>
				<!-- Image - Addons -->
				<include content="image-537-focused">
					<param name="fallback">DefaultAddon.png</param>
					<param name="visible">Container.Content(addons)</param>
					<param name="focused">True</param>
				</include>
				<!-- Image - Artists -->
				<include content="image-537-focused">
					<param name="fallback">DefaultArtist.png</param>
					<param name="visible">Container.Content(artists)</param>
					<param name="focused">True</param>
				</include>
				<!-- Image - Games -->
				<include content="image-537-focused">
					<param name="fallback">DefaultAddonGame.png</param>
					<param name="visible">Container.Content(games)</param>
					<param name="focused">True</param>
				</include>
				<!-- Image - Videos -->
				<include content="image-537-focused">
					<param name="fallback">DefaultVideo.png</param>
					<param name="visible">Container.Content(videos)</param>
					<param name="focused">True</param>
				</include>
				<!-- Watched status -->
				<control type="group">
					<left>12</left>
					<bottom>0</bottom>
					<width>166</width>
					<height>18</height>
					<control type="image">
						<texture background="true">views/OverlayBottomBar.png</texture>
						<visible>[ListItem.IsFolder + Integer.IsGreater(ListItem.Property(WatchedEpisodes),0) + Integer.IsGreater(ListItem.Property(UnWatchedEpisodes),0)] | String.IsEqual(ListItem.Overlay,OverlayWatched.png) | ListItem.IsResumable | !String.IsEmpty(ListItem.PlayCount)</visible>
						<visible>[String.IsEqual(ListItem.DBTYPE,music) | String.IsEqual(ListItem.DBTYPE,song) | String.IsEqual(ListItem.DBTYPE,album) | String.IsEqual(ListItem.DBTYPE,artist)] + !Skin.HasSetting(MusicListenedToStatus) | [String.IsEqual(ListItem.DBTYPE,video) | String.IsEqual(ListItem.DBTYPE,movie) | String.IsEqual(ListItem.DBTYPE,set) | String.IsEqual(ListItem.DBTYPE,tvshow) | String.IsEqual(ListItem.DBTYPE,season) | String.IsEqual(ListItem.DBTYPE,episode) | String.IsEqual(ListItem.DBTYPE,musicvideo)] + !Skin.HasSetting(VideoWatchedStatus)</visible>
					</control>
					<control type="image">
						<width>18</width>
						<centerleft>83</centerleft>
						<texture background="true">$VAR[StatusOverlayWide]</texture>
					</control>
				</control>
			</control>
		</focusedlayout>
	</include>
	
	<include name="Viewtype537_coords4">
		<include condition="$EXP[NonMaskedCoordinates]">Viewtype537_coords4_16:9</include>
		<include condition="String.IsEqual(Skin.AspectRatio,21:9)">Viewtype537_coords4_21:9</include>
		<include condition="$EXP[MaskedCoordinates]">Viewtype537_coords4_21:9_masked</include>
		<include condition="String.IsEqual(Skin.AspectRatio,4:3)">Viewtype537_coords4_4:3</include>
	</include>
	<include name="Viewtype537_coords4_16:9">
		<centerleft>50%</centerleft>
		<top>877</top>
		<width>1680</width>
		<height>115</height>
	</include>
	<include name="Viewtype537_coords4_21:9">
		<centerleft>50%</centerleft>
		<top>877</top>
		<width>2320</width>
		<height>115</height>
	</include>
	<include name="Viewtype537_coords4_21:9_masked">
		<centerleft>50%</centerleft>
		<top>1057</top>
		<width>2320</width>
		<height>115</height>
	</include>
	<include name="Viewtype537_coords4_4:3">
		<centerleft>50%</centerleft>
		<top>877</top>
		<width>1200</width>
		<height>115</height>
	</include>
	
	<include name="Viewtype537_coords5">
		<include condition="$EXP[NonMaskedCoordinates]">Viewtype537_coords5_16:9</include>
		<include condition="String.IsEqual(Skin.AspectRatio,21:9)">Viewtype537_coords5_21:9</include>
		<include condition="$EXP[MaskedCoordinates]">Viewtype537_coords5_21:9_masked</include>
		<include condition="String.IsEqual(Skin.AspectRatio,4:3)">Viewtype537_coords5_4:3</include>
	</include>
	<include name="Viewtype537_coords5_16:9">
		<centerleft>50%</centerleft>
		<width>1680</width>
		<height>45</height>
	</include>
	<include name="Viewtype537_coords5_21:9">
		<centerleft>50%</centerleft>
		<width>2320</width>
		<height>45</height>
	</include>
	<include name="Viewtype537_coords5_21:9_masked">
		<centerleft>50%</centerleft>
		<width>2320</width>
		<height>45</height>
	</include>
	<include name="Viewtype537_coords5_4:3">
		<centerleft>50%</centerleft>
		<width>1200</width>
		<height>45</height>
	</include>
	
	<include name="Viewtype537_coords6">
		<include condition="$EXP[NonMaskedCoordinates]">Viewtype537_coords6_16:9</include>
		<include condition="String.IsEqual(Skin.AspectRatio,21:9)">Viewtype537_coords6_21:9</include>
		<include condition="$EXP[MaskedCoordinates]">Viewtype537_coords6_21:9_masked</include>
		<include condition="String.IsEqual(Skin.AspectRatio,4:3)">Viewtype537_coords6_4:3</include>
	</include>
	<include name="Viewtype537_coords6_16:9">
		<centerleft>50%</centerleft>
		<top>55</top>
		<width>800</width>
		<height>54</height>
	</include>
	<include name="Viewtype537_coords6_21:9">
		<centerleft>50%</centerleft>
		<top>55</top>
		<width>1440</width>
		<height>54</height>
	</include>
	<include name="Viewtype537_coords6_21:9_masked">
		<centerleft>50%</centerleft>
		<top>55</top>
		<width>1440</width>
		<height>54</height>
	</include>
	<include name="Viewtype537_coords6_4:3">
		<centerleft>50%</centerleft>
		<top>55</top>
		<width>320</width>
		<height>54</height>
	</include>
	
	<include name="Viewtype537_coords7">
		<include condition="$EXP[NonMaskedCoordinates]">Viewtype537_coords7_16:9</include>
		<include condition="String.IsEqual(Skin.AspectRatio,21:9)">Viewtype537_coords7_21:9</include>
		<include condition="$EXP[MaskedCoordinates]">Viewtype537_coords7_21:9_masked</include>
		<include condition="String.IsEqual(Skin.AspectRatio,4:3)">Viewtype537_coords7_4:3</include>
	</include>
	<include name="Viewtype537_coords7_16:9">
		<bottom>9</bottom>
		<left>16</left>
		<width>149</width>
		<height>149</height>
	</include>
	<include name="Viewtype537_coords7_21:9">
		<bottom>9</bottom>
		<left>12</left>
		<width>149</width>
		<height>149</height>
	</include>
	<include name="Viewtype537_coords7_21:9_masked">
		<bottom>9</bottom>
		<left>12</left>
		<width>149</width>
		<height>149</height>
	</include>
	<include name="Viewtype537_coords7_4:3">
		<bottom>9</bottom>
		<left>21</left>
		<width>149</width>
		<height>149</height>
	</include>
	
	<include name="Viewtype537_coords8">
		<include condition="$EXP[NonMaskedCoordinates]">Viewtype537_coords8_16:9</include>
		<include condition="String.IsEqual(Skin.AspectRatio,21:9)">Viewtype537_coords8_21:9</include>
		<include condition="$EXP[MaskedCoordinates]">Viewtype537_coords8_21:9_masked</include>
		<include condition="String.IsEqual(Skin.AspectRatio,4:3)">Viewtype537_coords8_4:3</include>
	</include>
	<include name="Viewtype537_coords8_16:9">
		<bottom>0</bottom>
		<left>7</left>
		<width>166</width>
		<height>166</height>
	</include>
	<include name="Viewtype537_coords8_21:9">
		<bottom>0</bottom>
		<left>4</left>
		<width>166</width>
		<height>166</height>
	</include>
	<include name="Viewtype537_coords8_21:9_masked">
		<bottom>0</bottom>
		<left>4</left>
		<width>166</width>
		<height>166</height>
	</include>
	<include name="Viewtype537_coords8_4:3">
		<bottom>0</bottom>
		<left>12</left>
		<width>166</width>
		<height>166</height>
	</include>

</includes>