<?xml version="1.0" encoding="UTF-8"?>
<includes>

	<include name="DialogExtendedProgressBar_coords1">
		<include condition="$EXP[NonMaskedCoordinates]">DialogExtendedProgressBar_coords1_16:9</include>
		<include condition="String.IsEqual(Skin.AspectRatio,21:9)">DialogExtendedProgressBar_coords1_21:9</include>
		<include condition="$EXP[MaskedCoordinates]">DialogExtendedProgressBar_coords1_21:9_masked</include>
		<include condition="String.IsEqual(Skin.AspectRatio,4:3)">DialogExtendedProgressBar_coords1_4:3</include>
	</include>
	<include name="DialogExtendedProgressBar_coords1_16:9">
		<right>-100</right>
		<top>90</top>
		<width>650</width>
		<height>75</height>
	</include>
	<include name="DialogExtendedProgressBar_coords1_21:9">
		<right>-100</right>
		<top>90</top>
		<width>650</width>
		<height>75</height>
	</include>
	<include name="DialogExtendedProgressBar_coords1_21:9_masked">
		<right>-100</right>
		<top>270</top>
		<width>650</width>
		<height>75</height>
	</include>
	<include name="DialogExtendedProgressBar_coords1_4:3">
		<right>-100</right>
		<top>90</top>
		<width>650</width>
		<height>75</height>
	</include>
	
	<include name="DialogExtendedProgressBar_coords2">
		<include condition="$EXP[NonMaskedCoordinates]">DialogExtendedProgressBar_coords2_16:9</include>
		<include condition="String.IsEqual(Skin.AspectRatio,21:9)">DialogExtendedProgressBar_coords2_21:9</include>
		<include condition="$EXP[MaskedCoordinates]">DialogExtendedProgressBar_coords2_21:9_masked</include>
		<include condition="String.IsEqual(Skin.AspectRatio,4:3)">DialogExtendedProgressBar_coords2_4:3</include>
	</include>
	<include name="DialogExtendedProgressBar_coords2_16:9">
		<right>10</right>
		<top>100</top>
		<width>530</width>
		<height>20</height>
	</include>
	<include name="DialogExtendedProgressBar_coords2_21:9">
		<right>10</right>
		<top>100</top>
		<width>530</width>
		<height>20</height>
	</include>
	<include name="DialogExtendedProgressBar_coords2_21:9_masked">
		<right>10</right>
		<top>280</top>
		<width>530</width>
		<height>20</height>
	</include>
	<include name="DialogExtendedProgressBar_coords2_4:3">
		<right>10</right>
		<top>100</top>
		<width>530</width>
		<height>20</height>
	</include>
	
	<include name="DialogExtendedProgressBar_coords3">
		<include condition="$EXP[NonMaskedCoordinates]">DialogExtendedProgressBar_coords3_16:9</include>
		<include condition="String.IsEqual(Skin.AspectRatio,21:9)">DialogExtendedProgressBar_coords3_21:9</include>
		<include condition="$EXP[MaskedCoordinates]">DialogExtendedProgressBar_coords3_21:9_masked</include>
		<include condition="String.IsEqual(Skin.AspectRatio,4:3)">DialogExtendedProgressBar_coords3_4:3</include>
	</include>
	<include name="DialogExtendedProgressBar_coords3_16:9">
		<right>10</right>
		<top>125</top>
		<width>530</width>
		<height>25</height>
	</include>
	<include name="DialogExtendedProgressBar_coords3_21:9">
		<right>10</right>
		<top>125</top>
		<width>530</width>
		<height>25</height>
	</include>
	<include name="DialogExtendedProgressBar_coords3_21:9_masked">
		<right>10</right>
		<top>305</top>
		<width>530</width>
		<height>25</height>
	</include>
	<include name="DialogExtendedProgressBar_coords3_4:3">
		<right>10</right>
		<top>125</top>
		<width>530</width>
		<height>25</height>
	</include>
	
	<include name="DialogExtendedProgressBar_coords4">
		<include condition="$EXP[NonMaskedCoordinates]">DialogExtendedProgressBar_coords4_16:9</include>
		<include condition="String.IsEqual(Skin.AspectRatio,21:9)">DialogExtendedProgressBar_coords4_21:9</include>
		<include condition="$EXP[MaskedCoordinates]">DialogExtendedProgressBar_coords4_21:9_masked</include>
		<include condition="String.IsEqual(Skin.AspectRatio,4:3)">DialogExtendedProgressBar_coords4_4:3</include>
	</include>
	<include name="DialogExtendedProgressBar_coords4_16:9">
		<right>0</right>
		<top>163</top>
		<width>550</width>
		<height>2</height>
	</include>
	<include name="DialogExtendedProgressBar_coords4_21:9">
		<right>0</right>
		<top>163</top>
		<width>550</width>
		<height>2</height>
	</include>
	<include name="DialogExtendedProgressBar_coords4_21:9_masked">
		<right>0</right>
		<top>343</top>
		<width>550</width>
		<height>2</height>
	</include>
	<include name="DialogExtendedProgressBar_coords4_4:3">
		<right>0</right>
		<top>163</top>
		<width>550</width>
		<height>2</height>
	</include>

</includes>