<?xml version="1.0" encoding="UTF-8"?>
<includes>
	
	<include name="Viewtype538_coords1">
		<include condition="$EXP[NonMaskedCoordinates]">Viewtype538_coords1_16:9</include>
		<include condition="String.IsEqual(Skin.AspectRatio,21:9)">Viewtype538_coords1_21:9</include>
		<include condition="$EXP[MaskedCoordinates]">Viewtype538_coords1_21:9_masked</include>
		<include condition="String.IsEqual(Skin.AspectRatio,4:3)">Viewtype538_coords1_4:3</include>
	</include>
	<include name="Viewtype538_coords1_16:9">
		<left>120</left>
		<top>190</top>
	</include>
	<include name="Viewtype538_coords1_21:9">
		<left>120</left>
		<top>190</top>
	</include>
	<include name="Viewtype538_coords1_21:9_masked">
		<left>120</left>
		<top>370</top>
	</include>
	<include name="Viewtype538_coords1_4:3">
		<left>120</left>
		<top>190</top>
	</include>
	
	<include name="Viewtype538_coords2">
		<include condition="$EXP[NonMaskedCoordinates]">Viewtype538_coords2_16:9</include>
		<include condition="String.IsEqual(Skin.AspectRatio,21:9)">Viewtype538_coords2_21:9</include>
		<include condition="$EXP[MaskedCoordinates]">Viewtype538_coords2_21:9_masked</include>
		<include condition="String.IsEqual(Skin.AspectRatio,4:3)">Viewtype538_coords2_4:3</include>
	</include>
	<include name="Viewtype538_coords2_16:9">
		<left>0</left>
		<top>52</top>
		<width>450</width>
		<height>45</height>
	</include>
	<include name="Viewtype538_coords2_21:9">
		<left>0</left>
		<top>52</top>
		<width>450</width>
		<height>45</height>
	</include>
	<include name="Viewtype538_coords2_21:9_masked">
		<left>0</left>
		<top>52</top>
		<width>450</width>
		<height>45</height>
	</include>
	<include name="Viewtype538_coords2_4:3">
		<left>0</left>
		<top>52</top>
		<width>450</width>
		<height>45</height>
	</include>
	
	<include name="Viewtype538_coords3">
		<include condition="$EXP[NonMaskedCoordinates]">Viewtype538_coords3_16:9</include>
		<include condition="String.IsEqual(Skin.AspectRatio,21:9)">Viewtype538_coords3_21:9</include>
		<include condition="$EXP[MaskedCoordinates]">Viewtype538_coords3_21:9_masked</include>
		<include condition="String.IsEqual(Skin.AspectRatio,4:3)">Viewtype538_coords3_4:3</include>
	</include>
	<include name="Viewtype538_coords3_16:9">
		<left>0</left>
		<top>131</top>
		<width>450</width>
		<height>27</height>
	</include>
	<include name="Viewtype538_coords3_21:9">
		<left>0</left>
		<top>131</top>
		<width>450</width>
		<height>27</height>
	</include>
	<include name="Viewtype538_coords3_21:9_masked">
		<left>0</left>
		<top>131</top>
		<width>450</width>
		<height>27</height>
	</include>
	<include name="Viewtype538_coords3_4:3">
		<left>0</left>
		<top>131</top>
		<width>450</width>
		<height>27</height>
	</include>
	
	<include name="Viewtype538_coords4">
		<include condition="$EXP[NonMaskedCoordinates]">Viewtype538_coords4_16:9</include>
		<include condition="String.IsEqual(Skin.AspectRatio,21:9)">Viewtype538_coords4_21:9</include>
		<include condition="$EXP[MaskedCoordinates]">Viewtype538_coords4_21:9_masked</include>
		<include condition="String.IsEqual(Skin.AspectRatio,4:3)">Viewtype538_coords4_4:3</include>
	</include>
	<include name="Viewtype538_coords4_16:9">
		<left>0</left>
		<top>173</top>
		<width>450</width>
		<height>27</height>
	</include>
	<include name="Viewtype538_coords4_21:9">
		<left>0</left>
		<top>173</top>
		<width>450</width>
		<height>27</height>
	</include>
	<include name="Viewtype538_coords4_21:9_masked">
		<left>0</left>
		<top>173</top>
		<width>450</width>
		<height>27</height>
	</include>
	<include name="Viewtype538_coords4_4:3">
		<left>0</left>
		<top>173</top>
		<width>450</width>
		<height>27</height>
	</include>
	
	<include name="Viewtype538_coords5">
		<include condition="$EXP[NonMaskedCoordinates]">Viewtype538_coords5_16:9</include>
		<include condition="String.IsEqual(Skin.AspectRatio,21:9)">Viewtype538_coords5_21:9</include>
		<include condition="$EXP[MaskedCoordinates]">Viewtype538_coords5_21:9_masked</include>
		<include condition="String.IsEqual(Skin.AspectRatio,4:3)">Viewtype538_coords5_4:3</include>
	</include>
	<include name="Viewtype538_coords5_16:9">
		<left>0</left>
		<top>350</top>
		<width>450</width>
		<height>45</height>
	</include>
	<include name="Viewtype538_coords5_21:9">
		<left>0</left>
		<top>350</top>
		<width>450</width>
		<height>45</height>
	</include>
	<include name="Viewtype538_coords5_21:9_masked">
		<left>0</left>
		<top>350</top>
		<width>450</width>
		<height>45</height>
	</include>
	<include name="Viewtype538_coords5_4:3">
		<left>0</left>
		<top>350</top>
		<width>450</width>
		<height>45</height>
	</include>
	
	<include name="Viewtype538_coords6">
		<include condition="$EXP[NonMaskedCoordinates]">Viewtype538_coords6_16:9</include>
		<include condition="String.IsEqual(Skin.AspectRatio,21:9)">Viewtype538_coords6_21:9</include>
		<include condition="$EXP[MaskedCoordinates]">Viewtype538_coords6_21:9_masked</include>
		<include condition="String.IsEqual(Skin.AspectRatio,4:3)">Viewtype538_coords6_4:3</include>
	</include>
	<include name="Viewtype538_coords6_16:9">
		<left>0</left>
		<top>234</top>
		<width>450</width>
		<height>414</height>
	</include>
	<include name="Viewtype538_coords6_21:9">
		<left>0</left>
		<top>234</top>
		<width>450</width>
		<height>414</height>
	</include>
	<include name="Viewtype538_coords6_21:9_masked">
		<left>0</left>
		<top>234</top>
		<width>450</width>
		<height>414</height>
	</include>
	<include name="Viewtype538_coords6_4:3">
		<left>0</left>
		<top>234</top>
		<width>450</width>
		<height>414</height>
	</include>
	
	<include name="Viewtype538_coords7">
		<include condition="$EXP[NonMaskedCoordinates]">Viewtype538_coords7_16:9</include>
		<include condition="String.IsEqual(Skin.AspectRatio,21:9)">Viewtype538_coords7_21:9</include>
		<include condition="$EXP[MaskedCoordinates]">Viewtype538_coords7_21:9_masked</include>
		<include condition="String.IsEqual(Skin.AspectRatio,4:3)">Viewtype538_coords7_4:3</include>
	</include>
	<include name="Viewtype538_coords7_16:9">
		<height>405</height>
	</include>
	<include name="Viewtype538_coords7_21:9">
		<height>405</height>
	</include>
	<include name="Viewtype538_coords7_21:9_masked">
		<height>405</height>
	</include>
	<include name="Viewtype538_coords7_4:3">
		<height>405</height>
	</include>
	
	<include name="Viewtype538_coords8">
		<include condition="$EXP[NonMaskedCoordinates]">Viewtype538_coords8_16:9</include>
		<include condition="String.IsEqual(Skin.AspectRatio,21:9)">Viewtype538_coords8_21:9</include>
		<include condition="$EXP[MaskedCoordinates]">Viewtype538_coords8_21:9_masked</include>
		<include condition="String.IsEqual(Skin.AspectRatio,4:3)">Viewtype538_coords8_4:3</include>
	</include>
	<include name="Viewtype538_coords8_16:9">
		<height>413</height>
	</include>
	<include name="Viewtype538_coords8_21:9">
		<height>413</height>
	</include>
	<include name="Viewtype538_coords8_21:9_masked">
		<height>413</height>
	</include>
	<include name="Viewtype538_coords8_4:3">
		<height>413</height>
	</include>
	
	<include name="Viewtype538_coords9">
		<include condition="$EXP[NonMaskedCoordinates]">Viewtype538_coords9_16:9</include>
		<include condition="String.IsEqual(Skin.AspectRatio,21:9)">Viewtype538_coords9_21:9</include>
		<include condition="$EXP[MaskedCoordinates]">Viewtype538_coords9_21:9_masked</include>
		<include condition="String.IsEqual(Skin.AspectRatio,4:3)">Viewtype538_coords9_4:3</include>
	</include>
	<include name="Viewtype538_coords9_16:9">
		<height>387</height>
	</include>
	<include name="Viewtype538_coords9_21:9">
		<height>387</height>
	</include>
	<include name="Viewtype538_coords9_21:9_masked">
		<height>387</height>
	</include>
	<include name="Viewtype538_coords9_4:3">
		<height>387</height>
	</include>
	
	<include name="Viewtype538_coords10">
		<include condition="$EXP[NonMaskedCoordinates]">Viewtype538_coords10_16:9</include>
		<include condition="String.IsEqual(Skin.AspectRatio,21:9)">Viewtype538_coords10_21:9</include>
		<include condition="$EXP[MaskedCoordinates]">Viewtype538_coords10_21:9_masked</include>
		<include condition="String.IsEqual(Skin.AspectRatio,4:3)">Viewtype538_coords10_4:3</include>
	</include>
	<include name="Viewtype538_coords10_16:9">
		<left>0</left>
		<top>194</top>
		<width>450</width>
		<height>454</height>
	</include>
	<include name="Viewtype538_coords10_21:9">
		<left>0</left>
		<top>194</top>
		<width>450</width>
		<height>454</height>
	</include>
	<include name="Viewtype538_coords10_21:9_masked">
		<left>0</left>
		<top>194</top>
		<width>450</width>
		<height>454</height>
	</include>
	<include name="Viewtype538_coords10_4:3">
		<left>0</left>
		<top>194</top>
		<width>450</width>
		<height>454</height>
	</include>
	
	<include name="Viewtype538_coords11">
		<include condition="$EXP[NonMaskedCoordinates]">Viewtype538_coords11_16:9</include>
		<include condition="String.IsEqual(Skin.AspectRatio,21:9)">Viewtype538_coords11_21:9</include>
		<include condition="$EXP[MaskedCoordinates]">Viewtype538_coords11_21:9_masked</include>
		<include condition="String.IsEqual(Skin.AspectRatio,4:3)">Viewtype538_coords11_4:3</include>
	</include>
	<include name="Viewtype538_coords11_16:9">
		<height>432</height>
	</include>
	<include name="Viewtype538_coords11_21:9">
		<height>432</height>
	</include>
	<include name="Viewtype538_coords11_21:9_masked">
		<height>432</height>
	</include>
	<include name="Viewtype538_coords11_4:3">
		<height>432</height>
	</include>
	
	<include name="Viewtype538_coords12">
		<include condition="$EXP[NonMaskedCoordinates]">Viewtype538_coords12_16:9</include>
		<include condition="String.IsEqual(Skin.AspectRatio,21:9)">Viewtype538_coords12_21:9</include>
		<include condition="$EXP[MaskedCoordinates]">Viewtype538_coords12_21:9_masked</include>
		<include condition="String.IsEqual(Skin.AspectRatio,4:3)">Viewtype538_coords12_4:3</include>
	</include>
	<include name="Viewtype538_coords12_16:9">
		<height>443</height>
	</include>
	<include name="Viewtype538_coords12_21:9">
		<height>443</height>
	</include>
	<include name="Viewtype538_coords12_21:9_masked">
		<height>443</height>
	</include>
	<include name="Viewtype538_coords12_4:3">
		<height>443</height>
	</include>
	
	<include name="Viewtype538_coords13">
		<include condition="$EXP[NonMaskedCoordinates]">Viewtype538_coords13_16:9</include>
		<include condition="String.IsEqual(Skin.AspectRatio,21:9)">Viewtype538_coords13_21:9</include>
		<include condition="$EXP[MaskedCoordinates]">Viewtype538_coords13_21:9_masked</include>
		<include condition="String.IsEqual(Skin.AspectRatio,4:3)">Viewtype538_coords13_4:3</include>
	</include>
	<include name="Viewtype538_coords13_16:9">
		<height>452</height>
	</include>
	<include name="Viewtype538_coords13_21:9">
		<height>452</height>
	</include>
	<include name="Viewtype538_coords13_21:9_masked">
		<height>452</height>
	</include>
	<include name="Viewtype538_coords13_4:3">
		<height>452</height>
	</include>
	
	<include name="Viewtype538_coords14">
		<include condition="$EXP[NonMaskedCoordinates]">Viewtype538_coords14_16:9</include>
		<include condition="String.IsEqual(Skin.AspectRatio,21:9)">Viewtype538_coords14_21:9</include>
		<include condition="$EXP[MaskedCoordinates]">Viewtype538_coords14_21:9_masked</include>
		<include condition="String.IsEqual(Skin.AspectRatio,4:3)">Viewtype538_coords14_4:3</include>
	</include>
	<include name="Viewtype538_coords14_16:9">
		<left>750</left>
		<centertop>50%</centertop>
		<width>1020</width>
		<height>720</height>
	</include>
	<include name="Viewtype538_coords14_21:9">
		<left>750</left>
		<centertop>50%</centertop>
		<width>1660</width>
		<height>720</height>
	</include>
	<include name="Viewtype538_coords14_21:9_masked">
		<left>750</left>
		<centertop>50%</centertop>
		<width>1660</width>
		<height>720</height>
	</include>
	<include name="Viewtype538_coords14_4:3">
		<left>750</left>
		<centertop>50%</centertop>
		<width>540</width>
		<height>720</height>
	</include>
	
	<include name="Viewtype538_coords15">
		<include condition="$EXP[NonMaskedCoordinates]">Viewtype538_coords15_16:9</include>
		<include condition="String.IsEqual(Skin.AspectRatio,21:9)">Viewtype538_coords15_21:9</include>
		<include condition="$EXP[MaskedCoordinates]">Viewtype538_coords15_21:9_masked</include>
		<include condition="String.IsEqual(Skin.AspectRatio,4:3)">Viewtype538_coords15_4:3</include>
	</include>
	<include name="Viewtype538_coords15_16:9">
		<itemlayout width="170" height="180">
			<!-- Image - Albums -->
			<include content="image-538">
				<param name="fallback">DefaultAlbumCover.png</param>
				<param name="colordiffuse">$VAR[DiffusePosterNF]</param>
				<param name="visible">Container.Content(albums)</param>
			</include>
			<!-- Image - Addons -->
			<include content="image-538">
				<param name="fallback">DefaultAddon.png</param>
				<param name="colordiffuse">$VAR[DiffusePosterNF]</param>
				<param name="visible">Container.Content(addons)</param>
			</include>
			<!-- Image - Artists -->
			<include content="image-538">
				<param name="fallback">DefaultArtist.png</param>
				<param name="colordiffuse">$VAR[DiffusePosterNF]</param>
				<param name="visible">Container.Content(artists)</param>
			</include>
			<!-- Image - Games -->
			<include content="image-538">
				<param name="fallback">DefaultAddonGame.png</param>
				<param name="colordiffuse">$VAR[DiffusePosterNF]</param>
				<param name="visible">Container.Content(games)</param>
			</include>
			<!-- Image - Videos -->
			<include content="image-538">
				<param name="fallback">DefaultVideo.png</param>
				<param name="colordiffuse">$VAR[DiffusePosterNF]</param>
				<param name="visible">Container.Content(videos)</param>
			</include>
			<!-- Watched status -->
			<control type="group">
				<left>13</left>
				<bottom>18</bottom>
				<width>144</width>
				<height>16</height>
				<control type="image">
					<texture background="true">views/OverlayBottomBar.png</texture>
					<colordiffuse>$VAR[DiffusePosterNF]</colordiffuse>
					<visible>[ListItem.IsFolder + Integer.IsGreater(ListItem.Property(WatchedEpisodes),0) + Integer.IsGreater(ListItem.Property(UnWatchedEpisodes),0)] | String.IsEqual(ListItem.Overlay,OverlayWatched.png) | ListItem.IsResumable | !String.IsEmpty(ListItem.PlayCount)</visible>
					<visible>[String.IsEqual(ListItem.DBTYPE,music) | String.IsEqual(ListItem.DBTYPE,song) | String.IsEqual(ListItem.DBTYPE,album) | String.IsEqual(ListItem.DBTYPE,artist)] + !Skin.HasSetting(MusicListenedToStatus) | [String.IsEqual(ListItem.DBTYPE,video) | String.IsEqual(ListItem.DBTYPE,movie) | String.IsEqual(ListItem.DBTYPE,set) | String.IsEqual(ListItem.DBTYPE,tvshow) | String.IsEqual(ListItem.DBTYPE,season) | String.IsEqual(ListItem.DBTYPE,episode) | String.IsEqual(ListItem.DBTYPE,musicvideo)] + !Skin.HasSetting(VideoWatchedStatus)</visible>
				</control>
				<control type="image">
					<width>16</width>
					<centerleft>72</centerleft>
					<texture background="true">$VAR[StatusOverlayWide]</texture>
					<colordiffuse>$VAR[DiffusePosterNF]</colordiffuse>
				</control>
			</control>
		</itemlayout>
	</include>
	<include name="Viewtype538_coords15_21:9">
		<itemlayout width="166" height="180">
			<!-- Image - Albums -->
			<include content="image-538">
				<param name="fallback">DefaultAlbumCover.png</param>
				<param name="colordiffuse">$VAR[DiffusePosterNF]</param>
				<param name="visible">Container.Content(albums)</param>
			</include>
			<!-- Image - Addons -->
			<include content="image-538">
				<param name="fallback">DefaultAddon.png</param>
				<param name="colordiffuse">$VAR[DiffusePosterNF]</param>
				<param name="visible">Container.Content(addons)</param>
			</include>
			<!-- Image - Artists -->
			<include content="image-538">
				<param name="fallback">DefaultArtist.png</param>
				<param name="colordiffuse">$VAR[DiffusePosterNF]</param>
				<param name="visible">Container.Content(artists)</param>
			</include>
			<!-- Image - Games -->
			<include content="image-538">
				<param name="fallback">DefaultAddonGame.png</param>
				<param name="colordiffuse">$VAR[DiffusePosterNF]</param>
				<param name="visible">Container.Content(games)</param>
			</include>
			<!-- Image - Videos -->
			<include content="image-538">
				<param name="fallback">DefaultVideo.png</param>
				<param name="colordiffuse">$VAR[DiffusePosterNF]</param>
				<param name="visible">Container.Content(videos)</param>
			</include>
			<!-- Watched status -->
			<control type="group">
				<left>11</left>
				<bottom>18</bottom>
				<width>144</width>
				<height>16</height>
				<control type="image">
					<texture background="true">views/OverlayBottomBar.png</texture>
					<colordiffuse>$VAR[DiffusePosterNF]</colordiffuse>
					<visible>[ListItem.IsFolder + Integer.IsGreater(ListItem.Property(WatchedEpisodes),0) + Integer.IsGreater(ListItem.Property(UnWatchedEpisodes),0)] | String.IsEqual(ListItem.Overlay,OverlayWatched.png) | ListItem.IsResumable | !String.IsEmpty(ListItem.PlayCount)</visible>
					<visible>[String.IsEqual(ListItem.DBTYPE,music) | String.IsEqual(ListItem.DBTYPE,song) | String.IsEqual(ListItem.DBTYPE,album) | String.IsEqual(ListItem.DBTYPE,artist)] + !Skin.HasSetting(MusicListenedToStatus) | [String.IsEqual(ListItem.DBTYPE,video) | String.IsEqual(ListItem.DBTYPE,movie) | String.IsEqual(ListItem.DBTYPE,set) | String.IsEqual(ListItem.DBTYPE,tvshow) | String.IsEqual(ListItem.DBTYPE,season) | String.IsEqual(ListItem.DBTYPE,episode) | String.IsEqual(ListItem.DBTYPE,musicvideo)] + !Skin.HasSetting(VideoWatchedStatus)</visible>
				</control>
				<control type="image">
					<width>16</width>
					<centerleft>72</centerleft>
					<texture background="true">$VAR[StatusOverlayWide]</texture>
					<colordiffuse>$VAR[DiffusePosterNF]</colordiffuse>
				</control>
			</control>
		</itemlayout>
	</include>
	<include name="Viewtype538_coords15_21:9_masked">
		<itemlayout width="166" height="180">
			<!-- Image - Albums -->
			<include content="image-538">
				<param name="fallback">DefaultAlbumCover.png</param>
				<param name="colordiffuse">$VAR[DiffusePosterNF]</param>
				<param name="visible">Container.Content(albums)</param>
			</include>
			<!-- Image - Addons -->
			<include content="image-538">
				<param name="fallback">DefaultAddon.png</param>
				<param name="colordiffuse">$VAR[DiffusePosterNF]</param>
				<param name="visible">Container.Content(addons)</param>
			</include>
			<!-- Image - Artists -->
			<include content="image-538">
				<param name="fallback">DefaultArtist.png</param>
				<param name="colordiffuse">$VAR[DiffusePosterNF]</param>
				<param name="visible">Container.Content(artists)</param>
			</include>
			<!-- Image - Games -->
			<include content="image-538">
				<param name="fallback">DefaultAddonGame.png</param>
				<param name="colordiffuse">$VAR[DiffusePosterNF]</param>
				<param name="visible">Container.Content(games)</param>
			</include>
			<!-- Image - Videos -->
			<include content="image-538">
				<param name="fallback">DefaultVideo.png</param>
				<param name="colordiffuse">$VAR[DiffusePosterNF]</param>
				<param name="visible">Container.Content(videos)</param>
			</include>
			<!-- Watched status -->
			<control type="group">
				<left>11</left>
				<bottom>18</bottom>
				<width>144</width>
				<height>16</height>
				<control type="image">
					<texture background="true">views/OverlayBottomBar.png</texture>
					<colordiffuse>$VAR[DiffusePosterNF]</colordiffuse>
					<visible>[ListItem.IsFolder + Integer.IsGreater(ListItem.Property(WatchedEpisodes),0) + Integer.IsGreater(ListItem.Property(UnWatchedEpisodes),0)] | String.IsEqual(ListItem.Overlay,OverlayWatched.png) | ListItem.IsResumable | !String.IsEmpty(ListItem.PlayCount)</visible>
					<visible>[String.IsEqual(ListItem.DBTYPE,music) | String.IsEqual(ListItem.DBTYPE,song) | String.IsEqual(ListItem.DBTYPE,album) | String.IsEqual(ListItem.DBTYPE,artist)] + !Skin.HasSetting(MusicListenedToStatus) | [String.IsEqual(ListItem.DBTYPE,video) | String.IsEqual(ListItem.DBTYPE,movie) | String.IsEqual(ListItem.DBTYPE,set) | String.IsEqual(ListItem.DBTYPE,tvshow) | String.IsEqual(ListItem.DBTYPE,season) | String.IsEqual(ListItem.DBTYPE,episode) | String.IsEqual(ListItem.DBTYPE,musicvideo)] + !Skin.HasSetting(VideoWatchedStatus)</visible>
				</control>
				<control type="image">
					<width>16</width>
					<centerleft>72</centerleft>
					<texture background="true">$VAR[StatusOverlayWide]</texture>
					<colordiffuse>$VAR[DiffusePosterNF]</colordiffuse>
				</control>
			</control>
		</itemlayout>
	</include>
	<include name="Viewtype538_coords15_4:3">
		<itemlayout width="180" height="180">
			<!-- Image - Albums -->
			<include content="image-538">
				<param name="fallback">DefaultAlbumCover.png</param>
				<param name="colordiffuse">$VAR[DiffusePosterNF]</param>
				<param name="visible">Container.Content(albums)</param>
			</include>
			<!-- Image - Addons -->
			<include content="image-538">
				<param name="fallback">DefaultAddon.png</param>
				<param name="colordiffuse">$VAR[DiffusePosterNF]</param>
				<param name="visible">Container.Content(addons)</param>
			</include>
			<!-- Image - Artists -->
			<include content="image-538">
				<param name="fallback">DefaultArtist.png</param>
				<param name="colordiffuse">$VAR[DiffusePosterNF]</param>
				<param name="visible">Container.Content(artists)</param>
			</include>
			<!-- Image - Games -->
			<include content="image-538">
				<param name="fallback">DefaultAddonGame.png</param>
				<param name="colordiffuse">$VAR[DiffusePosterNF]</param>
				<param name="visible">Container.Content(games)</param>
			</include>
			<!-- Image - Videos -->
			<include content="image-538">
				<param name="fallback">DefaultVideo.png</param>
				<param name="colordiffuse">$VAR[DiffusePosterNF]</param>
				<param name="visible">Container.Content(videos)</param>
			</include>
			<!-- Watched status -->
			<control type="group">
				<left>18</left>
				<bottom>18</bottom>
				<width>144</width>
				<height>16</height>
				<control type="image">
					<texture background="true">views/OverlayBottomBar.png</texture>
					<colordiffuse>$VAR[DiffusePosterNF]</colordiffuse>
					<visible>[ListItem.IsFolder + Integer.IsGreater(ListItem.Property(WatchedEpisodes),0) + Integer.IsGreater(ListItem.Property(UnWatchedEpisodes),0)] | String.IsEqual(ListItem.Overlay,OverlayWatched.png) | ListItem.IsResumable | !String.IsEmpty(ListItem.PlayCount)</visible>
					<visible>[String.IsEqual(ListItem.DBTYPE,music) | String.IsEqual(ListItem.DBTYPE,song) | String.IsEqual(ListItem.DBTYPE,album) | String.IsEqual(ListItem.DBTYPE,artist)] + !Skin.HasSetting(MusicListenedToStatus) | [String.IsEqual(ListItem.DBTYPE,video) | String.IsEqual(ListItem.DBTYPE,movie) | String.IsEqual(ListItem.DBTYPE,set) | String.IsEqual(ListItem.DBTYPE,tvshow) | String.IsEqual(ListItem.DBTYPE,season) | String.IsEqual(ListItem.DBTYPE,episode) | String.IsEqual(ListItem.DBTYPE,musicvideo)] + !Skin.HasSetting(VideoWatchedStatus)</visible>
				</control>
				<control type="image">
					<width>16</width>
					<centerleft>72</centerleft>
					<texture background="true">$VAR[StatusOverlayWide]</texture>
					<colordiffuse>$VAR[DiffusePosterNF]</colordiffuse>
				</control>
			</control>
		</itemlayout>
	</include>
	
	<include name="Viewtype538_coords16">
		<include condition="$EXP[NonMaskedCoordinates]">Viewtype538_coords16_16:9</include>
		<include condition="String.IsEqual(Skin.AspectRatio,21:9)">Viewtype538_coords16_21:9</include>
		<include condition="$EXP[MaskedCoordinates]">Viewtype538_coords16_21:9_masked</include>
		<include condition="String.IsEqual(Skin.AspectRatio,4:3)">Viewtype538_coords16_4:3</include>
	</include>
	<include name="Viewtype538_coords16_16:9">
		<focusedlayout width="170" height="180">
			<control type="group">
				<animation effect="zoom" start="90" end="100" center="auto" time="300" tween="back" easing="out" reversible="false">Focus</animation>
				<!-- Image - Albums -->
				<include content="image-538-focused">
					<param name="fallback">DefaultAlbumCover.png</param>
					<param name="visible">Container.Content(albums)</param>
					<param name="focused">True</param>
				</include>
				<!-- Image - Addons -->
				<include content="image-538-focused">
					<param name="fallback">DefaultAddon.png</param>
					<param name="visible">Container.Content(addons)</param>
					<param name="focused">True</param>
				</include>
				<!-- Image - Artists -->
				<include content="image-538-focused">
					<param name="fallback">DefaultArtist.png</param>
					<param name="visible">Container.Content(artists)</param>
					<param name="focused">True</param>
				</include>
				<!-- Image - Games -->
				<include content="image-538-focused">
					<param name="fallback">DefaultAddonGame.png</param>
					<param name="visible">Container.Content(games)</param>
					<param name="focused">True</param>
				</include>
				<!-- Image - Videos -->
				<include content="image-538-focused">
					<param name="fallback">DefaultVideo.png</param>
					<param name="visible">Container.Content(videos)</param>
					<param name="focused">True</param>
				</include>
				<!-- Watched status -->
				<control type="group">
					<left>5</left>
					<bottom>10</bottom>
					<width>160</width>
					<height>18</height>
					<control type="image">
						<texture background="true">views/OverlayBottomBar.png</texture>
						<visible>[ListItem.IsFolder + Integer.IsGreater(ListItem.Property(WatchedEpisodes),0) + Integer.IsGreater(ListItem.Property(UnWatchedEpisodes),0)] | String.IsEqual(ListItem.Overlay,OverlayWatched.png) | ListItem.IsResumable | !String.IsEmpty(ListItem.PlayCount)</visible>
						<visible>[String.IsEqual(ListItem.DBTYPE,music) | String.IsEqual(ListItem.DBTYPE,song) | String.IsEqual(ListItem.DBTYPE,album) | String.IsEqual(ListItem.DBTYPE,artist)] + !Skin.HasSetting(MusicListenedToStatus) | [String.IsEqual(ListItem.DBTYPE,video) | String.IsEqual(ListItem.DBTYPE,movie) | String.IsEqual(ListItem.DBTYPE,set) | String.IsEqual(ListItem.DBTYPE,tvshow) | String.IsEqual(ListItem.DBTYPE,season) | String.IsEqual(ListItem.DBTYPE,episode) | String.IsEqual(ListItem.DBTYPE,musicvideo)] + !Skin.HasSetting(VideoWatchedStatus)</visible>
					</control>
					<control type="image">
						<width>18</width>
						<centerleft>80</centerleft>
						<texture background="true">$VAR[StatusOverlayWide]</texture>
					</control>
				</control>
			</control>
		</focusedlayout>
	</include>
	<include name="Viewtype538_coords16_21:9">
		<focusedlayout width="166" height="180">
			<control type="group">
				<animation effect="zoom" start="90" end="100" center="auto" time="300" tween="back" easing="out" reversible="false">Focus</animation>
				<!-- Image - Albums -->
				<include content="image-538-focused">
					<param name="fallback">DefaultAlbumCover.png</param>
					<param name="visible">Container.Content(albums)</param>
					<param name="focused">True</param>
				</include>
				<!-- Image - Addons -->
				<include content="image-538-focused">
					<param name="fallback">DefaultAddon.png</param>
					<param name="visible">Container.Content(addons)</param>
					<param name="focused">True</param>
				</include>
				<!-- Image - Artists -->
				<include content="image-538-focused">
					<param name="fallback">DefaultArtist.png</param>
					<param name="visible">Container.Content(artists)</param>
					<param name="focused">True</param>
				</include>
				<!-- Image - Games -->
				<include content="image-538-focused">
					<param name="fallback">DefaultAddonGame.png</param>
					<param name="visible">Container.Content(games)</param>
					<param name="focused">True</param>
				</include>
				<!-- Image - Videos -->
				<include content="image-538-focused">
					<param name="fallback">DefaultVideo.png</param>
					<param name="visible">Container.Content(videos)</param>
					<param name="focused">True</param>
				</include>
				<!-- Watched status -->
				<control type="group">
					<left>3</left>
					<bottom>10</bottom>
					<width>160</width>
					<height>18</height>
					<control type="image">
						<texture background="true">views/OverlayBottomBar.png</texture>
						<visible>[ListItem.IsFolder + Integer.IsGreater(ListItem.Property(WatchedEpisodes),0) + Integer.IsGreater(ListItem.Property(UnWatchedEpisodes),0)] | String.IsEqual(ListItem.Overlay,OverlayWatched.png) | ListItem.IsResumable | !String.IsEmpty(ListItem.PlayCount)</visible>
						<visible>[String.IsEqual(ListItem.DBTYPE,music) | String.IsEqual(ListItem.DBTYPE,song) | String.IsEqual(ListItem.DBTYPE,album) | String.IsEqual(ListItem.DBTYPE,artist)] + !Skin.HasSetting(MusicListenedToStatus) | [String.IsEqual(ListItem.DBTYPE,video) | String.IsEqual(ListItem.DBTYPE,movie) | String.IsEqual(ListItem.DBTYPE,set) | String.IsEqual(ListItem.DBTYPE,tvshow) | String.IsEqual(ListItem.DBTYPE,season) | String.IsEqual(ListItem.DBTYPE,episode) | String.IsEqual(ListItem.DBTYPE,musicvideo)] + !Skin.HasSetting(VideoWatchedStatus)</visible>
					</control>
					<control type="image">
						<width>18</width>
						<centerleft>80</centerleft>
						<texture background="true">$VAR[StatusOverlayWide]</texture>
					</control>
				</control>
			</control>
		</focusedlayout>
	</include>
	<include name="Viewtype538_coords16_21:9_masked">
		<focusedlayout width="166" height="180">
			<control type="group">
				<animation effect="zoom" start="90" end="100" center="auto" time="300" tween="back" easing="out" reversible="false">Focus</animation>
				<!-- Image - Albums -->
				<include content="image-538-focused">
					<param name="fallback">DefaultAlbumCover.png</param>
					<param name="visible">Container.Content(albums)</param>
					<param name="focused">True</param>
				</include>
				<!-- Image - Addons -->
				<include content="image-538-focused">
					<param name="fallback">DefaultAddon.png</param>
					<param name="visible">Container.Content(addons)</param>
					<param name="focused">True</param>
				</include>
				<!-- Image - Artists -->
				<include content="image-538-focused">
					<param name="fallback">DefaultArtist.png</param>
					<param name="visible">Container.Content(artists)</param>
					<param name="focused">True</param>
				</include>
				<!-- Image - Games -->
				<include content="image-538-focused">
					<param name="fallback">DefaultAddonGame.png</param>
					<param name="visible">Container.Content(games)</param>
					<param name="focused">True</param>
				</include>
				<!-- Image - Videos -->
				<include content="image-538-focused">
					<param name="fallback">DefaultVideo.png</param>
					<param name="visible">Container.Content(videos)</param>
					<param name="focused">True</param>
				</include>
				<!-- Watched status -->
				<control type="group">
					<left>3</left>
					<bottom>10</bottom>
					<width>160</width>
					<height>18</height>
					<control type="image">
						<texture background="true">views/OverlayBottomBar.png</texture>
						<visible>[ListItem.IsFolder + Integer.IsGreater(ListItem.Property(WatchedEpisodes),0) + Integer.IsGreater(ListItem.Property(UnWatchedEpisodes),0)] | String.IsEqual(ListItem.Overlay,OverlayWatched.png) | ListItem.IsResumable | !String.IsEmpty(ListItem.PlayCount)</visible>
						<visible>[String.IsEqual(ListItem.DBTYPE,music) | String.IsEqual(ListItem.DBTYPE,song) | String.IsEqual(ListItem.DBTYPE,album) | String.IsEqual(ListItem.DBTYPE,artist)] + !Skin.HasSetting(MusicListenedToStatus) | [String.IsEqual(ListItem.DBTYPE,video) | String.IsEqual(ListItem.DBTYPE,movie) | String.IsEqual(ListItem.DBTYPE,set) | String.IsEqual(ListItem.DBTYPE,tvshow) | String.IsEqual(ListItem.DBTYPE,season) | String.IsEqual(ListItem.DBTYPE,episode) | String.IsEqual(ListItem.DBTYPE,musicvideo)] + !Skin.HasSetting(VideoWatchedStatus)</visible>
					</control>
					<control type="image">
						<width>18</width>
						<centerleft>80</centerleft>
						<texture background="true">$VAR[StatusOverlayWide]</texture>
					</control>
				</control>
			</control>
		</focusedlayout>
	</include>
	<include name="Viewtype538_coords16_4:3">
		<focusedlayout width="180" height="180">
			<control type="group">
				<animation effect="zoom" start="90" end="100" center="auto" time="300" tween="back" easing="out" reversible="false">Focus</animation>
				<!-- Image - Albums -->
				<include content="image-538-focused">
					<param name="fallback">DefaultAlbumCover.png</param>
					<param name="visible">Container.Content(albums)</param>
					<param name="focused">True</param>
				</include>
				<!-- Image - Addons -->
				<include content="image-538-focused">
					<param name="fallback">DefaultAddon.png</param>
					<param name="visible">Container.Content(addons)</param>
					<param name="focused">True</param>
				</include>
				<!-- Image - Artists -->
				<include content="image-538-focused">
					<param name="fallback">DefaultArtist.png</param>
					<param name="visible">Container.Content(artists)</param>
					<param name="focused">True</param>
				</include>
				<!-- Image - Games -->
				<include content="image-538-focused">
					<param name="fallback">DefaultAddonGame.png</param>
					<param name="visible">Container.Content(games)</param>
					<param name="focused">True</param>
				</include>
				<!-- Image - Videos -->
				<include content="image-538-focused">
					<param name="fallback">DefaultVideo.png</param>
					<param name="visible">Container.Content(videos)</param>
					<param name="focused">True</param>
				</include>
				<!-- Watched status -->
				<control type="group">
					<left>10</left>
					<bottom>10</bottom>
					<width>160</width>
					<height>18</height>
					<control type="image">
						<texture background="true">views/OverlayBottomBar.png</texture>
						<visible>[ListItem.IsFolder + Integer.IsGreater(ListItem.Property(WatchedEpisodes),0) + Integer.IsGreater(ListItem.Property(UnWatchedEpisodes),0)] | String.IsEqual(ListItem.Overlay,OverlayWatched.png) | ListItem.IsResumable | !String.IsEmpty(ListItem.PlayCount)</visible>
						<visible>[String.IsEqual(ListItem.DBTYPE,music) | String.IsEqual(ListItem.DBTYPE,song) | String.IsEqual(ListItem.DBTYPE,album) | String.IsEqual(ListItem.DBTYPE,artist)] + !Skin.HasSetting(MusicListenedToStatus) | [String.IsEqual(ListItem.DBTYPE,video) | String.IsEqual(ListItem.DBTYPE,movie) | String.IsEqual(ListItem.DBTYPE,set) | String.IsEqual(ListItem.DBTYPE,tvshow) | String.IsEqual(ListItem.DBTYPE,season) | String.IsEqual(ListItem.DBTYPE,episode) | String.IsEqual(ListItem.DBTYPE,musicvideo)] + !Skin.HasSetting(VideoWatchedStatus)</visible>
					</control>
					<control type="image">
						<width>18</width>
						<centerleft>80</centerleft>
						<texture background="true">$VAR[StatusOverlayWide]</texture>
					</control>
				</control>
			</control>
		</focusedlayout>
	</include>
	
	<include name="Viewtype538_coords17">
		<include condition="$EXP[NonMaskedCoordinates]">Viewtype538_coords17_16:9</include>
		<include condition="String.IsEqual(Skin.AspectRatio,21:9)">Viewtype538_coords17_21:9</include>
		<include condition="$EXP[MaskedCoordinates]">Viewtype538_coords17_21:9_masked</include>
		<include condition="String.IsEqual(Skin.AspectRatio,4:3)">Viewtype538_coords17_4:3</include>
	</include>
	<include name="Viewtype538_coords17_16:9">
		<bottom>18</bottom>
		<left>13</left>
		<width>144</width>
		<height>144</height>
	</include>
	<include name="Viewtype538_coords17_21:9">
		<bottom>18</bottom>
		<left>11</left>
		<width>144</width>
		<height>144</height>
	</include>
	<include name="Viewtype538_coords17_21:9_masked">
		<bottom>18</bottom>
		<left>11</left>
		<width>144</width>
		<height>144</height>
	</include>
	<include name="Viewtype538_coords17_4:3">
		<bottom>18</bottom>
		<left>18</left>
		<width>144</width>
		<height>144</height>
	</include>
	
	<include name="Viewtype538_coords18">
		<include condition="$EXP[NonMaskedCoordinates]">Viewtype538_coords18_16:9</include>
		<include condition="String.IsEqual(Skin.AspectRatio,21:9)">Viewtype538_coords18_21:9</include>
		<include condition="$EXP[MaskedCoordinates]">Viewtype538_coords18_21:9_masked</include>
		<include condition="String.IsEqual(Skin.AspectRatio,4:3)">Viewtype538_coords18_4:3</include>
	</include>
	<include name="Viewtype538_coords18_16:9">
		<bottom>10</bottom>
		<left>5</left>
		<width>160</width>
		<height>160</height>
	</include>
	<include name="Viewtype538_coords18_21:9">
		<bottom>10</bottom>
		<left>3</left>
		<width>160</width>
		<height>160</height>
	</include>
	<include name="Viewtype538_coords18_21:9_masked">
		<bottom>10</bottom>
		<left>3</left>
		<width>160</width>
		<height>160</height>
	</include>
	<include name="Viewtype538_coords18_4:3">
		<bottom>10</bottom>
		<left>10</left>
		<width>160</width>
		<height>160</height>
	</include>

</includes>