<?xml version="1.0" encoding="UTF-8"?>
<includes>

	<include name="MyPVRTimers_coords1">
		<include condition="$EXP[NonMaskedCoordinates]">MyPVRTimers_coords1_16:9</include>
		<include condition="String.IsEqual(Skin.AspectRatio,21:9)">MyPVRTimers_coords1_21:9</include>
		<include condition="$EXP[MaskedCoordinates]">MyPVRTimers_coords1_21:9_masked</include>
		<include condition="String.IsEqual(Skin.AspectRatio,4:3)">MyPVRTimers_coords1_4:3</include>
	</include>
	<include name="MyPVRTimers_coords1_16:9">
		<left>120</left>
		<top>226</top>
		<width>1680</width>
		<height>648</height>
	</include>
	<include name="MyPVRTimers_coords1_21:9">
		<left>120</left>
		<top>226</top>
		<width>2320</width>
		<height>648</height>
	</include>
	<include name="MyPVRTimers_coords1_21:9">
		<left>120</left>
		<top>406</top>
		<width>2320</width>
		<height>648</height>
	</include>
	<include name="MyPVRTimers_coords1_4:3">
		<left>120</left>
		<top>226</top>
		<width>1200</width>
		<height>648</height>
	</include>
	
	<include name="MyPVRTimers_coords2">
		<include condition="$EXP[NonMaskedCoordinates]">MyPVRTimers_coords2_16:9</include>
		<include condition="String.IsEqual(Skin.AspectRatio,21:9)">MyPVRTimers_coords2_21:9</include>
		<include condition="$EXP[MaskedCoordinates]">MyPVRTimers_coords2_21:9_masked</include>
		<include condition="String.IsEqual(Skin.AspectRatio,4:3)">MyPVRTimers_coords2_4:3</include>
	</include>
	<include name="MyPVRTimers_coords2_16:9">
		<itemlayout width="1680" height="108">

			<!-- Start date -->
			<control type="label">
				<left>20</left>
				<top>12</top>
				<width>280</width>
				<align>right</align>
				<font>Font33-light</font>
				<textcolor>$VAR[TextColorNF]</textcolor>
				<label>$INFO[ListItem.StartDate]</label>
			</control>

			<!-- Start time - End time -->
			<control type="label">
				<left>20</left>
				<top>62</top>
				<width>280</width>
				<height>27</height>
				<font>Font27-light</font>
				<align>right</align>
				<textcolor>$VAR[TextColorNF]</textcolor>
				<label>$INFO[ListItem.StartTime]$INFO[ListItem.EndTime, - ,]</label>
			</control>

			<!-- Thumb -->
			<control type="image">
				<left>266</left>
				<top>3</top>
				<width>181</width>
				<height>102</height>
				<aspectratio>scale</aspectratio>
				<texture fallback="pvr/NoImage.png">$INFO[ListItem.Thumb]</texture>
				<include>NonFocusImageFadeAnimation</include>
			</control>

			<!-- Program name -->
			<control type="label">
				<left>489</left>
				<top>12</top>
				<width>754</width>
				<font>Font33-light</font>
				<textcolor>$VAR[TextColorNF]</textcolor>
				<label>$INFO[ListItem.Label]</label>
			</control>

			<!-- Channel name -->
			<control type="label">
				<left>489</left>
				<top>62</top>
				<width>1191</width>
				<height>27</height>
				<font>Font27-light</font>
				<textcolor>$VAR[TextColorNF]</textcolor>
				<label>$INFO[ListItem.ChannelName]</label>
			</control>

			<!-- Program comment -->
			<control type="label">
				<left>1270</left>
				<top>12</top>
				<width>410</width>
				<align>right</align>
				<font>Font33-light</font>
				<textcolor>$VAR[TextColorNF]</textcolor>
				<label>$INFO[ListItem.Comment]</label>
			</control>

		</itemlayout>
	</include>
	<include name="MyPVRTimers_coords2_21:9">
		<itemlayout width="2320" height="108">

			<!-- Start date -->
			<control type="label">
				<left>20</left>
				<top>12</top>
				<width>280</width>
				<align>right</align>
				<font>Font33-light</font>
				<textcolor>$VAR[TextColorNF]</textcolor>
				<label>$INFO[ListItem.StartDate]</label>
			</control>

			<!-- Start time - End time -->
			<control type="label">
				<left>20</left>
				<top>62</top>
				<width>280</width>
				<height>27</height>
				<font>Font27-light</font>
				<align>right</align>
				<textcolor>$VAR[TextColorNF]</textcolor>
				<label>$INFO[ListItem.StartTime]$INFO[ListItem.EndTime, - ,]</label>
			</control>

			<!-- Thumb -->
			<control type="image">
				<left>266</left>
				<top>3</top>
				<width>181</width>
				<height>102</height>
				<aspectratio>scale</aspectratio>
				<texture fallback="pvr/NoImage.png">$INFO[ListItem.Thumb]</texture>
				<include>NonFocusImageFadeAnimation</include>
			</control>

			<!-- Program name -->
			<control type="label">
				<left>489</left>
				<top>12</top>
				<width>1074</width>
				<font>Font33-light</font>
				<textcolor>$VAR[TextColorNF]</textcolor>
				<label>$INFO[ListItem.Label]</label>
			</control>

			<!-- Channel name -->
			<control type="label">
				<left>489</left>
				<top>62</top>
				<width>1514</width>
				<height>27</height>
				<font>Font27-light</font>
				<textcolor>$VAR[TextColorNF]</textcolor>
				<label>$INFO[ListItem.ChannelName]</label>
			</control>

			<!-- Program comment -->
			<control type="label">
				<left>1570</left>
				<top>12</top>
				<width>730</width>
				<align>right</align>
				<font>Font33-light</font>
				<textcolor>$VAR[TextColorNF]</textcolor>
				<label>$INFO[ListItem.Comment]</label>
			</control>

		</itemlayout>
	</include>
	<include name="MyPVRTimers_coords2_21:9_masked">
		<itemlayout width="2320" height="108">

			<!-- Start date -->
			<control type="label">
				<left>20</left>
				<top>12</top>
				<width>280</width>
				<align>right</align>
				<font>Font33-light</font>
				<textcolor>$VAR[TextColorNF]</textcolor>
				<label>$INFO[ListItem.StartDate]</label>
			</control>

			<!-- Start time - End time -->
			<control type="label">
				<left>20</left>
				<top>62</top>
				<width>280</width>
				<height>27</height>
				<font>Font27-light</font>
				<align>right</align>
				<textcolor>$VAR[TextColorNF]</textcolor>
				<label>$INFO[ListItem.StartTime]$INFO[ListItem.EndTime, - ,]</label>
			</control>

			<!-- Thumb -->
			<control type="image">
				<left>266</left>
				<top>3</top>
				<width>181</width>
				<height>102</height>
				<aspectratio>scale</aspectratio>
				<texture fallback="pvr/NoImage.png">$INFO[ListItem.Thumb]</texture>
				<include>NonFocusImageFadeAnimation</include>
			</control>

			<!-- Program name -->
			<control type="label">
				<left>489</left>
				<top>12</top>
				<width>1074</width>
				<font>Font33-light</font>
				<textcolor>$VAR[TextColorNF]</textcolor>
				<label>$INFO[ListItem.Label]</label>
			</control>

			<!-- Channel name -->
			<control type="label">
				<left>489</left>
				<top>62</top>
				<width>1514</width>
				<height>27</height>
				<font>Font27-light</font>
				<textcolor>$VAR[TextColorNF]</textcolor>
				<label>$INFO[ListItem.ChannelName]</label>
			</control>

			<!-- Program comment -->
			<control type="label">
				<left>1570</left>
				<top>12</top>
				<width>730</width>
				<align>right</align>
				<font>Font33-light</font>
				<textcolor>$VAR[TextColorNF]</textcolor>
				<label>$INFO[ListItem.Comment]</label>
			</control>

		</itemlayout>
	</include>
	<include name="MyPVRTimers_coords2_4:3">
		<itemlayout width="1200" height="108">

			<!-- Start date -->
			<control type="label">
				<left>20</left>
				<top>12</top>
				<width>120</width>
				<align>right</align>
				<font>Font33-light</font>
				<textcolor>$VAR[TextColorNF]</textcolor>
				<label>$INFO[ListItem.StartDate]</label>
			</control>

			<!-- Start time - End time -->
			<control type="label">
				<left>20</left>
				<top>62</top>
				<width>120</width>
				<height>27</height>
				<font>Font27-light</font>
				<align>right</align>
				<textcolor>$VAR[TextColorNF]</textcolor>
				<label>$INFO[ListItem.StartTime]$INFO[ListItem.EndTime, - ,]</label>
			</control>

			<!-- Thumb -->
			<control type="image">
				<left>266</left>
				<top>3</top>
				<width>181</width>
				<height>102</height>
				<aspectratio>scale</aspectratio>
				<texture fallback="pvr/NoImage.png">$INFO[ListItem.Thumb]</texture>
				<include>NonFocusImageFadeAnimation</include>
			</control>

			<!-- Program name -->
			<control type="label">
				<left>489</left>
				<top>12</top>
				<width>434</width>
				<font>Font33-light</font>
				<textcolor>$VAR[TextColorNF]</textcolor>
				<label>$INFO[ListItem.Label]</label>
			</control>

			<!-- Channel name -->
			<control type="label">
				<left>489</left>
				<top>62</top>
				<width>711</width>
				<height>27</height>
				<font>Font27-light</font>
				<textcolor>$VAR[TextColorNF]</textcolor>
				<label>$INFO[ListItem.ChannelName]</label>
			</control>

			<!-- Program comment -->
			<control type="label">
				<left>910</left>
				<top>12</top>
				<width>270</width>
				<align>right</align>
				<font>Font33-light</font>
				<textcolor>$VAR[TextColorNF]</textcolor>
				<label>$INFO[ListItem.Comment]</label>
			</control>

		</itemlayout>
	</include>
	
	<include name="MyPVRTimers_coords3">
		<include condition="$EXP[NonMaskedCoordinates]">MyPVRTimers_coords3_16:9</include>
		<include condition="String.IsEqual(Skin.AspectRatio,21:9)">MyPVRTimers_coords3_21:9</include>
		<include condition="$EXP[MaskedCoordinates]">MyPVRTimers_coords3_21:9_masked</include>
		<include condition="String.IsEqual(Skin.AspectRatio,4:3)">MyPVRTimers_coords3_4:3</include>
	</include>
	<include name="MyPVRTimers_coords3_16:9">
		<focusedlayout width="1680" height="108">
			<control type="group">
				<include content="NonFocusFadeAnimation">
					<param name="id">50</param>
				</include>

				<!-- Start date -->
				<control type="label">
					<left>20</left>
					<top>12</top>
					<width>280</width>
					<align>right</align>
					<scroll>True</scroll>
					<label>$INFO[ListItem.StartDate]</label>
					<textcolor>$VAR[TextColorFO]</textcolor>
				</control>

				<!-- Start time - End time -->
				<control type="label">
					<left>20</left>
					<top>62</top>
					<width>280</width>
					<height>27</height>
					<font>Font27</font>
					<align>right</align>
					<textcolor>$VAR[TextColorFO]</textcolor>
					<scroll>True</scroll>
					<label>$INFO[ListItem.StartTime]$INFO[ListItem.EndTime, - ,]</label>
				</control>

				<!-- Thumb -->
				<control type="image">
					<left>266</left>
					<top>3</top>
					<width>181</width>
					<height>102</height>
					<aspectratio>scale</aspectratio>
					<texture fallback="pvr/NoImage.png">$INFO[ListItem.Thumb]</texture>
				</control>

				<!-- Program name -->
				<control type="label">
					<left>489</left>
					<top>12</top>
					<width>754</width>
					<font>Font33-bold</font>
					<scroll>True</scroll>
					<label>$INFO[ListItem.Label]</label>
					<textcolor>$VAR[TextColorFO]</textcolor>
				</control>
				
				<!-- Highlighting -->
				<control type="image">
					<left>489</left>
					<top>12</top>
					<width>754</width>
					<height>51</height>
					<texture colordiffuse="$VAR[TextColorFO]">$VAR[focus52]</texture>
				</control>

				<!-- Channel name -->
				<control type="label">
					<left>489</left>
					<top>62</top>
					<width>1191</width>
					<height>27</height>
					<font>Font27</font>
					<scroll>True</scroll>
					<textcolor>$VAR[TextColorFO]</textcolor>
					<label>$INFO[ListItem.ChannelName]</label>
				</control>

				<!-- Program comment -->
				<control type="label">
					<left>1270</left>
					<top>12</top>
					<width>410</width>
					<align>right</align>
					<scroll>True</scroll>
					<label>$INFO[ListItem.Comment]</label>
					<textcolor>$VAR[TextColorFO]</textcolor>
				</control>

			</control>
		</focusedlayout>
	</include>
	<include name="MyPVRTimers_coords3_21:9">
		<focusedlayout width="2320" height="108">
			<control type="group">
				<include content="NonFocusFadeAnimation">
					<param name="id">50</param>
				</include>

				<!-- Start date -->
				<control type="fadelabel">
					<left>20</left>
					<top>12</top>
					<width>280</width>
					<align>right</align>
					<scroll>True</scroll>
					<label>$INFO[ListItem.StartDate]</label>
					<textcolor>$VAR[TextColorFO]</textcolor>
				</control>

				<!-- Start time - End time -->
				<control type="fadelabel">
					<left>20</left>
					<top>62</top>
					<width>280</width>
					<height>27</height>
					<font>Font27</font>
					<align>right</align>
					<scroll>True</scroll>
					<textcolor>$VAR[TextColorFO]</textcolor>
					<label>$INFO[ListItem.StartTime]$INFO[ListItem.EndTime, - ,]</label>
				</control>

				<!-- Thumb -->
				<control type="image">
					<left>266</left>
					<top>3</top>
					<width>181</width>
					<height>102</height>
					<aspectratio>scale</aspectratio>
					<texture fallback="pvr/NoImage.png">$INFO[ListItem.Thumb]</texture>
				</control>

				<!-- Program name -->
				<control type="label">
					<left>489</left>
					<top>12</top>
					<width>1074</width>
					<font>Font33-bold</font>
					<scroll>True</scroll>
					<label>$INFO[ListItem.Label]</label>
					<textcolor>$VAR[TextColorFO]</textcolor>
				</control>
				
				<!-- Highlighting -->
				<control type="image">
					<left>489</left>
					<top>12</top>
					<width>1514</width>
					<height>51</height>
					<texture colordiffuse="$VAR[TextColorFO]">$VAR[focus52]</texture>
				</control>

				<!-- Channel name -->
				<control type="label">
					<left>489</left>
					<top>62</top>
					<width>1514</width>
					<height>27</height>
					<font>Font27</font>
					<scroll>True</scroll>
					<textcolor>$VAR[TextColorFO]</textcolor>
					<label>$INFO[ListItem.ChannelName]</label>
				</control>

				<!-- Program comment -->
				<control type="label">
					<left>1570</left>
					<top>12</top>
					<width>730</width>
					<align>right</align>
					<scroll>True</scroll>
					<label>$INFO[ListItem.Comment]</label>
					<textcolor>$VAR[TextColorFO]</textcolor>
				</control>

			</control>
		</focusedlayout>
	</include>
	<include name="MyPVRTimers_coords3_21:9_masked">
		<focusedlayout width="2320" height="108">
			<control type="group">
				<include content="NonFocusFadeAnimation">
					<param name="id">50</param>
				</include>

				<!-- Start date -->
				<control type="fadelabel">
					<left>20</left>
					<top>12</top>
					<width>280</width>
					<align>right</align>
					<scroll>True</scroll>
					<label>$INFO[ListItem.StartDate]</label>
					<textcolor>$VAR[TextColorFO]</textcolor>
				</control>

				<!-- Start time - End time -->
				<control type="fadelabel">
					<left>20</left>
					<top>62</top>
					<width>280</width>
					<height>27</height>
					<font>Font27</font>
					<align>right</align>
					<scroll>True</scroll>
					<textcolor>$VAR[TextColorFO]</textcolor>
					<label>$INFO[ListItem.StartTime]$INFO[ListItem.EndTime, - ,]</label>
				</control>

				<!-- Thumb -->
				<control type="image">
					<left>266</left>
					<top>3</top>
					<width>181</width>
					<height>102</height>
					<aspectratio>scale</aspectratio>
					<texture fallback="pvr/NoImage.png">$INFO[ListItem.Thumb]</texture>
				</control>

				<!-- Program name -->
				<control type="label">
					<left>489</left>
					<top>12</top>
					<width>1074</width>
					<font>Font33-bold</font>
					<scroll>True</scroll>
					<label>$INFO[ListItem.Label]</label>
					<textcolor>$VAR[TextColorFO]</textcolor>
				</control>
				
				<!-- Highlighting -->
				<control type="image">
					<left>489</left>
					<top>12</top>
					<width>1074</width>
					<height>51</height>
					<texture colordiffuse="$VAR[TextColorFO]">$VAR[focus52]</texture>
				</control>

				<!-- Channel name -->
				<control type="label">
					<left>489</left>
					<top>62</top>
					<width>1514</width>
					<height>27</height>
					<font>Font27</font>
					<scroll>True</scroll>
					<textcolor>$VAR[TextColorFO]</textcolor>
					<label>$INFO[ListItem.ChannelName]</label>
				</control>

				<!-- Program comment -->
				<control type="label">
					<left>1570</left>
					<top>12</top>
					<width>730</width>
					<align>right</align>
					<scroll>True</scroll>
					<label>$INFO[ListItem.Comment]</label>
					<textcolor>$VAR[TextColorFO]</textcolor>
				</control>

			</control>
		</focusedlayout>
	</include>
	<include name="MyPVRTimers_coords3_4:3">
		<focusedlayout width="1200" height="108">
			<control type="group">
				<include content="NonFocusFadeAnimation">
					<param name="id">50</param>
				</include>

				<!-- Start date -->
				<control type="label">
					<left>20</left>
					<top>12</top>
					<width>120</width>
					<align>right</align>
					<scroll>True</scroll>
					<label>$INFO[ListItem.StartDate]</label>
					<textcolor>$VAR[TextColorFO]</textcolor>
				</control>

				<!-- Start time - End time -->
				<control type="label">
					<left>20</left>
					<top>62</top>
					<width>120</width>
					<height>27</height>
					<font>Font27</font>
					<align>right</align>
					<scroll>True</scroll>
					<textcolor>$VAR[TextColorFO]</textcolor>
					<label>$INFO[ListItem.StartTime]$INFO[ListItem.EndTime, - ,]</label>
				</control>

				<!-- Thumb -->
				<control type="image">
					<left>266</left>
					<top>3</top>
					<width>181</width>
					<height>102</height>
					<aspectratio>scale</aspectratio>
					<texture fallback="pvr/NoImage.png">$INFO[ListItem.Thumb]</texture>
				</control>

				<!-- Program name -->
				<control type="label">
					<left>489</left>
					<top>12</top>
					<width>434</width>
					<font>Font33-bold</font>
					<scroll>True</scroll>
					<label>$INFO[ListItem.Label]</label>
					<textcolor>$VAR[TextColorFO]</textcolor>
				</control>
				
				<!-- Highlighting -->
				<control type="image">
					<left>489</left>
					<top>12</top>
					<width>434</width>
					<height>51</height>
					<texture colordiffuse="$VAR[TextColorFO]">$VAR[focus52]</texture>
				</control>

				<!-- Channel name -->
				<control type="label">
					<left>489</left>
					<top>62</top>
					<width>711</width>
					<height>27</height>
					<font>Font27</font>
					<scroll>True</scroll>
					<textcolor>$VAR[TextColorFO]</textcolor>
					<label>$INFO[ListItem.ChannelName]</label>
				</control>

				<!-- Program comment -->
				<control type="label">
					<left>910</left>
					<top>12</top>
					<width>270</width>
					<align>right</align>
					<scroll>True</scroll>
					<label>$INFO[ListItem.Comment]</label>
					<textcolor>$VAR[TextColorFO]</textcolor>
				</control>

			</control>
		</focusedlayout>
	</include>
	
	<include name="MyPVRTimers_coords4">
		<include condition="$EXP[NonMaskedCoordinates]">MyPVRTimers_coords4_16:9</include>
		<include condition="String.IsEqual(Skin.AspectRatio,21:9)">MyPVRTimers_coords4_21:9</include>
		<include condition="$EXP[MaskedCoordinates]">MyPVRTimers_coords4_21:9_masked</include>
		<include condition="String.IsEqual(Skin.AspectRatio,4:3)">MyPVRTimers_coords4_4:3</include>
	</include>
	<include name="MyPVRTimers_coords4_16:9">
		<left>1821</left>
		<top>246</top>
		<width>20</width>
		<height>608</height>
	</include>
	<include name="MyPVRTimers_coords4_21:9">
		<left>2461</left>
		<top>246</top>
		<width>20</width>
		<height>608</height>
	</include>
	<include name="MyPVRTimers_coords4_21:9_masked">
		<left>2461</left>
		<top>426</top>
		<width>20</width>
		<height>608</height>
	</include>
	<include name="MyPVRTimers_coords4_4:3">
		<left>1341</left>
		<top>246</top>
		<width>20</width>
		<height>608</height>
	</include>
	
	<include name="MyPVRTimers_coords5">
		<include condition="$EXP[NonMaskedCoordinates]">MyPVRTimers_coords5_16:9</include>
		<include condition="String.IsEqual(Skin.AspectRatio,21:9)">MyPVRTimers_coords5_21:9</include>
		<include condition="$EXP[MaskedCoordinates]">MyPVRTimers_coords5_21:9_masked</include>
		<include condition="String.IsEqual(Skin.AspectRatio,4:3)">MyPVRTimers_coords5_4:3</include>
	</include>
	<include name="MyPVRTimers_coords5_16:9">
		<right>120</right>
		<bottom>110</bottom>
		<width>800</width>
		<height>44</height>
	</include>
	<include name="MyPVRTimers_coords5_21:9">
		<right>120</right>
		<bottom>110</bottom>
		<width>800</width>
		<height>44</height>
	</include>
	<include name="MyPVRTimers_coords5_21:9_masked">
		<right>120</right>
		<bottom>290</bottom>
		<width>800</width>
		<height>44</height>
	</include>
	<include name="MyPVRTimers_coords5_4:3">
		<right>120</right>
		<bottom>110</bottom>
		<width>800</width>
		<height>44</height>
	</include>

</includes>