<?xml version="1.0" encoding="UTF-8"?>
<includes>
	
	<include name="Viewtype531_coords1">
		<include condition="$EXP[NonMaskedCoordinates]">Viewtype531_coords1_16:9</include>
		<include condition="String.IsEqual(Skin.AspectRatio,21:9)">Viewtype531_coords1_21:9</include>
		<include condition="$EXP[MaskedCoordinates]">Viewtype531_coords1_21:9_masked</include>
		<include condition="String.IsEqual(Skin.AspectRatio,4:3)">Viewtype531_coords1_4:3</include>
	</include>
	<include name="Viewtype531_coords1_16:9">
		<left>120</left>
		<top>190</top>
	</include>
	<include name="Viewtype531_coords1_21:9">
		<left>120</left>
		<top>190</top>
	</include>
	<include name="Viewtype531_coords1_21:9_masked">
		<left>120</left>
		<top>370</top>
	</include>
	<include name="Viewtype531_coords1_4:3">
		<left>120</left>
		<top>190</top>
	</include>
	
	<include name="Viewtype531_coords2">
		<include condition="$EXP[NonMaskedCoordinates]">Viewtype531_coords2_16:9</include>
		<include condition="String.IsEqual(Skin.AspectRatio,21:9)">Viewtype531_coords2_21:9</include>
		<include condition="$EXP[MaskedCoordinates]">Viewtype531_coords2_21:9_masked</include>
		<include condition="String.IsEqual(Skin.AspectRatio,4:3)">Viewtype531_coords2_4:3</include>
	</include>
	<include name="Viewtype531_coords2_16:9">
		<left>0</left>
		<top>52</top>
		<width>450</width>
		<height>45</height>
	</include>
	<include name="Viewtype531_coords2_21:9">
		<left>0</left>
		<top>52</top>
		<width>450</width>
		<height>45</height>
	</include>
	<include name="Viewtype531_coords2_21:9_masked">
		<left>0</left>
		<top>52</top>
		<width>450</width>
		<height>45</height>
	</include>
	<include name="Viewtype531_coords2_4:3">
		<left>0</left>
		<top>52</top>
		<width>450</width>
		<height>45</height>
	</include>
	
	<include name="Viewtype531_coords3">
		<include condition="$EXP[NonMaskedCoordinates]">Viewtype531_coords3_16:9</include>
		<include condition="String.IsEqual(Skin.AspectRatio,21:9)">Viewtype531_coords3_21:9</include>
		<include condition="$EXP[MaskedCoordinates]">Viewtype531_coords3_21:9_masked</include>
		<include condition="String.IsEqual(Skin.AspectRatio,4:3)">Viewtype531_coords3_4:3</include>
	</include>
	<include name="Viewtype531_coords3_16:9">
		<left>0</left>
		<top>131</top>
		<width>450</width>
		<height>27</height>
	</include>
	<include name="Viewtype531_coords3_21:9">
		<left>0</left>
		<top>131</top>
		<width>450</width>
		<height>27</height>
	</include>
	<include name="Viewtype531_coords3_21:9_masked">
		<left>0</left>
		<top>131</top>
		<width>450</width>
		<height>27</height>
	</include>
	<include name="Viewtype531_coords3_4:3">
		<left>0</left>
		<top>131</top>
		<width>450</width>
		<height>27</height>
	</include>
	
	<include name="Viewtype531_coords4">
		<include condition="$EXP[NonMaskedCoordinates]">Viewtype531_coords4_16:9</include>
		<include condition="String.IsEqual(Skin.AspectRatio,21:9)">Viewtype531_coords4_21:9</include>
		<include condition="$EXP[MaskedCoordinates]">Viewtype531_coords4_21:9_masked</include>
		<include condition="String.IsEqual(Skin.AspectRatio,4:3)">Viewtype531_coords4_4:3</include>
	</include>
	<include name="Viewtype531_coords4_16:9">
		<left>0</left>
		<top>173</top>
		<width>450</width>
		<height>27</height>
	</include>
	<include name="Viewtype531_coords4_21:9">
		<left>0</left>
		<top>173</top>
		<width>450</width>
		<height>27</height>
	</include>
	<include name="Viewtype531_coords4_21:9_masked">
		<left>0</left>
		<top>173</top>
		<width>450</width>
		<height>27</height>
	</include>
	<include name="Viewtype531_coords4_4:3">
		<left>0</left>
		<top>173</top>
		<width>450</width>
		<height>27</height>
	</include>
	
	<include name="Viewtype531_coords5">
		<include condition="$EXP[NonMaskedCoordinates]">Viewtype531_coords5_16:9</include>
		<include condition="String.IsEqual(Skin.AspectRatio,21:9)">Viewtype531_coords5_21:9</include>
		<include condition="$EXP[MaskedCoordinates]">Viewtype531_coords5_21:9_masked</include>
		<include condition="String.IsEqual(Skin.AspectRatio,4:3)">Viewtype531_coords5_4:3</include>
	</include>
	<include name="Viewtype531_coords5_16:9">
		<left>0</left>
		<top>350</top>
		<width>450</width>
		<height>45</height>
	</include>
	<include name="Viewtype531_coords5_21:9">
		<left>0</left>
		<top>350</top>
		<width>450</width>
		<height>45</height>
	</include>
	<include name="Viewtype531_coords5_21:9_masked">
		<left>0</left>
		<top>350</top>
		<width>450</width>
		<height>45</height>
	</include>
	<include name="Viewtype531_coords5_4:3">
		<left>0</left>
		<top>350</top>
		<width>450</width>
		<height>45</height>
	</include>
	
	<include name="Viewtype531_coords6">
		<include condition="$EXP[NonMaskedCoordinates]">Viewtype531_coords6_16:9</include>
		<include condition="String.IsEqual(Skin.AspectRatio,21:9)">Viewtype531_coords6_21:9</include>
		<include condition="$EXP[MaskedCoordinates]">Viewtype531_coords6_21:9_masked</include>
		<include condition="String.IsEqual(Skin.AspectRatio,4:3)">Viewtype531_coords6_4:3</include>
	</include>
	<include name="Viewtype531_coords6_16:9">
		<left>0</left>
		<top>234</top>
		<width>450</width>
		<height>414</height>
	</include>
	<include name="Viewtype531_coords6_21:9">
		<left>0</left>
		<top>234</top>
		<width>450</width>
		<height>414</height>
	</include>
	<include name="Viewtype531_coords6_21:9_masked">
		<left>0</left>
		<top>234</top>
		<width>450</width>
		<height>414</height>
	</include>
	<include name="Viewtype531_coords6_4:3">
		<left>0</left>
		<top>234</top>
		<width>450</width>
		<height>414</height>
	</include>
	
	<include name="Viewtype531_coords7">
		<include condition="$EXP[NonMaskedCoordinates]">Viewtype531_coords7_16:9</include>
		<include condition="String.IsEqual(Skin.AspectRatio,21:9)">Viewtype531_coords7_21:9</include>
		<include condition="$EXP[MaskedCoordinates]">Viewtype531_coords7_21:9_masked</include>
		<include condition="String.IsEqual(Skin.AspectRatio,4:3)">Viewtype531_coords7_4:3</include>
	</include>
	<include name="Viewtype531_coords7_16:9">
		<height>407</height>
	</include>
	<include name="Viewtype531_coords7_21:9">
		<height>407</height>
	</include>
	<include name="Viewtype531_coords7_21:9_masked">
		<height>407</height>
	</include>
	<include name="Viewtype531_coords7_4:3">
		<height>407</height>
	</include>
	
	<include name="Viewtype531_coords8">
		<include condition="$EXP[NonMaskedCoordinates]">Viewtype531_coords8_16:9</include>
		<include condition="String.IsEqual(Skin.AspectRatio,21:9)">Viewtype531_coords8_21:9</include>
		<include condition="$EXP[MaskedCoordinates]">Viewtype531_coords8_21:9_masked</include>
		<include condition="String.IsEqual(Skin.AspectRatio,4:3)">Viewtype531_coords8_4:3</include>
	</include>
	<include name="Viewtype531_coords8_16:9">
		<height>385</height>
	</include>
	<include name="Viewtype531_coords8_21:9">
		<height>385</height>
	</include>
	<include name="Viewtype531_coords8_21:9_masked">
		<height>385</height>
	</include>
	<include name="Viewtype531_coords8_4:3">
		<height>385</height>
	</include>
	
	<include name="Viewtype531_coords9">
		<include condition="$EXP[NonMaskedCoordinates]">Viewtype531_coords9_16:9</include>
		<include condition="String.IsEqual(Skin.AspectRatio,21:9)">Viewtype531_coords9_21:9</include>
		<include condition="$EXP[MaskedCoordinates]">Viewtype531_coords9_21:9_masked</include>
		<include condition="String.IsEqual(Skin.AspectRatio,4:3)">Viewtype531_coords9_4:3</include>
	</include>
	<include name="Viewtype531_coords9_16:9">
		<height>388</height>
	</include>
	<include name="Viewtype531_coords9_21:9">
		<height>388</height>
	</include>
	<include name="Viewtype531_coords9_21:9_masked">
		<height>388</height>
	</include>
	<include name="Viewtype531_coords9_4:3">
		<height>388</height>
	</include>
	
	<include name="Viewtype531_coords10">
		<include condition="$EXP[NonMaskedCoordinates]">Viewtype531_coords10_16:9</include>
		<include condition="String.IsEqual(Skin.AspectRatio,21:9)">Viewtype531_coords10_21:9</include>
		<include condition="$EXP[MaskedCoordinates]">Viewtype531_coords10_21:9_masked</include>
		<include condition="String.IsEqual(Skin.AspectRatio,4:3)">Viewtype531_coords10_4:3</include>
	</include>
	<include name="Viewtype531_coords10_16:9">
		<left>0</left>
		<top>194</top>
		<width>450</width>
		<height>454</height>
	</include>
	<include name="Viewtype531_coords10_21:9">
		<left>0</left>
		<top>194</top>
		<width>450</width>
		<height>454</height>
	</include>
	<include name="Viewtype531_coords10_21:9_masked">
		<left>0</left>
		<top>194</top>
		<width>450</width>
		<height>454</height>
	</include>
	<include name="Viewtype531_coords10_4:3">
		<left>0</left>
		<top>194</top>
		<width>450</width>
		<height>454</height>
	</include>
	
	<include name="Viewtype531_coords11">
		<include condition="$EXP[NonMaskedCoordinates]">Viewtype531_coords11_16:9</include>
		<include condition="String.IsEqual(Skin.AspectRatio,21:9)">Viewtype531_coords11_21:9</include>
		<include condition="$EXP[MaskedCoordinates]">Viewtype531_coords11_21:9_masked</include>
		<include condition="String.IsEqual(Skin.AspectRatio,4:3)">Viewtype531_coords11_4:3</include>
	</include>
	<include name="Viewtype531_coords11_16:9">
		<height>440</height>
	</include>
	<include name="Viewtype531_coords11_21:9">
		<height>440</height>
	</include>
	<include name="Viewtype531_coords11_21:9_masked">
		<height>440</height>
	</include>
	<include name="Viewtype531_coords11_4:3">
		<height>440</height>
	</include>
	
	<include name="Viewtype531_coords12">
		<include condition="$EXP[NonMaskedCoordinates]">Viewtype531_coords12_16:9</include>
		<include condition="String.IsEqual(Skin.AspectRatio,21:9)">Viewtype531_coords12_21:9</include>
		<include condition="$EXP[MaskedCoordinates]">Viewtype531_coords12_21:9_masked</include>
		<include condition="String.IsEqual(Skin.AspectRatio,4:3)">Viewtype531_coords12_4:3</include>
	</include>
	<include name="Viewtype531_coords12_16:9">
		<height>420</height>
	</include>
	<include name="Viewtype531_coords12_21:9">
		<height>420</height>
	</include>
	<include name="Viewtype531_coords12_21:9_masked">
		<height>420</height>
	</include>
	<include name="Viewtype531_coords12_4:3">
		<height>420</height>
	</include>
	
	<include name="Viewtype531_coords13">
		<include condition="$EXP[NonMaskedCoordinates]">Viewtype531_coords13_16:9</include>
		<include condition="String.IsEqual(Skin.AspectRatio,21:9)">Viewtype531_coords13_21:9</include>
		<include condition="$EXP[MaskedCoordinates]">Viewtype531_coords13_21:9_masked</include>
		<include condition="String.IsEqual(Skin.AspectRatio,4:3)">Viewtype531_coords13_4:3</include>
	</include>
	<include name="Viewtype531_coords13_16:9">
		<height>437</height>
	</include>
	<include name="Viewtype531_coords13_21:9">
		<height>437</height>
	</include>
	<include name="Viewtype531_coords13_21:9_masked">
		<height>437</height>
	</include>
	<include name="Viewtype531_coords13_4:3">
		<height>437</height>
	</include>
	
	<include name="Viewtype531_coords14">
		<include condition="$EXP[NonMaskedCoordinates]">Viewtype531_coords14_16:9</include>
		<include condition="String.IsEqual(Skin.AspectRatio,21:9)">Viewtype531_coords14_21:9</include>
		<include condition="$EXP[MaskedCoordinates]">Viewtype531_coords14_21:9_masked</include>
		<include condition="String.IsEqual(Skin.AspectRatio,4:3)">Viewtype531_coords14_4:3</include>
	</include>
	<include name="Viewtype531_coords14_16:9">
		<left>750</left>
		<centertop>50%</centertop>
		<width>1020</width>
		<height>720</height>
	</include>
	<include name="Viewtype531_coords14_21:9">
		<left>750</left>
		<centertop>50%</centertop>
		<width>1660</width>
		<height>720</height>
	</include>
	<include name="Viewtype531_coords14_21:9_masked">
		<left>750</left>
		<centertop>50%</centertop>
		<width>1660</width>
		<height>720</height>
	</include>
	<include name="Viewtype531_coords14_4:3">
		<left>750</left>
		<centertop>50%</centertop>
		<width>540</width>
		<height>720</height>
	</include>
	
	<include name="Viewtype531_coords15">
		<include condition="$EXP[NonMaskedCoordinates]">Viewtype531_coords15_16:9</include>
		<include condition="String.IsEqual(Skin.AspectRatio,21:9)">Viewtype531_coords15_21:9</include>
		<include condition="$EXP[MaskedCoordinates]">Viewtype531_coords15_21:9_masked</include>
		<include condition="String.IsEqual(Skin.AspectRatio,4:3)">Viewtype531_coords15_4:3</include>
	</include>
	<include name="Viewtype531_coords15_16:9">
		<itemlayout width="255" height="360">
			<!-- Image - Movies -->
			<include content="image-531">
				<param name="fallback">DefaultMovie.png</param>
				<param name="colordiffuse">$VAR[DiffusePosterNF]</param>
				<param name="visible">Container.Content(movies) | Container.Content(sets)</param>
			</include>
			<!-- Image - TV -->
			<include content="image-531">
				<param name="fallback">DefaultTVShows.png</param>
				<param name="colordiffuse">$VAR[DiffusePosterNF]</param>
				<param name="visible">Container.Content(tvshows) | Container.Content(seasons)</param>
			</include>
			<!-- Watched status -->
			<control type="group">
				<left>20</left>
				<bottom>18</bottom>
				<width>216</width>
				<height>24</height>
				<control type="image">
					<texture background="true">views/OverlayBottomBar.png</texture>
					<colordiffuse>$VAR[DiffusePosterNF]</colordiffuse>
					<visible>[ListItem.IsFolder + Integer.IsGreater(ListItem.Property(WatchedEpisodes),0) + Integer.IsGreater(ListItem.Property(UnWatchedEpisodes),0)] | String.IsEqual(ListItem.Overlay,OverlayWatched.png) | ListItem.IsResumable | !String.IsEmpty(ListItem.PlayCount)</visible>
					<visible>[String.IsEqual(ListItem.DBTYPE,music) | String.IsEqual(ListItem.DBTYPE,song) | String.IsEqual(ListItem.DBTYPE,album) | String.IsEqual(ListItem.DBTYPE,artist)] + !Skin.HasSetting(MusicListenedToStatus) | [String.IsEqual(ListItem.DBTYPE,video) | String.IsEqual(ListItem.DBTYPE,movie) | String.IsEqual(ListItem.DBTYPE,set) | String.IsEqual(ListItem.DBTYPE,tvshow) | String.IsEqual(ListItem.DBTYPE,season) | String.IsEqual(ListItem.DBTYPE,episode) | String.IsEqual(ListItem.DBTYPE,musicvideo)] + !Skin.HasSetting(VideoWatchedStatus)</visible>
				</control>
				<control type="image">
					<width>24</width>
					<centerleft>108</centerleft>
					<texture background="true">$VAR[StatusOverlayWide]</texture>
					<colordiffuse>$VAR[DiffusePosterNF]</colordiffuse>
				</control>
			</control>
		</itemlayout>
	</include>
	<include name="Viewtype531_coords15_21:9">
		<itemlayout width="276" height="360">
			<!-- Image - Movies -->
			<include content="image-531">
				<param name="fallback">DefaultMovie.png</param>
				<param name="colordiffuse">$VAR[DiffusePosterNF]</param>
				<param name="visible">Container.Content(movies) | Container.Content(sets)</param>
			</include>
			<!-- Image - TV -->
			<include content="image-531">
				<param name="fallback">DefaultTVShows.png</param>
				<param name="colordiffuse">$VAR[DiffusePosterNF]</param>
				<param name="visible">Container.Content(tvshows) | Container.Content(seasons)</param>
			</include>
			<!-- Watched status -->
			<control type="group">
				<left>30</left>
				<bottom>18</bottom>
				<width>216</width>
				<height>24</height>
				<control type="image">
					<texture background="true">views/OverlayBottomBar.png</texture>
					<colordiffuse>$VAR[DiffusePosterNF]</colordiffuse>
					<visible>[ListItem.IsFolder + Integer.IsGreater(ListItem.Property(WatchedEpisodes),0) + Integer.IsGreater(ListItem.Property(UnWatchedEpisodes),0)] | String.IsEqual(ListItem.Overlay,OverlayWatched.png) | ListItem.IsResumable | !String.IsEmpty(ListItem.PlayCount)</visible>
					<visible>[String.IsEqual(ListItem.DBTYPE,music) | String.IsEqual(ListItem.DBTYPE,song) | String.IsEqual(ListItem.DBTYPE,album) | String.IsEqual(ListItem.DBTYPE,artist)] + !Skin.HasSetting(MusicListenedToStatus) | [String.IsEqual(ListItem.DBTYPE,video) | String.IsEqual(ListItem.DBTYPE,movie) | String.IsEqual(ListItem.DBTYPE,set) | String.IsEqual(ListItem.DBTYPE,tvshow) | String.IsEqual(ListItem.DBTYPE,season) | String.IsEqual(ListItem.DBTYPE,episode) | String.IsEqual(ListItem.DBTYPE,musicvideo)] + !Skin.HasSetting(VideoWatchedStatus)</visible>
				</control>
				<control type="image">
					<width>24</width>
					<centerleft>108</centerleft>
					<texture background="true">$VAR[StatusOverlayWide]</texture>
					<colordiffuse>$VAR[DiffusePosterNF]</colordiffuse>
				</control>
			</control>
		</itemlayout>
	</include><include name="Viewtype531_coords15_21:9_masked">
		<itemlayout width="276" height="360">
			<!-- Image - Movies -->
			<include content="image-531">
				<param name="fallback">DefaultMovie.png</param>
				<param name="colordiffuse">$VAR[DiffusePosterNF]</param>
				<param name="visible">Container.Content(movies) | Container.Content(sets)</param>
			</include>
			<!-- Image - TV -->
			<include content="image-531">
				<param name="fallback">DefaultTVShows.png</param>
				<param name="colordiffuse">$VAR[DiffusePosterNF]</param>
				<param name="visible">Container.Content(tvshows) | Container.Content(seasons)</param>
			</include>
			<!-- Watched status -->
			<control type="group">
				<left>30</left>
				<bottom>18</bottom>
				<width>216</width>
				<height>24</height>
				<control type="image">
					<texture background="true">views/OverlayBottomBar.png</texture>
					<colordiffuse>$VAR[DiffusePosterNF]</colordiffuse>
					<visible>[ListItem.IsFolder + Integer.IsGreater(ListItem.Property(WatchedEpisodes),0) + Integer.IsGreater(ListItem.Property(UnWatchedEpisodes),0)] | String.IsEqual(ListItem.Overlay,OverlayWatched.png) | ListItem.IsResumable | !String.IsEmpty(ListItem.PlayCount)</visible>
					<visible>[String.IsEqual(ListItem.DBTYPE,music) | String.IsEqual(ListItem.DBTYPE,song) | String.IsEqual(ListItem.DBTYPE,album) | String.IsEqual(ListItem.DBTYPE,artist)] + !Skin.HasSetting(MusicListenedToStatus) | [String.IsEqual(ListItem.DBTYPE,video) | String.IsEqual(ListItem.DBTYPE,movie) | String.IsEqual(ListItem.DBTYPE,set) | String.IsEqual(ListItem.DBTYPE,tvshow) | String.IsEqual(ListItem.DBTYPE,season) | String.IsEqual(ListItem.DBTYPE,episode) | String.IsEqual(ListItem.DBTYPE,musicvideo)] + !Skin.HasSetting(VideoWatchedStatus)</visible>
				</control>
				<control type="image">
					<width>24</width>
					<centerleft>108</centerleft>
					<texture background="true">$VAR[StatusOverlayWide]</texture>
					<colordiffuse>$VAR[DiffusePosterNF]</colordiffuse>
				</control>
			</control>
		</itemlayout>
	</include>
	<include name="Viewtype531_coords15_4:3">
		<itemlayout width="270" height="360">
			<!-- Image - Movies -->
			<include content="image-531">
				<param name="fallback">DefaultMovie.png</param>
				<param name="colordiffuse">$VAR[DiffusePosterNF]</param>
				<param name="visible">Container.Content(movies) | Container.Content(sets)</param>
			</include>
			<!-- Image - TV -->
			<include content="image-531">
				<param name="fallback">DefaultTVShows.png</param>
				<param name="colordiffuse">$VAR[DiffusePosterNF]</param>
				<param name="visible">Container.Content(tvshows) | Container.Content(seasons)</param>
			</include>
			<!-- Watched status -->
			<control type="group">
				<left>27</left>
				<bottom>18</bottom>
				<width>216</width>
				<height>24</height>
				<control type="image">
					<texture background="true">views/OverlayBottomBar.png</texture>
					<colordiffuse>$VAR[DiffusePosterNF]</colordiffuse>
					<visible>[ListItem.IsFolder + Integer.IsGreater(ListItem.Property(WatchedEpisodes),0) + Integer.IsGreater(ListItem.Property(UnWatchedEpisodes),0)] | String.IsEqual(ListItem.Overlay,OverlayWatched.png) | ListItem.IsResumable | !String.IsEmpty(ListItem.PlayCount)</visible>
					<visible>[String.IsEqual(ListItem.DBTYPE,music) | String.IsEqual(ListItem.DBTYPE,song) | String.IsEqual(ListItem.DBTYPE,album) | String.IsEqual(ListItem.DBTYPE,artist)] + !Skin.HasSetting(MusicListenedToStatus) | [String.IsEqual(ListItem.DBTYPE,video) | String.IsEqual(ListItem.DBTYPE,movie) | String.IsEqual(ListItem.DBTYPE,set) | String.IsEqual(ListItem.DBTYPE,tvshow) | String.IsEqual(ListItem.DBTYPE,season) | String.IsEqual(ListItem.DBTYPE,episode) | String.IsEqual(ListItem.DBTYPE,musicvideo)] + !Skin.HasSetting(VideoWatchedStatus)</visible>
				</control>
				<control type="image">
					<width>24</width>
					<centerleft>108</centerleft>
					<texture background="true">$VAR[StatusOverlayWide]</texture>
					<colordiffuse>$VAR[DiffusePosterNF]</colordiffuse>
				</control>
			</control>
		</itemlayout>
	</include>
	
	<include name="Viewtype531_coords16">
		<include condition="$EXP[NonMaskedCoordinates]">Viewtype531_coords16_16:9</include>
		<include condition="String.IsEqual(Skin.AspectRatio,21:9)">Viewtype531_coords16_21:9</include>
		<include condition="$EXP[MaskedCoordinates]">Viewtype531_coords16_21:9_masked</include>
		<include condition="String.IsEqual(Skin.AspectRatio,4:3)">Viewtype531_coords16_4:3</include>
	</include>
	<include name="Viewtype531_coords16_16:9">
		<focusedlayout width="255" height="360">
			<control type="group">
				<animation effect="zoom" start="90" end="100" center="auto" time="300" tween="back" easing="out" reversible="false">Focus</animation>
				<!-- Image - Movies -->
				<include content="image-531-focused">
					<param name="fallback">DefaultMovie.png</param>
					<param name="visible">Container.Content(movies) | Container.Content(sets)</param>
				</include>
				<!-- Image - TV -->
				<include content="image-531-focused">
					<param name="fallback">DefaultTVShows.png</param>
					<param name="visible">Container.Content(tvshows) | Container.Content(seasons)</param>
				</include>
				<!-- Watched status -->
				<control type="group">
					<left>8</left>
					<bottom>0</bottom>
					<width>240</width>
					<height>26</height>
					<control type="image">
						<texture background="true">views/OverlayBottomBar.png</texture>
						<visible>[ListItem.IsFolder + Integer.IsGreater(ListItem.Property(WatchedEpisodes),0) + Integer.IsGreater(ListItem.Property(UnWatchedEpisodes),0)] | String.IsEqual(ListItem.Overlay,OverlayWatched.png) | ListItem.IsResumable | !String.IsEmpty(ListItem.PlayCount)</visible>
						<visible>[String.IsEqual(ListItem.DBTYPE,music) | String.IsEqual(ListItem.DBTYPE,song) | String.IsEqual(ListItem.DBTYPE,album) | String.IsEqual(ListItem.DBTYPE,artist)] + !Skin.HasSetting(MusicListenedToStatus) | [String.IsEqual(ListItem.DBTYPE,video) | String.IsEqual(ListItem.DBTYPE,movie) | String.IsEqual(ListItem.DBTYPE,set) | String.IsEqual(ListItem.DBTYPE,tvshow) | String.IsEqual(ListItem.DBTYPE,season) | String.IsEqual(ListItem.DBTYPE,episode) | String.IsEqual(ListItem.DBTYPE,musicvideo)] + !Skin.HasSetting(VideoWatchedStatus)</visible>
					</control>
					<control type="image">
						<width>26</width>
						<centerleft>120</centerleft>
						<texture background="true">$VAR[StatusOverlayWide]</texture>
					</control>
				</control>
			</control>
		</focusedlayout>
	</include>
	<include name="Viewtype531_coords16_21:9">
		<focusedlayout width="276" height="360">
			<control type="group">
				<animation effect="zoom" start="90" end="100" center="auto" time="300" tween="back" easing="out" reversible="false">Focus</animation>
				<!-- Image - Movies -->
				<include content="image-531-focused">
					<param name="fallback">DefaultMovie.png</param>
					<param name="visible">Container.Content(movies) | Container.Content(sets)</param>
				</include>
				<!-- Image - TV -->
				<include content="image-531-focused">
					<param name="fallback">DefaultTVShows.png</param>
					<param name="visible">Container.Content(tvshows) | Container.Content(seasons)</param>
				</include>
				<!-- Watched status -->
				<control type="group">
					<left>18</left>
					<bottom>0</bottom>
					<width>240</width>
					<height>26</height>
					<control type="image">
						<texture background="true">views/OverlayBottomBar.png</texture>
						<visible>[ListItem.IsFolder + Integer.IsGreater(ListItem.Property(WatchedEpisodes),0) + Integer.IsGreater(ListItem.Property(UnWatchedEpisodes),0)] | String.IsEqual(ListItem.Overlay,OverlayWatched.png) | ListItem.IsResumable | !String.IsEmpty(ListItem.PlayCount)</visible>
						<visible>[String.IsEqual(ListItem.DBTYPE,music) | String.IsEqual(ListItem.DBTYPE,song) | String.IsEqual(ListItem.DBTYPE,album) | String.IsEqual(ListItem.DBTYPE,artist)] + !Skin.HasSetting(MusicListenedToStatus) | [String.IsEqual(ListItem.DBTYPE,video) | String.IsEqual(ListItem.DBTYPE,movie) | String.IsEqual(ListItem.DBTYPE,set) | String.IsEqual(ListItem.DBTYPE,tvshow) | String.IsEqual(ListItem.DBTYPE,season) | String.IsEqual(ListItem.DBTYPE,episode) | String.IsEqual(ListItem.DBTYPE,musicvideo)] + !Skin.HasSetting(VideoWatchedStatus)</visible>
					</control>
					<control type="image">
						<width>26</width>
						<centerleft>120</centerleft>
						<texture background="true">$VAR[StatusOverlayWide]</texture>
					</control>
				</control>
			</control>
		</focusedlayout>
	</include>
	<include name="Viewtype531_coords16_21:9_masked">
		<focusedlayout width="276" height="360">
			<control type="group">
				<animation effect="zoom" start="90" end="100" center="auto" time="300" tween="back" easing="out" reversible="false">Focus</animation>
				<!-- Image - Movies -->
				<include content="image-531-focused">
					<param name="fallback">DefaultMovie.png</param>
					<param name="visible">Container.Content(movies) | Container.Content(sets)</param>
				</include>
				<!-- Image - TV -->
				<include content="image-531-focused">
					<param name="fallback">DefaultTVShows.png</param>
					<param name="visible">Container.Content(tvshows) | Container.Content(seasons)</param>
				</include>
				<!-- Watched status -->
				<control type="group">
					<left>18</left>
					<bottom>0</bottom>
					<width>240</width>
					<height>26</height>
					<control type="image">
						<texture background="true">views/OverlayBottomBar.png</texture>
						<visible>[ListItem.IsFolder + Integer.IsGreater(ListItem.Property(WatchedEpisodes),0) + Integer.IsGreater(ListItem.Property(UnWatchedEpisodes),0)] | String.IsEqual(ListItem.Overlay,OverlayWatched.png) | ListItem.IsResumable | !String.IsEmpty(ListItem.PlayCount)</visible>
						<visible>[String.IsEqual(ListItem.DBTYPE,music) | String.IsEqual(ListItem.DBTYPE,song) | String.IsEqual(ListItem.DBTYPE,album) | String.IsEqual(ListItem.DBTYPE,artist)] + !Skin.HasSetting(MusicListenedToStatus) | [String.IsEqual(ListItem.DBTYPE,video) | String.IsEqual(ListItem.DBTYPE,movie) | String.IsEqual(ListItem.DBTYPE,set) | String.IsEqual(ListItem.DBTYPE,tvshow) | String.IsEqual(ListItem.DBTYPE,season) | String.IsEqual(ListItem.DBTYPE,episode) | String.IsEqual(ListItem.DBTYPE,musicvideo)] + !Skin.HasSetting(VideoWatchedStatus)</visible>
					</control>
					<control type="image">
						<width>26</width>
						<centerleft>120</centerleft>
						<texture background="true">$VAR[StatusOverlayWide]</texture>
					</control>
				</control>
			</control>
		</focusedlayout>
	</include>
	<include name="Viewtype531_coords16_4:3">
		<focusedlayout width="270" height="360">
			<control type="group">
				<animation effect="zoom" start="90" end="100" center="auto" time="300" tween="back" easing="out" reversible="false">Focus</animation>
				<!-- Image - Movies -->
				<include content="image-531-focused">
					<param name="fallback">DefaultMovie.png</param>
					<param name="visible">Container.Content(movies) | Container.Content(sets)</param>
				</include>
				<!-- Image - TV -->
				<include content="image-531-focused">
					<param name="fallback">DefaultTVShows.png</param>
					<param name="visible">Container.Content(tvshows) | Container.Content(seasons)</param>
				</include>
				<!-- Watched status -->
				<control type="group">
					<left>8</left>
					<bottom>0</bottom>
					<width>240</width>
					<height>26</height>
					<control type="image">
						<texture background="true">views/OverlayBottomBar.png</texture>
						<visible>[ListItem.IsFolder + Integer.IsGreater(ListItem.Property(WatchedEpisodes),0) + Integer.IsGreater(ListItem.Property(UnWatchedEpisodes),0)] | String.IsEqual(ListItem.Overlay,OverlayWatched.png) | ListItem.IsResumable | !String.IsEmpty(ListItem.PlayCount)</visible>
						<visible>[String.IsEqual(ListItem.DBTYPE,music) | String.IsEqual(ListItem.DBTYPE,song) | String.IsEqual(ListItem.DBTYPE,album) | String.IsEqual(ListItem.DBTYPE,artist)] + !Skin.HasSetting(MusicListenedToStatus) | [String.IsEqual(ListItem.DBTYPE,video) | String.IsEqual(ListItem.DBTYPE,movie) | String.IsEqual(ListItem.DBTYPE,set) | String.IsEqual(ListItem.DBTYPE,tvshow) | String.IsEqual(ListItem.DBTYPE,season) | String.IsEqual(ListItem.DBTYPE,episode) | String.IsEqual(ListItem.DBTYPE,musicvideo)] + !Skin.HasSetting(VideoWatchedStatus)</visible>
					</control>
					<control type="image">
						<width>26</width>
						<centerleft>120</centerleft>
						<texture background="true">$VAR[StatusOverlayWide]</texture>
					</control>
				</control>
			</control>
		</focusedlayout>
	</include>
	
	<include name="Viewtype531_coords17">
		<include condition="$EXP[NonMaskedCoordinates]">Viewtype531_coords17_16:9</include>
		<include condition="String.IsEqual(Skin.AspectRatio,21:9)">Viewtype531_coords17_21:9</include>
		<include condition="$EXP[MaskedCoordinates]">Viewtype531_coords17_21:9_masked</include>
		<include condition="String.IsEqual(Skin.AspectRatio,4:3)">Viewtype531_coords17_4:3</include>
	</include>
	<include name="Viewtype531_coords17_16:9">
		<bottom>18</bottom>
		<left>20</left>
		<width>216</width>
		<height>324</height>
	</include>
	<include name="Viewtype531_coords17_21:9">
		<bottom>18</bottom>
		<left>30</left>
		<width>216</width>
		<height>324</height>
	</include>
	<include name="Viewtype531_coords17_21:9_masked">
		<bottom>18</bottom>
		<left>30</left>
		<width>216</width>
		<height>324</height>
	</include>
	<include name="Viewtype531_coords17_4:3">
		<bottom>18</bottom>
		<left>27</left>
		<width>216</width>
		<height>324</height>
	</include>
	
	<include name="Viewtype531_coords18">
		<include condition="$EXP[NonMaskedCoordinates]">Viewtype531_coords18_16:9</include>
		<include condition="String.IsEqual(Skin.AspectRatio,21:9)">Viewtype531_coords18_21:9</include>
		<include condition="$EXP[MaskedCoordinates]">Viewtype531_coords18_21:9_masked</include>
		<include condition="String.IsEqual(Skin.AspectRatio,4:3)">Viewtype531_coords18_4:3</include>
	</include>
	<include name="Viewtype531_coords18_16:9">
		<bottom>0</bottom>
		<left>8</left>
		<width>240</width>
		<height>360</height>
	</include>
	<include name="Viewtype531_coords18_21:9">
		<bottom>0</bottom>
		<left>18</left>
		<width>240</width>
		<height>360</height>
	</include>
	<include name="Viewtype531_coords18_21:9_masked">
		<bottom>0</bottom>
		<left>18</left>
		<width>240</width>
		<height>360</height>
	</include>
	<include name="Viewtype531_coords18_4:3">
		<bottom>0</bottom>
		<left>8</left>
		<width>240</width>
		<height>360</height>
	</include>

</includes>