<?xml version="1.0" encoding="UTF-8"?>
<includes>
	
	<include name="Viewtype51_coords1">
		<include condition="$EXP[NonMaskedCoordinates]">Viewtype51_coords1_16:9</include>
		<include condition="String.IsEqual(Skin.AspectRatio,21:9)">Viewtype51_coords1_21:9</include>
		<include condition="$EXP[MaskedCoordinates]">Viewtype51_coords1_21:9_masked</include>
		<include condition="String.IsEqual(Skin.AspectRatio,4:3)">Viewtype51_coords1_4:3</include>
	</include>
	<include name="Viewtype51_coords1_16:9">
		<left>750</left>
		<centertop>50%</centertop>
		<width>1050</width>
		<height>720</height>
	</include>
	<include name="Viewtype51_coords1_21:9">
		<left>750</left>
		<centertop>50%</centertop>
		<width>1690</width>
		<height>720</height>
	</include>
	<include name="Viewtype51_coords1_21:9_masked">
		<left>750</left>
		<centertop>50%</centertop>
		<width>1690</width>
		<height>720</height>
	</include>
	<include name="Viewtype51_coords1_4:3">
		<left>750</left>
		<centertop>50%</centertop>
		<width>570</width>
		<height>720</height>
	</include>
	
	<include name="Viewtype51_coords2">
		<include condition="$EXP[NonMaskedCoordinates]">Viewtype51_coords2_16:9</include>
		<include condition="String.IsEqual(Skin.AspectRatio,21:9)">Viewtype51_coords2_21:9</include>
		<include condition="$EXP[MaskedCoordinates]">Viewtype51_coords2_21:9_masked</include>
		<include condition="String.IsEqual(Skin.AspectRatio,4:3)">Viewtype51_coords2_4:3</include>
	</include>
	<include name="Viewtype51_coords2_16:9">
		<itemlayout height="72" width="1050">
			<control type="label">
				<left>32</left>
				<top>0</top>
				<width>1018</width>
				<height>72</height>
				<font>Font36-light</font>
				<label>$VAR[Label1]</label>
				<textcolor>$VAR[TextColorNF]</textcolor>
			</control>
			<!-- Watched status -->
			<control type="image">
				<left>0</left>
				<top>25</top>
				<width>22</width>
				<height>22</height>
				<texture>$VAR[StatusOverlay]</texture>
				<aspectratio align="center" aligny="center">keep</aspectratio>
				<colordiffuse>$VAR[TextColorNF]</colordiffuse>
				<include>NonFocusImageFadeAnimation</include>
			</control>
		</itemlayout>
	</include>
	<include name="Viewtype51_coords2_21:9">
		<itemlayout height="72" width="1690">
			<control type="label">
				<left>32</left>
				<top>0</top>
				<width>1658</width>
				<height>72</height>
				<font>Font36-light</font>
				<label>$VAR[Label1]</label>
				<textcolor>$VAR[TextColorNF]</textcolor>
			</control>
			<!-- Watched status -->
			<control type="image">
				<left>0</left>
				<top>25</top>
				<width>22</width>
				<height>22</height>
				<texture>$VAR[StatusOverlay]</texture>
				<aspectratio align="center" aligny="center">keep</aspectratio>
				<colordiffuse>$VAR[TextColorNF]</colordiffuse>
				<include>NonFocusImageFadeAnimation</include>
			</control>
		</itemlayout>
	</include>
	<include name="Viewtype51_coords2_21:9_masked">
		<itemlayout height="72" width="1690">
			<control type="label">
				<left>32</left>
				<top>0</top>
				<width>1658</width>
				<height>72</height>
				<font>Font36-light</font>
				<label>$VAR[Label1]</label>
				<textcolor>$VAR[TextColorNF]</textcolor>
			</control>
			<!-- Watched status -->
			<control type="image">
				<left>0</left>
				<top>25</top>
				<width>22</width>
				<height>22</height>
				<texture>$VAR[StatusOverlay]</texture>
				<aspectratio align="center" aligny="center">keep</aspectratio>
				<colordiffuse>$VAR[TextColorNF]</colordiffuse>
				<include>NonFocusImageFadeAnimation</include>
			</control>
		</itemlayout>
	</include>
	<include name="Viewtype51_coords2_4:3">
		<itemlayout height="72" width="570">
			<control type="label">
				<left>32</left>
				<top>0</top>
				<width>1018</width>
				<height>72</height>
				<font>Font36-light</font>
				<label>$VAR[Label1]</label>
				<textcolor>$VAR[TextColorNF]</textcolor>
			</control>
			<!-- Watched status -->
			<control type="image">
				<left>0</left>
				<top>25</top>
				<width>22</width>
				<height>22</height>
				<texture>$VAR[StatusOverlay]</texture>
				<aspectratio align="center" aligny="center">keep</aspectratio>
				<colordiffuse>$VAR[TextColorNF]</colordiffuse>
				<include>NonFocusImageFadeAnimation</include>
			</control>
		</itemlayout>
	</include>
	
	<include name="Viewtype51_coords3">
		<include condition="$EXP[NonMaskedCoordinates]">Viewtype51_coords3_16:9</include>
		<include condition="String.IsEqual(Skin.AspectRatio,21:9)">Viewtype51_coords3_21:9</include>
		<include condition="$EXP[MaskedCoordinates]">Viewtype51_coords3_21:9_masked</include>
		<include condition="String.IsEqual(Skin.AspectRatio,4:3)">Viewtype51_coords3_4:3</include>
	</include>
	<include name="Viewtype51_coords3_16:9">
		<focusedlayout height="144" width="1050">
			<control type="group">
				<include content="NonFocusFadeAnimation">
					<param name="id">51</param>
				</include>
				<control type="group">
					<visible>String.IsEmpty(Control.GetLabel(5100))</visible>
					<control type="label">
						<left>32</left>
						<top>12</top>
						<width>1018</width>
						<height>120</height>
						<font>Font72-bold</font>
						<label>$VAR[Label1]</label>
						<textcolor>$VAR[TextColorFO]</textcolor>
						<scroll>True</scroll>
						<scrollspeed>120</scrollspeed>
					</control>
					<control type="image">
						<left>32</left>
						<top>12</top>
						<width>1018</width>
						<height>120</height>
						<texture colordiffuse="$VAR[TextColorFO]">$VAR[focus120]</texture>
						<visible>!ListItem.IsParentFolder</visible>
					</control>
				</control>
				<control type="group">
					<visible>!String.IsEmpty(Control.GetLabel(5100))</visible>
					<control type="label">
						<left>32</left>
						<top>25</top>
						<width>1018</width>
						<height>48</height>
						<font>Font48-bold</font>
						<label>$VAR[Label1]</label>
						<textcolor>$VAR[TextColorFO]</textcolor>
						<scroll>True</scroll>
					</control>
					<control type="image">
						<left>32</left>
						<top>25</top>
						<width>1018</width>
						<height>58</height>
						<texture colordiffuse="$VAR[TextColorFO]">$VAR[focus58]</texture>
						<visible>!ListItem.IsParentFolder</visible>
					</control>
					<control type="label">
						<left>32</left>
						<top>82</top>
						<width>1018</width>
						<height>27</height>
						<font>Font27</font>
						<label>$VAR[Label2]</label>
						<textcolor>$VAR[TextColorFO]</textcolor>
						<scroll>True</scroll>
					</control>
				</control>
				<!-- Watched status -->
				<control type="image">
					<left>0</left>
					<top>61</top>
					<width>22</width>
					<height>22</height>
					<texture>$VAR[StatusOverlay]</texture>
					<aspectratio align="center" aligny="center">keep</aspectratio>
					<colordiffuse>$VAR[TextColorFO]</colordiffuse>
				</control>
			</control>
		</focusedlayout>
	</include>
	<include name="Viewtype51_coords3_21:9">
		<focusedlayout height="144" width="1690">
			<control type="group">
				<include content="NonFocusFadeAnimation">
					<param name="id">51</param>
				</include>
				<control type="group">
					<visible>String.IsEmpty(Control.GetLabel(5100))</visible>
					<control type="label">
						<left>32</left>
						<top>12</top>
						<width>1658</width>
						<height>120</height>
						<font>Font72-bold</font>
						<label>$VAR[Label1]</label>
						<textcolor>$VAR[TextColorFO]</textcolor>
						<scroll>True</scroll>
						<scrollspeed>120</scrollspeed>
					</control>
					<control type="image">
						<left>32</left>
						<top>12</top>
						<width>1658</width>
						<height>120</height>
						<texture colordiffuse="$VAR[TextColorFO]">$VAR[focus120]</texture>
						<visible>!ListItem.IsParentFolder</visible>
					</control>
				</control>
				<control type="group">
					<visible>!String.IsEmpty(Control.GetLabel(5100))</visible>
					<control type="label">
						<left>32</left>
						<top>25</top>
						<width>1658</width>
						<height>48</height>
						<font>Font48-bold</font>
						<label>$VAR[Label1]</label>
						<textcolor>$VAR[TextColorFO]</textcolor>
						<scroll>True</scroll>
					</control>
					<control type="image">
						<left>32</left>
						<top>25</top>
						<width>1658</width>
						<height>58</height>
						<texture colordiffuse="$VAR[TextColorFO]">$VAR[focus58]</texture>
						<visible>!ListItem.IsParentFolder</visible>
					</control>
					<control type="label">
						<left>32</left>
						<top>82</top>
						<width>1658</width>
						<height>27</height>
						<font>Font27</font>
						<label>$VAR[Label2]</label>
						<textcolor>$VAR[TextColorFO]</textcolor>
						<scroll>True</scroll>
					</control>
				</control>
				<!-- Watched status -->
				<control type="image">
					<left>0</left>
					<top>61</top>
					<width>22</width>
					<height>22</height>
					<texture>$VAR[StatusOverlay]</texture>
					<aspectratio align="center" aligny="center">keep</aspectratio>
					<colordiffuse>$VAR[TextColorFO]</colordiffuse>
				</control>
			</control>
		</focusedlayout>
	</include>
	<include name="Viewtype51_coords3_21:9_masked">
		<focusedlayout height="144" width="1690">
			<control type="group">
				<include content="NonFocusFadeAnimation">
					<param name="id">51</param>
				</include>
				<control type="group">
					<visible>String.IsEmpty(Control.GetLabel(5100))</visible>
					<control type="label">
						<left>32</left>
						<top>12</top>
						<width>1658</width>
						<height>120</height>
						<font>Font72-bold</font>
						<label>$VAR[Label1]</label>
						<textcolor>$VAR[TextColorFO]</textcolor>
						<scroll>True</scroll>
						<scrollspeed>120</scrollspeed>
					</control>
					<control type="image">
						<left>32</left>
						<top>12</top>
						<width>1658</width>
						<height>120</height>
						<texture colordiffuse="$VAR[TextColorFO]">$VAR[focus120]</texture>
						<visible>!ListItem.IsParentFolder</visible>
					</control>
				</control>
				<control type="group">
					<visible>!String.IsEmpty(Control.GetLabel(5100))</visible>
					<control type="label">
						<left>32</left>
						<top>25</top>
						<width>1658</width>
						<height>48</height>
						<font>Font48-bold</font>
						<label>$VAR[Label1]</label>
						<textcolor>$VAR[TextColorFO]</textcolor>
						<scroll>True</scroll>
					</control>
					<control type="image">
						<left>32</left>
						<top>25</top>
						<width>1658</width>
						<height>58</height>
						<texture colordiffuse="$VAR[TextColorFO]">$VAR[focus58]</texture>
						<visible>!ListItem.IsParentFolder</visible>
					</control>
					<control type="label">
						<left>32</left>
						<top>82</top>
						<width>1658</width>
						<height>27</height>
						<font>Font27</font>
						<label>$VAR[Label2]</label>
						<textcolor>$VAR[TextColorFO]</textcolor>
						<scroll>True</scroll>
					</control>
				</control>
				<!-- Watched status -->
				<control type="image">
					<left>0</left>
					<top>61</top>
					<width>22</width>
					<height>22</height>
					<texture>$VAR[StatusOverlay]</texture>
					<aspectratio align="center" aligny="center">keep</aspectratio>
					<colordiffuse>$VAR[TextColorFO]</colordiffuse>
				</control>
			</control>
		</focusedlayout>
	</include>
	<include name="Viewtype51_coords3_4:3">
		<focusedlayout height="144" width="570">
			<control type="group">
				<include content="NonFocusFadeAnimation">
					<param name="id">51</param>
				</include>
				<control type="group">
					<visible>String.IsEmpty(Control.GetLabel(5100))</visible>
					<control type="label">
						<left>32</left>
						<top>12</top>
						<width>538</width>
						<height>120</height>
						<font>Font72-bold</font>
						<label>$VAR[Label1]</label>
						<textcolor>$VAR[TextColorFO]</textcolor>
						<scroll>True</scroll>
						<scrollspeed>120</scrollspeed>
					</control>
					<control type="image">
						<left>32</left>
						<top>12</top>
						<width>538</width>
						<height>120</height>
						<texture colordiffuse="$VAR[TextColorFO]">$VAR[focus120]</texture>
						<visible>!ListItem.IsParentFolder</visible>
					</control>
				</control>
				<control type="group">
					<visible>!String.IsEmpty(Control.GetLabel(5100))</visible>
					<control type="label">
						<left>32</left>
						<top>25</top>
						<width>538</width>
						<height>48</height>
						<font>Font48-bold</font>
						<label>$VAR[Label1]</label>
						<textcolor>$VAR[TextColorFO]</textcolor>
						<scroll>True</scroll>
					</control>
					<control type="image">
						<left>32</left>
						<top>25</top>
						<width>538</width>
						<height>58</height>
						<texture colordiffuse="$VAR[TextColorFO]">$VAR[focus58]</texture>
						<visible>!ListItem.IsParentFolder</visible>
					</control>
					<control type="label">
						<left>32</left>
						<top>82</top>
						<width>538</width>
						<height>27</height>
						<font>Font27</font>
						<label>$VAR[Label2]</label>
						<textcolor>$VAR[TextColorFO]</textcolor>
						<scroll>True</scroll>
					</control>
				</control>
				<!-- Watched status -->
				<control type="image">
					<left>0</left>
					<top>61</top>
					<width>22</width>
					<height>22</height>
					<texture>$VAR[StatusOverlay]</texture>
					<aspectratio align="center" aligny="center">keep</aspectratio>
					<colordiffuse>$VAR[TextColorFO]</colordiffuse>
				</control>
			</control>
		</focusedlayout>
	</include>
	
	<include name="Viewtype51_coords4">
		<include condition="$EXP[NonMaskedCoordinates]">Viewtype51_coords4_16:9</include>
		<include condition="String.IsEqual(Skin.AspectRatio,21:9)">Viewtype51_coords4_21:9</include>
		<include condition="$EXP[MaskedCoordinates]">Viewtype51_coords4_21:9_masked</include>
		<include condition="String.IsEqual(Skin.AspectRatio,4:3)">Viewtype51_coords4_4:3</include>
	</include>
	<include name="Viewtype51_coords4_16:9">
		<left>120</left>
		<top>225</top>
		<width>405</width>
		<height>600</height>
	</include>
	<include name="Viewtype51_coords4_21:9">
		<left>120</left>
		<top>225</top>
		<width>405</width>
		<height>600</height>
	</include>
	<include name="Viewtype51_coords4_21:9_masked">
		<left>120</left>
		<top>405</top>
		<width>405</width>
		<height>600</height>
	</include>
	<include name="Viewtype51_coords4_4:3">
		<left>120</left>
		<top>225</top>
		<width>405</width>
		<height>600</height>
	</include>

</includes>