<?xml version="1.0" encoding="UTF-8"?>
<includes>

	<include name="SettingsCategory_coords1">
		<include condition="$EXP[NonMaskedCoordinates]">SettingsCategory_coords1_16:9</include>
		<include condition="String.IsEqual(Skin.AspectRatio,21:9)">SettingsCategory_coords1_21:9</include>
		<include condition="$EXP[MaskedCoordinates]">SettingsCategory_coords1_21:9_masked</include>
		<include condition="String.IsEqual(Skin.AspectRatio,4:3)">SettingsCategory_coords1_4:3</include>
	</include>
	<include name="SettingsCategory_coords1_16:9">
		<left>120</left>
		<top>228</top>
		<width>300</width>
		<height>660</height>
	</include>
	<include name="SettingsCategory_coords1_21:9">
		<left>120</left>
		<top>228</top>
		<width>300</width>
		<height>660</height>
	</include>
	<include name="SettingsCategory_coords1_21:9_masked">
		<left>120</left>
		<top>408</top>
		<width>300</width>
		<height>660</height>
	</include>
	<include name="SettingsCategory_coords1_4:3">
		<left>120</left>
		<top>228</top>
		<width>300</width>
		<height>660</height>
	</include>
	
	<include name="SettingsCategory_coords2">
		<include condition="$EXP[NonMaskedCoordinates]">SettingsCategory_coords2_16:9</include>
		<include condition="String.IsEqual(Skin.AspectRatio,21:9)">SettingsCategory_coords2_21:9</include>
		<include condition="$EXP[MaskedCoordinates]">SettingsCategory_coords2_21:9_masked</include>
		<include condition="String.IsEqual(Skin.AspectRatio,4:3)">SettingsCategory_coords2_4:3</include>
	</include>
	<include name="SettingsCategory_coords2_16:9">
		<left>550</left>
		<top>228</top>
		<width>1250</width>
		<height>660</height>
	</include>
	<include name="SettingsCategory_coords2_21:9">
		<left>550</left>
		<top>228</top>
		<width>1890</width>
		<height>660</height>
	</include>
	<include name="SettingsCategory_coords2_21:9_masked">
		<left>550</left>
		<top>408</top>
		<width>1890</width>
		<height>660</height>
	</include>
	<include name="SettingsCategory_coords2_4:3">
		<left>550</left>
		<top>228</top>
		<width>770</width>
		<height>660</height>
	</include>
	
	<include name="SettingsCategory_coords3">
		<include condition="$EXP[NonMaskedCoordinates]">SettingsCategory_coords3_16:9</include>
		<include condition="String.IsEqual(Skin.AspectRatio,21:9)">SettingsCategory_coords3_21:9</include>
		<include condition="$EXP[MaskedCoordinates]">SettingsCategory_coords3_21:9_masked</include>
		<include condition="String.IsEqual(Skin.AspectRatio,4:3)">SettingsCategory_coords3_4:3</include>
	</include>
	<include name="SettingsCategory_coords3_16:9">
		<left>550</left>
		<top>900</top>
		<width>1250</width>
		<height>94</height>
	</include>
	<include name="SettingsCategory_coords3_21:9">
		<left>550</left>
		<top>900</top>
		<width>1890</width>
		<height>94</height>
	</include>
	<include name="SettingsCategory_coords3_21:9_masked">
		<left>550</left>
		<top>1080</top>
		<width>1890</width>
		<height>94</height>
	</include>
	<include name="SettingsCategory_coords3_4:3">
		<left>550</left>
		<top>900</top>
		<width>770</width>
		<height>94</height>
	</include>
	
	<include name="SettingsCategory_coords4">
		<include condition="$EXP[NonMaskedCoordinates]">SettingsCategory_coords4_16:9</include>
		<include condition="String.IsEqual(Skin.AspectRatio,21:9)">SettingsCategory_coords4_21:9</include>
		<include condition="$EXP[MaskedCoordinates]">SettingsCategory_coords4_21:9_masked</include>
		<include condition="String.IsEqual(Skin.AspectRatio,4:3)">SettingsCategory_coords4_4:3</include>
	</include>
	<include name="SettingsCategory_coords4_16:9">
		<left>550</left>
		<top>900</top>
		<width>1250</width>
		<height>70</height>
	</include>
	<include name="SettingsCategory_coords4_21:9">
		<left>550</left>
		<top>900</top>
		<width>1890</width>
		<height>70</height>
	</include>
	<include name="SettingsCategory_coords4_21:9_masked">
		<left>550</left>
		<top>1080</top>
		<width>1890</width>
		<height>70</height>
	</include>
	<include name="SettingsCategory_coords4_4:3">
		<left>550</left>
		<top>900</top>
		<width>770</width>
		<height>70</height>
	</include>
	
	<include name="SettingsCategory_coords5">
		<include condition="$EXP[NonMaskedCoordinates]">SettingsCategory_coords5_16:9</include>
		<include condition="String.IsEqual(Skin.AspectRatio,21:9)">SettingsCategory_coords5_21:9</include>
		<include condition="$EXP[MaskedCoordinates]">SettingsCategory_coords5_21:9_masked</include>
		<include condition="String.IsEqual(Skin.AspectRatio,4:3)">SettingsCategory_coords5_4:3</include>
	</include>
	<include name="SettingsCategory_coords5_16:9">
		<left>550</left>
		<top>900</top>
		<width>1250</width>
		<height>80</height>
	</include>
	<include name="SettingsCategory_coords5_21:9">
		<left>550</left>
		<top>900</top>
		<width>1890</width>
		<height>80</height>
	</include>
	<include name="SettingsCategory_coords5_21:9_masked">
		<left>550</left>
		<top>1080</top>
		<width>1890</width>
		<height>80</height>
	</include>
	<include name="SettingsCategory_coords5_4:3">
		<left>550</left>
		<top>900</top>
		<width>770</width>
		<height>80</height>
	</include>
	
	<include name="SettingsCategory_coords6">
		<include condition="$EXP[NonMaskedCoordinates]">SettingsCategory_coords6_16:9</include>
		<include condition="String.IsEqual(Skin.AspectRatio,21:9)">SettingsCategory_coords6_21:9</include>
		<include condition="$EXP[MaskedCoordinates]">SettingsCategory_coords6_21:9_masked</include>
		<include condition="String.IsEqual(Skin.AspectRatio,4:3)">SettingsCategory_coords6_4:3</include>
	</include>
	<include name="SettingsCategory_coords6_16:9">
		<include content="Indicators">
			<param name="left">500</param>
			<param name="top">253</param>
			<param name="height">610</param>
			<param name="container">5</param>
		</include>
	</include>
	<include name="SettingsCategory_coords6_21:9">
		<include content="Indicators">
			<param name="left">500</param>
			<param name="top">253</param>
			<param name="height">610</param>
			<param name="container">5</param>
		</include>
	</include>
	<include name="SettingsCategory_coords6_21:9_masked">
		<include content="Indicators">
			<param name="left">500</param>
			<param name="top">433</param>
			<param name="height">610</param>
			<param name="container">5</param>
		</include>
	</include>
	<include name="SettingsCategory_coords6_4:3">
		<include content="Indicators">
			<param name="left">500</param>
			<param name="top">253</param>
			<param name="height">610</param>
			<param name="container">5</param>
		</include>
	</include>
	
	<include name="SettingsCategory_coords7">
		<include condition="$EXP[NonMaskedCoordinates]">SettingsCategory_coords7_16:9</include>
		<include condition="String.IsEqual(Skin.AspectRatio,21:9)">SettingsCategory_coords7_21:9</include>
		<include condition="$EXP[MaskedCoordinates]">SettingsCategory_coords7_21:9_masked</include>
		<include condition="String.IsEqual(Skin.AspectRatio,4:3)">SettingsCategory_coords7_4:3</include>
	</include>
	<include name="SettingsCategory_coords7_16:9">
		<left>120</left>
		<top>900</top>
		<width>300</width>
		<height>44</height>
	</include>
	<include name="SettingsCategory_coords7_21:9">
		<left>120</left>
		<top>900</top>
		<width>300</width>
		<height>44</height>
	</include>
	<include name="SettingsCategory_coords7_21:9_masked">
		<left>120</left>
		<top>1080</top>
		<width>300</width>
		<height>44</height>
	</include>
	<include name="SettingsCategory_coords7_4:3">
		<left>120</left>
		<top>900</top>
		<width>300</width>
		<height>44</height>
	</include>
	
	<include name="SettingsCategory_coords8">
		<include condition="$EXP[NonMaskedCoordinates]">SettingsCategory_coords8_16:9</include>
		<include condition="String.IsEqual(Skin.AspectRatio,21:9)">SettingsCategory_coords8_21:9</include>
		<include condition="$EXP[MaskedCoordinates]">SettingsCategory_coords8_21:9_masked</include>
		<include condition="String.IsEqual(Skin.AspectRatio,4:3)">SettingsCategory_coords8_4:3</include>
	</include>
	<include name="SettingsCategory_coords8_16:9">
		<left>120</left>
		<top>933</top>
		<width>300</width>
		<height>66</height>
	</include>
	<include name="SettingsCategory_coords8_21:9">
		<left>120</left>
		<top>933</top>
		<width>300</width>
		<height>66</height>
	</include>
	<include name="SettingsCategory_coords8_21:9_masked">
		<left>120</left>
		<top>1113</top>
		<width>300</width>
		<height>66</height>
	</include>
	<include name="SettingsCategory_coords8_4:3">
		<left>120</left>
		<top>933</top>
		<width>300</width>
		<height>66</height>
	</include>
	
	<include name="SettingsCategory_coords9">
		<include condition="$EXP[NonMaskedCoordinates]">SettingsCategory_coords9_16:9</include>
		<include condition="String.IsEqual(Skin.AspectRatio,21:9)">SettingsCategory_coords9_21:9</include>
		<include condition="$EXP[MaskedCoordinates]">SettingsCategory_coords9_21:9_masked</include>
		<include condition="String.IsEqual(Skin.AspectRatio,4:3)">SettingsCategory_coords9_4:3</include>
	</include>
	<include name="SettingsCategory_coords9_16:9">
		<width>1250</width>
		<height>66</height>
	</include>
	<include name="SettingsCategory_coords9_21:9">
		<width>1890</width>
		<height>66</height>
	</include>
	<include name="SettingsCategory_coords9_21:9_masked">
		<width>1890</width>
		<height>66</height>
	</include>
	<include name="SettingsCategory_coords9_4:3">
		<width>770</width>
		<height>66</height>
	</include>
	
	<include name="SettingsCategory_coords10">
		<include condition="$EXP[NonMaskedCoordinates]">SettingsCategory_coords10_16:9</include>
		<include condition="String.IsEqual(Skin.AspectRatio,21:9)">SettingsCategory_coords10_21:9</include>
		<include condition="$EXP[MaskedCoordinates]">SettingsCategory_coords10_21:9_masked</include>
		<include condition="String.IsEqual(Skin.AspectRatio,4:3)">SettingsCategory_coords10_4:3</include>
	</include>
	<include name="SettingsCategory_coords10_16:9">
		<width>300</width>
		<height>66</height>
	</include>
	<include name="SettingsCategory_coords10_21:9">
		<width>300</width>
		<height>66</height>
	</include>
	<include name="SettingsCategory_coords10_21:9_masked">
		<width>300</width>
		<height>66</height>
	</include>
	<include name="SettingsCategory_coords10_4:3">
		<width>300</width>
		<height>66</height>
	</include>
	
	<include name="SettingsCategory_coords11">
		<include condition="$EXP[NonMaskedCoordinates]">SettingsCategory_coords11_16:9</include>
		<include condition="String.IsEqual(Skin.AspectRatio,21:9)">SettingsCategory_coords11_21:9</include>
		<include condition="$EXP[MaskedCoordinates]">SettingsCategory_coords11_21:9_masked</include>
		<include condition="String.IsEqual(Skin.AspectRatio,4:3)">SettingsCategory_coords11_4:3</include>
	</include>
	<include name="SettingsCategory_coords11_16:9">
		<width>1250</width>
		<height>66</height>
		<textwidth>1184</textwidth>
	</include>
	<include name="SettingsCategory_coords11_21:9">
		<width>1890</width>
		<height>66</height>
		<textwidth>1824</textwidth>
	</include>
	<include name="SettingsCategory_coords11_21:9_masked">
		<width>1890</width>
		<height>66</height>
		<textwidth>1824</textwidth>
	</include>
	<include name="SettingsCategory_coords11_4:3">
		<width>770</width>
		<height>66</height>
		<textwidth>704</textwidth>
	</include>

</includes>