<?xml version="1.0" encoding="UTF-8"?>
<includes>

	<include name="DialogButtonMenu_coords1">
		<include condition="$EXP[NonMaskedCoordinates]">DialogButtonMenu_coords1_16:9</include>
		<include condition="String.IsEqual(Skin.AspectRatio,21:9)">DialogButtonMenu_coords1_21:9</include>
		<include condition="$EXP[MaskedCoordinates]">DialogButtonMenu_coords1_21:9_masked</include>
		<include condition="String.IsEqual(Skin.AspectRatio,4:3)">DialogButtonMenu_coords1_4:3</include>
	</include>
	<include name="DialogButtonMenu_coords1_16:9">
		<left>-100</left>
		<top>0</top>
		<width>550</width>
		<height>1080</height>
	</include>
	<include name="DialogButtonMenu_coords1_21:9">
		<left>-100</left>
		<top>0</top>
		<width>550</width>
		<height>1080</height>
	</include>
	<include name="DialogButtonMenu_coords1_21:9_masked">
		<left>-100</left>
		<top>0</top>
		<width>550</width>
		<height>1440</height>
	</include>
	<include name="DialogButtonMenu_coords1_4:3">
		<left>-100</left>
		<top>0</top>
		<width>550</width>
		<height>1080</height>
	</include>
	
	<include name="DialogButtonMenu_coords2">
		<include condition="$EXP[NonMaskedCoordinates]">DialogButtonMenu_coords2_16:9</include>
		<include condition="String.IsEqual(Skin.AspectRatio,21:9)">DialogButtonMenu_coords2_21:9</include>
		<include condition="$EXP[MaskedCoordinates]">DialogButtonMenu_coords2_21:9_masked</include>
		<include condition="String.IsEqual(Skin.AspectRatio,4:3)">DialogButtonMenu_coords2_4:3</include>
	</include>
	<include name="DialogButtonMenu_coords2_16:9">
		<left>20</left>
		<top>20</top>
		<width>410</width>
		<height>1040</height>
	</include>
	<include name="DialogButtonMenu_coords2_21:9">
		<left>20</left>
		<top>20</top>
		<width>410</width>
		<height>1040</height>
	</include>
	<include name="DialogButtonMenu_coords2_21:9_masked">
		<left>20</left>
		<top>200</top>
		<width>410</width>
		<height>1040</height>
	</include>
	<include name="DialogButtonMenu_coords2_4:3">
		<left>20</left>
		<top>20</top>
		<width>410</width>
		<height>1040</height>
	</include>
	
	<include name="DialogButtonMenu_coords3">
		<include condition="$EXP[NonMaskedCoordinates]">DialogButtonMenu_coords3_16:9</include>
		<include condition="String.IsEqual(Skin.AspectRatio,21:9)">DialogButtonMenu_coords3_21:9</include>
		<include condition="$EXP[MaskedCoordinates]">DialogButtonMenu_coords3_21:9_masked</include>
		<include condition="String.IsEqual(Skin.AspectRatio,4:3)">DialogButtonMenu_coords3_4:3</include>
	</include>
	<include name="DialogButtonMenu_coords3_16:9">
		<itemlayout width="410" height="52">
			<control type="label">
				<width>410</width>
				<height>52</height>
				<label>$INFO[ListItem.Label]</label>
				<textcolor>$VAR[TextColorNF]</textcolor>
				<align>center</align>
			</control>
		</itemlayout>
	</include>
	<include name="DialogButtonMenu_coords3_21:9">
		<itemlayout width="410" height="52">
			<control type="label">
				<width>410</width>
				<height>52</height>
				<label>$INFO[ListItem.Label]</label>
				<textcolor>$VAR[TextColorNF]</textcolor>
				<align>center</align>
			</control>
		</itemlayout>
	</include>
	<include name="DialogButtonMenu_coords3_21:9_masked">
		<itemlayout width="410" height="52">
			<control type="label">
				<width>410</width>
				<height>52</height>
				<label>$INFO[ListItem.Label]</label>
				<textcolor>$VAR[TextColorNF]</textcolor>
				<align>center</align>
			</control>
		</itemlayout>
	</include>
	<include name="DialogButtonMenu_coords3_4:3">
		<itemlayout width="410" height="52">
			<control type="label">
				<width>410</width>
				<height>52</height>
				<label>$INFO[ListItem.Label]</label>
				<textcolor>$VAR[TextColorNF]</textcolor>
				<align>center</align>
			</control>
		</itemlayout>
	</include>
	
	<include name="DialogButtonMenu_coords4">
		<include condition="$EXP[NonMaskedCoordinates]">DialogButtonMenu_coords4_16:9</include>
		<include condition="String.IsEqual(Skin.AspectRatio,21:9)">DialogButtonMenu_coords4_21:9</include>
		<include condition="$EXP[MaskedCoordinates]">DialogButtonMenu_coords4_21:9_masked</include>
		<include condition="String.IsEqual(Skin.AspectRatio,4:3)">DialogButtonMenu_coords4_4:3</include>
	</include>
	<include name="DialogButtonMenu_coords4_16:9">
		<focusedlayout width="410" height="52">
			<control type="group">
				<include content="NonFocusFadeAnimation">
					<param name="id">7000</param>
				</include>
				<control type="label">
					<width>410</width>
					<height>52</height>
					<label>$INFO[ListItem.Label]</label>
					<textcolor>$VAR[TextColorFO]</textcolor>
					<align>center</align>
				</control>
				<control type="image">
					<width>410</width>
					<height>52</height>
					<texture colordiffuse="$VAR[TextColorFO]">$VAR[focus52center]</texture>
				</control>
			</control>
		</focusedlayout>
	</include>
	<include name="DialogButtonMenu_coords4_21:9">
		<focusedlayout width="410" height="52">
			<control type="group">
				<include content="NonFocusFadeAnimation">
					<param name="id">7000</param>
				</include>
				<control type="label">
					<width>410</width>
					<height>52</height>
					<label>$INFO[ListItem.Label]</label>
					<textcolor>$VAR[TextColorFO]</textcolor>
					<align>center</align>
				</control>
				<control type="image">
					<width>410</width>
					<height>52</height>
					<texture colordiffuse="$VAR[TextColorFO]">$VAR[focus52center]</texture>
				</control>
			</control>
		</focusedlayout>
	</include>
	<include name="DialogButtonMenu_coords4_21:9_masked">
		<focusedlayout width="410" height="52">
			<control type="group">
				<include content="NonFocusFadeAnimation">
					<param name="id">7000</param>
				</include>
				<control type="label">
					<width>410</width>
					<height>52</height>
					<label>$INFO[ListItem.Label]</label>
					<textcolor>$VAR[TextColorFO]</textcolor>
					<align>center</align>
				</control>
				<control type="image">
					<width>410</width>
					<height>52</height>
					<texture colordiffuse="$VAR[TextColorFO]">$VAR[focus52center]</texture>
				</control>
			</control>
		</focusedlayout>
	</include>
	<include name="DialogButtonMenu_coords4_4:3">
		<focusedlayout width="410" height="52">
			<control type="group">
				<include content="NonFocusFadeAnimation">
					<param name="id">7000</param>
				</include>
				<control type="label">
					<width>410</width>
					<height>52</height>
					<label>$INFO[ListItem.Label]</label>
					<textcolor>$VAR[TextColorFO]</textcolor>
					<align>center</align>
				</control>
				<control type="image">
					<width>410</width>
					<height>52</height>
					<texture colordiffuse="$VAR[TextColorFO]">$VAR[focus52center]</texture>
				</control>
			</control>
		</focusedlayout>
	</include>

</includes>