<?xml version="1.0" encoding="UTF-8"?>
<includes>
	
	<include name="AddonBrowser_coords1">
		<include condition="$EXP[NonMaskedCoordinates]">AddonBrowser_coords1_16:9</include>
		<include condition="String.IsEqual(Skin.AspectRatio,21:9)">AddonBrowser_coords1_21:9</include>
		<include condition="$EXP[MaskedCoordinates]">AddonBrowser_coords1_21:9_masked</include>
		<include condition="String.IsEqual(Skin.AspectRatio,4:3)">AddonBrowser_coords1_4:3</include>
	</include>
	<include name="AddonBrowser_coords1_16:9">
		<left>120</left>
		<top>225</top>
		<width>405</width>
		<height>600</height>
	</include>
	<include name="AddonBrowser_coords1_21:9">
		<left>120</left>
		<top>225</top>
		<width>405</width>
		<height>600</height>
	</include>
	<include name="AddonBrowser_coords1_21:9_masked">
		<left>120</left>
		<top>405</top>
		<width>405</width>
		<height>600</height>
	</include>
	<include name="AddonBrowser_coords1_4:3">
		<left>120</left>
		<top>225</top>
		<width>405</width>
		<height>600</height>
	</include>
	
	<include name="AddonBrowser_coords2">
		<include condition="$EXP[NonMaskedCoordinates]">AddonBrowser_coords2_16:9</include>
		<include condition="String.IsEqual(Skin.AspectRatio,21:9)">AddonBrowser_coords2_21:9</include>
		<include condition="$EXP[MaskedCoordinates]">AddonBrowser_coords2_21:9_masked</include>
		<include condition="String.IsEqual(Skin.AspectRatio,4:3)">AddonBrowser_coords2_4:3</include>
	</include>
	<include name="AddonBrowser_coords2_16:9">
		<left>750</left>
		<centertop>50%</centertop>
		<width>1050</width>
		<height>720</height>
	</include>
	<include name="AddonBrowser_coords2_21:9">
		<left>750</left>
		<centertop>50%</centertop>
		<width>1690</width>
		<height>720</height>
	</include>
	<include name="AddonBrowser_coords2_21:9_masked">
		<left>750</left>
		<centertop>50%</centertop>
		<width>1690</width>
		<height>720</height>
	</include>
	<include name="AddonBrowser_coords2_4:3">
		<left>750</left>
		<centertop>50%</centertop>
		<width>480</width>
		<height>720</height>
	</include>
	
	<include name="AddonBrowser_coords3">
		<include condition="$EXP[NonMaskedCoordinates]">AddonBrowser_coords3_16:9</include>
		<include condition="String.IsEqual(Skin.AspectRatio,21:9)">AddonBrowser_coords3_21:9</include>
		<include condition="$EXP[MaskedCoordinates]">AddonBrowser_coords3_21:9_masked</include>
		<include condition="String.IsEqual(Skin.AspectRatio,4:3)">AddonBrowser_coords3_4:3</include>
	</include>
	<include name="AddonBrowser_coords3_16:9">
		<itemlayout height="72" width="1050">
			<control type="label">
				<left>32</left>
				<top>0</top>
				<width>1018</width>
				<height>72</height>
				<font>Font36-light</font>
				<label>$INFO[ListItem.Label]</label>
				<textcolor>$VAR[TextColorNF]</textcolor>
			</control>
		</itemlayout>
	</include>
	<include name="AddonBrowser_coords3_21:9">
		<itemlayout height="72" width="1690">
			<control type="label">
				<left>32</left>
				<top>0</top>
				<width>1658</width>
				<height>72</height>
				<font>Font36-light</font>
				<label>$INFO[ListItem.Label]</label>
				<textcolor>$VAR[TextColorNF]</textcolor>
			</control>
		</itemlayout>
	</include>
	<include name="AddonBrowser_coords3_21:9_masked">
		<itemlayout height="72" width="1690">
			<control type="label">
				<left>32</left>
				<top>0</top>
				<width>1658</width>
				<height>72</height>
				<font>Font36-light</font>
				<label>$INFO[ListItem.Label]</label>
				<textcolor>$VAR[TextColorNF]</textcolor>
			</control>
		</itemlayout>
	</include>
	<include name="AddonBrowser_coords3_4:3">
		<itemlayout height="72" width="480">
			<control type="label">
				<left>32</left>
				<top>0</top>
				<width>448</width>
				<height>72</height>
				<font>Font36-light</font>
				<label>$INFO[ListItem.Label]</label>
				<textcolor>$VAR[TextColorNF]</textcolor>
			</control>
		</itemlayout>
	</include>
	
	<include name="AddonBrowser_coords4">
		<include condition="$EXP[NonMaskedCoordinates]">AddonBrowser_coords4_16:9</include>
		<include condition="String.IsEqual(Skin.AspectRatio,21:9)">AddonBrowser_coords4_21:9</include>
		<include condition="$EXP[MaskedCoordinates]">AddonBrowser_coords4_21:9_masked</include>
		<include condition="String.IsEqual(Skin.AspectRatio,4:3)">AddonBrowser_coords4_4:3</include>
	</include>
	<include name="AddonBrowser_coords4_16:9">
		<focusedlayout height="144" width="1050">
			<control type="group">
				<include content="NonFocusFadeAnimation">
					<param name="id">500</param>
				</include>
				<control type="group">
					<visible>String.IsEmpty(ListItem.Label2)</visible>
					<control type="label">
						<left>32</left>
						<top>0</top>
						<width>1018</width>
						<height>144</height>
						<font>Font72-bold</font>
						<label>$INFO[ListItem.Label]</label>
						<textcolor>$VAR[TextColorFO]</textcolor>
					</control>
					<control type="image">
						<left>32</left>
						<top>0</top>
						<width>1018</width>
						<height>144</height>
						<texture colordiffuse="$VAR[TextColorFO]">$VAR[focus144]</texture>
						<visible>!ListItem.IsParentFolder</visible>
					</control>
				</control>
				<control type="group">
					<visible>!String.IsEmpty(ListItem.Label2)</visible>
					<control type="label">
						<left>32</left>
						<top>25</top>
						<width>1018</width>
						<height>48</height>
						<font>Font48-bold</font>
						<label>$VAR[Label1]</label>
						<textcolor>$VAR[TextColorFO]</textcolor>
					</control>
					<control type="label">
						<left>32</left>
						<top>82</top>
						<width>1018</width>
						<height>27</height>
						<font>Font27</font>
						<label>$INFO[ListItem.AddonVersion,$LOCALIZE[19114]: , &#8226; ]$INFO[ListItem.Label2]</label>
						<textcolor>$VAR[TextColorFO]</textcolor>
					</control>
					<control type="image">
						<left>32</left>
						<top>25</top>
						<width>1018</width>
						<height>58</height>
						<texture colordiffuse="$VAR[TextColorFO]">$VAR[focus58]</texture>
						<visible>!ListItem.IsParentFolder</visible>
					</control>
				</control>
			</control>
		</focusedlayout>
	</include>
	<include name="AddonBrowser_coords4_21:9">
		<focusedlayout height="144" width="1690">
			<control type="group">
				<include content="NonFocusFadeAnimation">
					<param name="id">500</param>
				</include>
				<control type="group">
					<visible>String.IsEmpty(ListItem.Label2)</visible>
					<control type="label">
						<left>32</left>
						<top>0</top>
						<width>1658</width>
						<height>144</height>
						<font>Font72-bold</font>
						<label>$INFO[ListItem.Label]</label>
						<textcolor>$VAR[TextColorFO]</textcolor>
					</control>
					<control type="image">
						<left>32</left>
						<top>0</top>
						<width>1658</width>
						<height>144</height>
						<texture colordiffuse="$VAR[TextColorFO]">$VAR[focus144]</texture>
						<visible>!ListItem.IsParentFolder</visible>
					</control>
				</control>
				<control type="group">
					<visible>!String.IsEmpty(ListItem.Label2)</visible>
					<control type="label">
						<left>32</left>
						<top>25</top>
						<width>1658</width>
						<height>48</height>
						<font>Font48-bold</font>
						<label>$VAR[Label1]</label>
						<textcolor>$VAR[TextColorFO]</textcolor>
					</control>
					<control type="label">
						<left>32</left>
						<top>82</top>
						<width>1658</width>
						<height>27</height>
						<font>Font27</font>
						<label>$INFO[ListItem.AddonVersion,$LOCALIZE[19114]: , &#8226; ]$INFO[ListItem.Label2]</label>
						<textcolor>$VAR[TextColorFO]</textcolor>
					</control>
					<control type="image">
						<left>32</left>
						<top>25</top>
						<width>1658</width>
						<height>58</height>
						<texture colordiffuse="$VAR[TextColorFO]">$VAR[focus58]</texture>
						<visible>!ListItem.IsParentFolder</visible>
					</control>
				</control>
			</control>
		</focusedlayout>
	</include>
	<include name="AddonBrowser_coords4_21:9_masked">
		<focusedlayout height="144" width="1690">
			<control type="group">
				<include content="NonFocusFadeAnimation">
					<param name="id">500</param>
				</include>
				<control type="group">
					<visible>String.IsEmpty(ListItem.Label2)</visible>
					<control type="label">
						<left>32</left>
						<top>0</top>
						<width>1658</width>
						<height>144</height>
						<font>Font72-bold</font>
						<label>$INFO[ListItem.Label]</label>
						<textcolor>$VAR[TextColorFO]</textcolor>
					</control>
					<control type="image">
						<left>32</left>
						<top>0</top>
						<width>1658</width>
						<height>144</height>
						<texture colordiffuse="$VAR[TextColorFO]">$VAR[focus144]</texture>
						<visible>!ListItem.IsParentFolder</visible>
					</control>
				</control>
				<control type="group">
					<visible>!String.IsEmpty(ListItem.Label2)</visible>
					<control type="label">
						<left>32</left>
						<top>25</top>
						<width>1658</width>
						<height>48</height>
						<font>Font48-bold</font>
						<label>$VAR[Label1]</label>
						<textcolor>$VAR[TextColorFO]</textcolor>
					</control>
					<control type="label">
						<left>32</left>
						<top>82</top>
						<width>1658</width>
						<height>27</height>
						<font>Font27</font>
						<label>$INFO[ListItem.AddonVersion,$LOCALIZE[19114]: , &#8226; ]$INFO[ListItem.Label2]</label>
						<textcolor>$VAR[TextColorFO]</textcolor>
					</control>
					<control type="image">
						<left>32</left>
						<top>25</top>
						<width>1658</width>
						<height>58</height>
						<texture colordiffuse="$VAR[TextColorFO]">$VAR[focus58]</texture>
						<visible>!ListItem.IsParentFolder</visible>
					</control>
				</control>
			</control>
		</focusedlayout>
	</include>
	<include name="AddonBrowser_coords4_4:3">
		<focusedlayout height="144" width="480">
			<control type="group">
				<include content="NonFocusFadeAnimation">
					<param name="id">500</param>
				</include>
				<control type="group">
					<visible>String.IsEmpty(ListItem.Label2)</visible>
					<control type="label">
						<left>32</left>
						<top>0</top>
						<width>448</width>
						<height>144</height>
						<font>Font72-bold</font>
						<label>$INFO[ListItem.Label]</label>
						<textcolor>$VAR[TextColorFO]</textcolor>
					</control>
					<control type="image">
						<left>32</left>
						<top>0</top>
						<width>448</width>
						<height>144</height>
						<texture colordiffuse="$VAR[TextColorFO]">$VAR[focus144]</texture>
						<visible>!ListItem.IsParentFolder</visible>
					</control>
				</control>
				<control type="group">
					<visible>!String.IsEmpty(ListItem.Label2)</visible>
					<control type="label">
						<left>32</left>
						<top>25</top>
						<width>448</width>
						<height>48</height>
						<font>Font48-bold</font>
						<label>$VAR[Label1]</label>
						<textcolor>$VAR[TextColorFO]</textcolor>
					</control>
					<control type="label">
						<left>32</left>
						<top>82</top>
						<width>448</width>
						<height>27</height>
						<font>Font27</font>
						<label>$INFO[ListItem.AddonVersion,$LOCALIZE[19114]: , &#8226; ]$INFO[ListItem.Label2]</label>
						<textcolor>$VAR[TextColorFO]</textcolor>
					</control>
					<control type="image">
						<left>32</left>
						<top>25</top>
						<width>448</width>
						<height>58</height>
						<texture colordiffuse="$VAR[TextColorFO]">$VAR[focus58]</texture>
						<visible>!ListItem.IsParentFolder</visible>
					</control>
				</control>
			</control>
		</focusedlayout>
	</include>
	
	<include name="AddonBrowser_coords5">
		<include condition="$EXP[NonMaskedCoordinates]">AddonBrowser_coords5_16:9</include>
		<include condition="String.IsEqual(Skin.AspectRatio,21:9)">AddonBrowser_coords5_21:9</include>
		<include condition="$EXP[MaskedCoordinates]">AddonBrowser_coords5_21:9_masked</include>
		<include condition="String.IsEqual(Skin.AspectRatio,4:3)">AddonBrowser_coords5_4:3</include>
	</include>
	<include name="AddonBrowser_coords5_16:9">
		<left>690</left>
		<centertop>50%</centertop>
		<width>20</width>
		<height>680</height>
	</include>
	<include name="AddonBrowser_coords5_21:9">
		<left>690</left>
		<centertop>50%</centertop>
		<width>20</width>
		<height>680</height>
	</include>
	<include name="AddonBrowser_coords5_21:9_masked">
		<left>690</left>
		<centertop>50%</centertop>
		<width>20</width>
		<height>680</height>
	</include>
	<include name="AddonBrowser_coords5_4:3">
		<left>690</left>
		<centertop>50%</centertop>
		<width>20</width>
		<height>680</height>
	</include>

</includes>