<?xml version="1.0" encoding="UTF-8"?>
<includes>

	<include name="MediaFlags_coords1">
		<include condition="$EXP[NonMaskedCoordinates]">MediaFlags_coords1_16:9</include>
		<include condition="String.IsEqual(Skin.AspectRatio,21:9)">MediaFlags_coords1_21:9</include>
		<include condition="$EXP[MaskedCoordinates]">MediaFlags_coords1_21:9_masked</include>
		<include condition="String.IsEqual(Skin.AspectRatio,4:3)">MediaFlags_coords1_4:3</include>
	</include>
	<include name="MediaFlags_coords1_16:9">
		<left>120</left>
		<bottom>52</bottom>
		<width>400</width>
		<height>96</height>
	</include>
	<include name="MediaFlags_coords1_21:9">
		<left>120</left>
		<bottom>52</bottom>
		<width>400</width>
		<height>96</height>
	</include>
	<include name="MediaFlags_coords1_21:9_masked">
		<left>120</left>
		<bottom>232</bottom>
		<width>400</width>
		<height>96</height>
	</include>
	<include name="MediaFlags_coords1_4:3">
		<left>120</left>
		<bottom>52</bottom>
		<width>400</width>
		<height>96</height>
	</include>
	
	<include name="MediaFlags_coords2">
		<include condition="$EXP[NonMaskedCoordinates]">MediaFlags_coords2_16:9</include>
		<include condition="String.IsEqual(Skin.AspectRatio,21:9)">MediaFlags_coords2_21:9</include>
		<include condition="$EXP[MaskedCoordinates]">MediaFlags_coords2_21:9_masked</include>
		<include condition="String.IsEqual(Skin.AspectRatio,4:3)">MediaFlags_coords2_4:3</include>
	</include>
	<include name="MediaFlags_coords2_16:9">
		<height>32</height>
	</include>
	<include name="MediaFlags_coords2_21:9">
		<height>32</height>
	</include>
	<include name="MediaFlags_coords2_21:9_masked">
		<height>32</height>
	</include>
	<include name="MediaFlags_coords2_4:3">
		<height>32</height>
	</include>
	
	<include name="MediaFlags_coords3">
		<include condition="$EXP[NonMaskedCoordinates]">MediaFlags_coords3_16:9</include>
		<include condition="String.IsEqual(Skin.AspectRatio,21:9)">MediaFlags_coords3_21:9</include>
		<include condition="$EXP[MaskedCoordinates]">MediaFlags_coords3_21:9_masked</include>
		<include condition="String.IsEqual(Skin.AspectRatio,4:3)">MediaFlags_coords3_4:3</include>
	</include>
	<include name="MediaFlags_coords3_16:9">
		<top>5</top>
		<width>30</width>
		<height>26</height>
	</include>
	<include name="MediaFlags_coords3_21:9">
		<top>5</top>
		<width>30</width>
		<height>26</height>
	</include>
	<include name="MediaFlags_coords3_21:9_masked">
		<top>5</top>
		<width>30</width>
		<height>26</height>
	</include>
	<include name="MediaFlags_coords3_4:3">
		<top>5</top>
		<width>30</width>
		<height>26</height>
	</include>
	
	<include name="MediaFlags_coords4">
		<include condition="$EXP[NonMaskedCoordinates]">MediaFlags_coords4_16:9</include>
		<include condition="String.IsEqual(Skin.AspectRatio,21:9)">MediaFlags_coords4_21:9</include>
		<include condition="$EXP[MaskedCoordinates]">MediaFlags_coords4_21:9_masked</include>
		<include condition="String.IsEqual(Skin.AspectRatio,4:3)">MediaFlags_coords4_4:3</include>
	</include>
	<include name="MediaFlags_coords4_16:9">
		<left>30</left>
		<width>372</width>
	</include>
	<include name="MediaFlags_coords4_21:9">
		<left>30</left>
		<width>372</width>
	</include>
	<include name="MediaFlags_coords4_21:9_masked">
		<left>30</left>
		<width>372</width>
	</include>
	<include name="MediaFlags_coords4_4:3">
		<left>30</left>
		<width>372</width>
	</include>
	
	<include name="MediaFlags_coords5">
		<include condition="$EXP[NonMaskedCoordinates]">MediaFlags_coords5_16:9</include>
		<include condition="String.IsEqual(Skin.AspectRatio,21:9)">MediaFlags_coords5_21:9</include>
		<include condition="$EXP[MaskedCoordinates]">MediaFlags_coords5_21:9_masked</include>
		<include condition="String.IsEqual(Skin.AspectRatio,4:3)">MediaFlags_coords5_4:3</include>
	</include>
	<include name="MediaFlags_coords5_16:9">
		<top>2</top>
		<left>-2</left>
		<width>32</width>
		<height>34</height>
	</include>
	<include name="MediaFlags_coords5_21:9">
		<top>2</top>
		<left>-2</left>
		<width>32</width>
		<height>34</height>
	</include>
	<include name="MediaFlags_coords5_21:9_masked">
		<top>2</top>
		<left>-2</left>
		<width>32</width>
		<height>34</height>
	</include>
	<include name="MediaFlags_coords5_4:3">
		<top>2</top>
		<left>-2</left>
		<width>32</width>
		<height>34</height>
	</include>
	
	<include name="MediaFlags_coords6">
		<include condition="$EXP[NonMaskedCoordinates]">MediaFlags_coords6_16:9</include>
		<include condition="String.IsEqual(Skin.AspectRatio,21:9)">MediaFlags_coords6_21:9</include>
		<include condition="$EXP[MaskedCoordinates]">MediaFlags_coords6_21:9_masked</include>
		<include condition="String.IsEqual(Skin.AspectRatio,4:3)">MediaFlags_coords6_4:3</include>
	</include>
	<include name="MediaFlags_coords6_16:9">
		<top>6</top>
		<width>30</width>
		<height>26</height>
	</include>
	<include name="MediaFlags_coords6_21:9">
		<top>6</top>
		<width>30</width>
		<height>26</height>
	</include>
	<include name="MediaFlags_coords6_21:9_masked">
		<top>6</top>
		<width>30</width>
		<height>26</height>
	</include>
	<include name="MediaFlags_coords6_4:3">
		<top>6</top>
		<width>30</width>
		<height>26</height>
	</include>
	
	<include name="ItemCount_coords">
		<include condition="$EXP[NonMaskedCoordinates]">ItemCount_coords_16:9</include>
		<include condition="String.IsEqual(Skin.AspectRatio,21:9)">ItemCount_coords_21:9</include>
		<include condition="$EXP[MaskedCoordinates]">ItemCount_coords_21:9_masked</include>
		<include condition="String.IsEqual(Skin.AspectRatio,4:3)">ItemCount_coords_4:3</include>
	</include>
	<include name="ItemCount_coords_16:9">
		<right>120</right>
		<bottom>116</bottom>
		<width>400</width>
		<height>30</height>
	</include>
	<include name="ItemCount_coords_21:9">
		<right>120</right>
		<bottom>116</bottom>
		<width>400</width>
		<height>30</height>
	</include>
	<include name="ItemCount_coords_21:9_masked">
		<right>120</right>
		<bottom>296</bottom>
		<width>400</width>
		<height>30</height>
	</include>
	<include name="ItemCount_coords_4:3">
		<right>120</right>
		<bottom>116</bottom>
		<width>400</width>
		<height>30</height>
	</include>
	
</includes>