<?xml version="1.0" encoding="UTF-8"?>
<includes>

	<include name="DialogButtons">
		<include condition="$EXP[NonMaskedCoordinates]">DialogButtons_16:9</include>
		<include condition="String.IsEqual(Skin.AspectRatio,21:9)">DialogButtons_21:9</include>
		<include condition="$EXP[MaskedCoordinates]">DialogButtons_21:9_masked</include>
		<include condition="String.IsEqual(Skin.AspectRatio,4:3)">DialogButtons_4:3</include>
	</include>
	<include name="DialogButtons_16:9">
		<left>120</left>
		<bottom>100</bottom>
		<width>1680</width>
		<height>66</height>
	</include>
	<include name="DialogButtons_21:9">
		<left>120</left>
		<bottom>100</bottom>
		<width>2320</width>
		<height>66</height>
	</include>
	<include name="DialogButtons_21:9_masked">
		<left>120</left>
		<bottom>280</bottom>
		<width>2320</width>
		<height>66</height>
	</include>
	<include name="DialogButtons_4:3">
		<left>120</left>
		<bottom>100</bottom>
		<width>1200</width>
		<height>66</height>
	</include>

	<include name="KeyboardButtons_coords">
		<include condition="$EXP[NonMaskedCoordinates]">KeyboardButtons_coords_16:9</include>
		<include condition="String.IsEqual(Skin.AspectRatio,21:9)">KeyboardButtons_coords_21:9</include>
		<include condition="$EXP[MaskedCoordinates]">KeyboardButtons_coords_21:9_masked</include>
		<include condition="String.IsEqual(Skin.AspectRatio,4:3)">KeyboardButtons_coords_4:3</include>
	</include>
	<include name="KeyboardButtons_coords_16:9">
		<width>84</width>
		<height>74</height>
	</include>
	<include name="KeyboardButtons_coords_21:9">
		<width>84</width>
		<height>74</height>
	</include>
	<include name="KeyboardButtons_coords_21:9_masked">
		<width>84</width>
		<height>74</height>
	</include>
	<include name="KeyboardButtons_coords_4:3">
		<width>84</width>
		<height>74</height>
	</include>
	
	<include name="OSDButtons_coords">
		<include condition="$EXP[NonMaskedCoordinates]">OSDButtons_coords_16:9</include>
		<include condition="String.IsEqual(Skin.AspectRatio,21:9)">OSDButtons_coords_21:9</include>
		<include condition="$EXP[MaskedCoordinates]">OSDButtons_coords_21:9_masked</include>
		<include condition="String.IsEqual(Skin.AspectRatio,4:3)">OSDButtons_coords_4:3</include>
	</include>
	<include name="OSDButtons_coords_16:9">
		<width>60</width>
		<height>60</height>
	</include>
	<include name="OSDButtons_coords_21:9">
		<width>60</width>
		<height>60</height>
	</include>
	<include name="OSDButtons_coords_21:9_masked">
		<width>60</width>
		<height>60</height>
	</include>
	<include name="OSDButtons_coords_4:3">
		<width>60</width>
		<height>60</height>
	</include>
	
	<include name="MaskingBars_coords1">
		<include condition="$EXP[NonMaskedCoordinates]">MaskingBars_coords1_16:9</include>
		<include condition="String.IsEqual(Skin.AspectRatio,21:9)">MaskingBars_coords1_21:9</include>
		<include condition="$EXP[MaskedCoordinates]">MaskingBars_coords1_21:9_masked</include>
		<include condition="String.IsEqual(Skin.AspectRatio,4:3)">MaskingBars_coords1_4:3</include>
	</include>
	<include name="MaskingBars_coords1_16:9">
		<left>0</left>
		<bottom>0</bottom>
		<width>0</width>
		<height>0</height>
	</include>
	<include name="MaskingBars_coords1_21:9">
		<left>0</left>
		<bottom>0</bottom>
		<width>0</width>
		<height>0</height>
	</include>
	<include name="MaskingBars_coords1_21:9_masked">
		<left>-100</left>
		<bottom>-100</bottom>
		<width>2760</width>
		<height>287</height>
	</include>
	<include name="MaskingBars_coords1_4:3">
		<left>0</left>
		<bottom>0</bottom>
		<width>0</width>
		<height>0</height>
	</include>
	
	<include name="MaskingBars_coords2">
		<include condition="$EXP[NonMaskedCoordinates]">MaskingBars_coords2_16:9</include>
		<include condition="String.IsEqual(Skin.AspectRatio,21:9)">MaskingBars_coords2_21:9</include>
		<include condition="$EXP[MaskedCoordinates]">MaskingBars_coords2_21:9_masked</include>
		<include condition="String.IsEqual(Skin.AspectRatio,4:3)">MaskingBars_coords2_4:3</include>
	</include>
	<include name="MaskingBars_coords2_16:9">
		<left>0</left>
		<top>0</top>
		<width>0</width>
		<height>0</height>
	</include>
	<include name="MaskingBars_coords2_21:9">
		<left>0</left>
		<top>0</top>
		<width>0</width>
		<height>0</height>
	</include>
	<include name="MaskingBars_coords2_21:9_masked">
		<left>-100</left>
		<top>-100</top>
		<width>2760</width>
		<height>287</height>
	</include>
	<include name="MaskingBars_coords2_4:3">
		<left>0</left>
		<top>0</top>
		<width>0</width>
		<height>0</height>
	</include>
	
</includes>
