<?xml version="1.0" encoding="UTF-8"?>
<includes>

	<include name="VideoFullScreen_coords1">
		<include condition="$EXP[NonMaskedCoordinates]">VideoFullScreen_coords1_16:9</include>
		<include condition="String.IsEqual(Skin.AspectRatio,21:9)">VideoFullScreen_coords1_21:9</include>
		<include condition="$EXP[MaskedCoordinates]">VideoFullScreen_coords1_21:9_masked</include>
		<include condition="String.IsEqual(Skin.AspectRatio,4:3)">VideoFullScreen_coords1_4:3</include>
	</include>
	<include name="VideoFullScreen_coords1_16:9">
		<left>150</left>
		<top>75</top>
		<width>1620</width>
		<height>274</height>
	</include>
	<include name="VideoFullScreen_coords1_21:9">
		<left>150</left>
		<top>75</top>
		<width>2260</width>
		<height>274</height>
	</include>
	<include name="VideoFullScreen_coords1_21:9_masked">
		<left>150</left>
		<top>255</top>
		<width>2260</width>
		<height>274</height>
	</include>
	<include name="VideoFullScreen_coords1_4:3">
		<left>150</left>
		<top>75</top>
		<width>1140</width>
		<height>274</height>
	</include>
	
	<include name="VideoFullScreen_coords2">
		<include condition="$EXP[NonMaskedCoordinates]">VideoFullScreen_coords2_16:9</include>
		<include condition="String.IsEqual(Skin.AspectRatio,21:9)">VideoFullScreen_coords2_21:9</include>
		<include condition="$EXP[MaskedCoordinates]">VideoFullScreen_coords2_21:9_masked</include>
		<include condition="String.IsEqual(Skin.AspectRatio,4:3)">VideoFullScreen_coords2_4:3</include>
	</include>
	<include name="VideoFullScreen_coords2_16:9">
		<left>20</left>
		<top>20</top>
		<width>1580</width>
		<height>50</height>
	</include>
	<include name="VideoFullScreen_coords2_21:9">
		<left>20</left>
		<top>20</top>
		<width>2220</width>
		<height>50</height>
	</include>
	<include name="VideoFullScreen_coords2_21:9_masked">
		<left>20</left>
		<top>20</top>
		<width>2220</width>
		<height>50</height>
	</include>
	<include name="VideoFullScreen_coords2_4:3">
		<left>20</left>
		<top>20</top>
		<width>1580</width>
		<height>50</height>
	</include>
	
	<include name="VideoFullScreen_coords3">
		<include condition="$EXP[NonMaskedCoordinates]">VideoFullScreen_coords3_16:9</include>
		<include condition="String.IsEqual(Skin.AspectRatio,21:9)">VideoFullScreen_coords3_21:9</include>
		<include condition="$EXP[MaskedCoordinates]">VideoFullScreen_coords3_21:9_masked</include>
		<include condition="String.IsEqual(Skin.AspectRatio,4:3)">VideoFullScreen_coords3_4:3</include>
	</include>
	<include name="VideoFullScreen_coords3_16:9">
		<left>20</left>
		<top>110</top>
		<width>1580</width>
		<height>50</height>
	</include>
	<include name="VideoFullScreen_coords3_21:9">
		<left>20</left>
		<top>110</top>
		<width>2220</width>
		<height>50</height>
	</include>
	<include name="VideoFullScreen_coords3_21:9_masked">
		<left>20</left>
		<top>110</top>
		<width>2220</width>
		<height>50</height>
	</include>
	<include name="VideoFullScreen_coords3_4:3">
		<left>20</left>
		<top>110</top>
		<width>1100</width>
		<height>50</height>
	</include>
	
	<include name="VideoFullScreen_coords4">
		<include condition="$EXP[NonMaskedCoordinates]">VideoFullScreen_coords4_16:9</include>
		<include condition="String.IsEqual(Skin.AspectRatio,21:9)">VideoFullScreen_coords4_21:9</include>
		<include condition="$EXP[MaskedCoordinates]">VideoFullScreen_coords4_21:9_masked</include>
		<include condition="String.IsEqual(Skin.AspectRatio,4:3)">VideoFullScreen_coords4_4:3</include>
	</include>
	<include name="VideoFullScreen_coords4_16:9">
		<left>20</left>
		<top>200</top>
		<width>1580</width>
		<height>50</height>
	</include>
	<include name="VideoFullScreen_coords4_21:9">
		<left>20</left>
		<top>200</top>
		<width>2220</width>
		<height>50</height>
	</include>
	<include name="VideoFullScreen_coords4_21:9_masked">
		<left>20</left>
		<top>200</top>
		<width>2220</width>
		<height>50</height>
	</include>
	<include name="VideoFullScreen_coords4_4:3">
		<left>20</left>
		<top>200</top>
		<width>1100</width>
		<height>50</height>
	</include>
	
	<include name="VideoFullScreen_coords5">
		<include condition="$EXP[NonMaskedCoordinates]">VideoFullScreen_coords5_16:9</include>
		<include condition="String.IsEqual(Skin.AspectRatio,21:9)">VideoFullScreen_coords5_21:9</include>
		<include condition="$EXP[MaskedCoordinates]">VideoFullScreen_coords5_21:9_masked</include>
		<include condition="String.IsEqual(Skin.AspectRatio,4:3)">VideoFullScreen_coords5_4:3</include>
	</include>
	<include name="VideoFullScreen_coords5_16:9">
		<left>150</left>
		<top>75</top>
		<width>1620</width>
		<height>930</height>
	</include>
	<include name="VideoFullScreen_coords5_21:9">
		<left>150</left>
		<top>75</top>
		<width>2260</width>
		<height>930</height>
	</include>
	<include name="VideoFullScreen_coords5_21:9_masked">
		<left>150</left>
		<top>255</top>
		<width>2260</width>
		<height>930</height>
	</include>
	<include name="VideoFullScreen_coords5_4:3">
		<left>150</left>
		<top>75</top>
		<width>1140</width>
		<height>930</height>
	</include>
	
	<include name="VideoFullScreen_coords6">
		<include condition="$EXP[NonMaskedCoordinates]">VideoFullScreen_coords6_16:9</include>
		<include condition="String.IsEqual(Skin.AspectRatio,21:9)">VideoFullScreen_coords6_21:9</include>
		<include condition="$EXP[MaskedCoordinates]">VideoFullScreen_coords6_21:9_masked</include>
		<include condition="String.IsEqual(Skin.AspectRatio,4:3)">VideoFullScreen_coords6_4:3</include>
	</include>
	<include name="VideoFullScreen_coords6_16:9">
		<top>795</top>
		<width>1620</width>
		<height>60</height>
	</include>
	<include name="VideoFullScreen_coords6_21:9">
		<top>795</top>
		<width>2260</width>
		<height>60</height>
	</include>
	<include name="VideoFullScreen_coords6_21:9_masked">
		<top>795</top>
		<width>2260</width>
		<height>60</height>
	</include>
	<include name="VideoFullScreen_coords6_4:3">
		<top>795</top>
		<width>1140</width>
		<height>60</height>
	</include>
	
	<include name="VideoFullScreen_coords7">
		<include condition="$EXP[NonMaskedCoordinates]">VideoFullScreen_coords7_16:9</include>
		<include condition="String.IsEqual(Skin.AspectRatio,21:9)">VideoFullScreen_coords7_21:9</include>
		<include condition="$EXP[MaskedCoordinates]">VideoFullScreen_coords7_21:9_masked</include>
		<include condition="String.IsEqual(Skin.AspectRatio,4:3)">VideoFullScreen_coords7_4:3</include>
	</include>
	<include name="VideoFullScreen_coords7_16:9">
		<width>140</width>
		<height>60</height>
	</include>
	<include name="VideoFullScreen_coords7_21:9">
		<width>140</width>
		<height>60</height>
	</include>
	<include name="VideoFullScreen_coords7_21:9_masked">
		<width>140</width>
		<height>60</height>
	</include>
	<include name="VideoFullScreen_coords7_4:3">
		<width>140</width>
		<height>60</height>
	</include>
	
	<include name="VideoFullScreen_coords8">
		<include condition="$EXP[NonMaskedCoordinates]">VideoFullScreen_coords8_16:9</include>
		<include condition="String.IsEqual(Skin.AspectRatio,21:9)">VideoFullScreen_coords8_21:9</include>
		<include condition="$EXP[MaskedCoordinates]">VideoFullScreen_coords8_21:9_masked</include>
		<include condition="String.IsEqual(Skin.AspectRatio,4:3)">VideoFullScreen_coords8_4:3</include>
	</include>
	<include name="VideoFullScreen_coords8_16:9">
		<left>40</left>
		<width>60</width>
		<height>60</height>
	</include>
	<include name="VideoFullScreen_coords8_21:9">
		<left>40</left>
		<width>60</width>
		<height>60</height>
	</include>
	<include name="VideoFullScreen_coords8_21:9_masked">
		<left>40</left>
		<width>60</width>
		<height>60</height>
	</include>
	<include name="VideoFullScreen_coords8_4:3">
		<left>40</left>
		<width>60</width>
		<height>60</height>
	</include>
	
	<include name="VideoFullScreen_coords9">
		<include condition="$EXP[NonMaskedCoordinates]">VideoFullScreen_coords9_16:9</include>
		<include condition="String.IsEqual(Skin.AspectRatio,21:9)">VideoFullScreen_coords9_21:9</include>
		<include condition="$EXP[MaskedCoordinates]">VideoFullScreen_coords9_21:9_masked</include>
		<include condition="String.IsEqual(Skin.AspectRatio,4:3)">VideoFullScreen_coords9_4:3</include>
	</include>
	<include name="VideoFullScreen_coords9_16:9">
		<right>0</right>
		<width>140</width>
		<height>60</height>
	</include>
	<include name="VideoFullScreen_coords9_21:9">
		<right>0</right>
		<width>140</width>
		<height>60</height>
	</include>
	<include name="VideoFullScreen_coords9_21:9_masked">
		<right>0</right>
		<width>140</width>
		<height>60</height>
	</include>
	<include name="VideoFullScreen_coords9_4:3">
		<right>0</right>
		<width>140</width>
		<height>60</height>
	</include>
	
	<include name="VideoFullScreen_coords10">
		<include condition="$EXP[NonMaskedCoordinates]">VideoFullScreen_coords10_16:9</include>
		<include condition="String.IsEqual(Skin.AspectRatio,21:9)">VideoFullScreen_coords10_21:9</include>
		<include condition="$EXP[MaskedCoordinates]">VideoFullScreen_coords10_21:9_masked</include>
		<include condition="String.IsEqual(Skin.AspectRatio,4:3)">VideoFullScreen_coords10_4:3</include>
	</include>
	<include name="VideoFullScreen_coords10_16:9">
		<width>380</width>
		<height>60</height>
	</include>
	<include name="VideoFullScreen_coords10_21:9">
		<width>380</width>
		<height>60</height>
	</include>
	<include name="VideoFullScreen_coords10_21:9_masked">
		<width>380</width>
		<height>60</height>
	</include>
	<include name="VideoFullScreen_coords10_4:3">
		<width>380</width>
		<height>60</height>
	</include>
	
	<include name="VideoFullScreen_coords11">
		<include condition="$EXP[NonMaskedCoordinates]">VideoFullScreen_coords11_16:9</include>
		<include condition="String.IsEqual(Skin.AspectRatio,21:9)">VideoFullScreen_coords11_21:9</include>
		<include condition="$EXP[MaskedCoordinates]">VideoFullScreen_coords11_21:9_masked</include>
		<include condition="String.IsEqual(Skin.AspectRatio,4:3)">VideoFullScreen_coords11_4:3</include>
	</include>
	<include name="VideoFullScreen_coords11_16:9">
		<left>10</left>
		<width>60</width>
		<height>60</height>
	</include>
	<include name="VideoFullScreen_coords11_21:9">
		<left>10</left>
		<width>60</width>
		<height>60</height>
	</include>
	<include name="VideoFullScreen_coords11_21:9_masked">
		<left>10</left>
		<width>60</width>
		<height>60</height>
	</include>
	<include name="VideoFullScreen_coords11_4:3">
		<left>10</left>
		<width>60</width>
		<height>60</height>
	</include>
	
	<include name="VideoFullScreen_coords12">
		<include condition="$EXP[NonMaskedCoordinates]">VideoFullScreen_coords12_16:9</include>
		<include condition="String.IsEqual(Skin.AspectRatio,21:9)">VideoFullScreen_coords12_21:9</include>
		<include condition="$EXP[MaskedCoordinates]">VideoFullScreen_coords12_21:9_masked</include>
		<include condition="String.IsEqual(Skin.AspectRatio,4:3)">VideoFullScreen_coords12_4:3</include>
	</include>
	<include name="VideoFullScreen_coords12_16:9">
		<left>80</left>
		<width>280</width>
		<height>60</height>
	</include>
	<include name="VideoFullScreen_coords12_21:9">
		<left>80</left>
		<width>280</width>
		<height>60</height>
	</include>
	<include name="VideoFullScreen_coords12_21:9_masked">
		<left>80</left>
		<width>280</width>
		<height>60</height>
	</include>
	<include name="VideoFullScreen_coords12_4:3">
		<left>80</left>
		<width>280</width>
		<height>60</height>
	</include>
	
	<include name="VideoFullScreen_coords13">
		<include condition="$EXP[NonMaskedCoordinates]">VideoFullScreen_coords13_16:9</include>
		<include condition="String.IsEqual(Skin.AspectRatio,21:9)">VideoFullScreen_coords13_21:9</include>
		<include condition="$EXP[MaskedCoordinates]">VideoFullScreen_coords13_21:9_masked</include>
		<include condition="String.IsEqual(Skin.AspectRatio,4:3)">VideoFullScreen_coords13_4:3</include>
	</include>
	<include name="VideoFullScreen_coords13_16:9">
		<top>75</top>
		<width>1620</width>
		<height>60</height>
	</include>
	<include name="VideoFullScreen_coords13_21:9">
		<top>75</top>
		<width>2260</width>
		<height>60</height>
	</include>
	<include name="VideoFullScreen_coords13_21:9_masked">
		<top>75</top>
		<width>2260</width>
		<height>60</height>
	</include>
	<include name="VideoFullScreen_coords13_4:3">
		<top>75</top>
		<width>1140</width>
		<height>60</height>
	</include>
	
	<include name="VideoFullScreen_coords14">
		<include condition="$EXP[NonMaskedCoordinates]">VideoFullScreen_coords14_16:9</include>
		<include condition="String.IsEqual(Skin.AspectRatio,21:9)">VideoFullScreen_coords14_21:9</include>
		<include condition="$EXP[MaskedCoordinates]">VideoFullScreen_coords14_21:9_masked</include>
		<include condition="String.IsEqual(Skin.AspectRatio,4:3)">VideoFullScreen_coords14_4:3</include>
	</include>
	<include name="VideoFullScreen_coords14_16:9">
		<width>1620</width>
		<height>60</height>
	</include>
	<include name="VideoFullScreen_coords14_21:9">
		<width>2260</width>
		<height>60</height>
	</include>
	<include name="VideoFullScreen_coords14_21:9_masked">
		<width>2260</width>
		<height>60</height>
	</include>
	<include name="VideoFullScreen_coords14_4:3">
		<width>1140</width>
		<height>60</height>
	</include>
	
	<include name="VideoFullScreen_coords15">
		<include condition="$EXP[NonMaskedCoordinates]">VideoFullScreen_coords15_16:9</include>
		<include condition="String.IsEqual(Skin.AspectRatio,21:9)">VideoFullScreen_coords15_21:9</include>
		<include condition="$EXP[MaskedCoordinates]">VideoFullScreen_coords15_21:9_masked</include>
		<include condition="String.IsEqual(Skin.AspectRatio,4:3)">VideoFullScreen_coords15_4:3</include>
	</include>
	<include name="VideoFullScreen_coords15_16:9">
		<width>180</width>
		<height>60</height>
	</include>
	<include name="VideoFullScreen_coords15_21:9">
		<width>180</width>
		<height>60</height>
	</include>
	<include name="VideoFullScreen_coords15_21:9_masked">
		<width>180</width>
		<height>60</height>
	</include>
	<include name="VideoFullScreen_coords15_4:3">
		<width>180</width>
		<height>60</height>
	</include>
	
	<include name="VideoFullScreen_coords16">
		<include condition="$EXP[NonMaskedCoordinates]">VideoFullScreen_coords16_16:9</include>
		<include condition="String.IsEqual(Skin.AspectRatio,21:9)">VideoFullScreen_coords16_21:9</include>
		<include condition="$EXP[MaskedCoordinates]">VideoFullScreen_coords16_21:9_masked</include>
		<include condition="String.IsEqual(Skin.AspectRatio,4:3)">VideoFullScreen_coords16_4:3</include>
	</include>
	<include name="VideoFullScreen_coords16_16:9">
		<left>1280</left>
		<width>340</width>
		<height>60</height>
	</include>
	<include name="VideoFullScreen_coords16_21:9">
		<left>1920</left>
		<width>340</width>
		<height>60</height>
	</include>
	<include name="VideoFullScreen_coords16_21:9_masked">
		<left>1920</left>
		<width>340</width>
		<height>60</height>
	</include>
	<include name="VideoFullScreen_coords16_4:3">
		<left>800</left>
		<width>340</width>
		<height>60</height>
	</include>
	
	<include name="VideoFullScreen_coords17">
		<include condition="$EXP[NonMaskedCoordinates]">VideoFullScreen_coords17_16:9</include>
		<include condition="String.IsEqual(Skin.AspectRatio,21:9)">VideoFullScreen_coords17_21:9</include>
		<include condition="$EXP[MaskedCoordinates]">VideoFullScreen_coords17_21:9_masked</include>
		<include condition="String.IsEqual(Skin.AspectRatio,4:3)">VideoFullScreen_coords17_4:3</include>
	</include>
	<include name="VideoFullScreen_coords17_16:9">
		<left>20</left>
		<width>260</width>
		<height>60</height>
	</include>
	<include name="VideoFullScreen_coords17_21:9">
		<left>20</left>
		<width>260</width>
		<height>60</height>
	</include>
	<include name="VideoFullScreen_coords17_21:9_masked">
		<left>20</left>
		<width>260</width>
		<height>60</height>
	</include>
	<include name="VideoFullScreen_coords17_4:3">
		<left>20</left>
		<width>260</width>
		<height>60</height>
	</include>
	
	<include name="VideoFullScreen_coords18">
		<include condition="$EXP[NonMaskedCoordinates]">VideoFullScreen_coords18_16:9</include>
		<include condition="String.IsEqual(Skin.AspectRatio,21:9)">VideoFullScreen_coords18_21:9</include>
		<include condition="$EXP[MaskedCoordinates]">VideoFullScreen_coords18_21:9_masked</include>
		<include condition="String.IsEqual(Skin.AspectRatio,4:3)">VideoFullScreen_coords18_4:3</include>
	</include>
	<include name="VideoFullScreen_coords18_16:9">
		<left>20</left>
		<width>140</width>
		<height>60</height>
	</include>
	<include name="VideoFullScreen_coords18_21:9">
		<left>20</left>
		<width>140</width>
		<height>60</height>
	</include>
	<include name="VideoFullScreen_coords18_21:9_masked">
		<left>20</left>
		<width>140</width>
		<height>60</height>
	</include>
	<include name="VideoFullScreen_coords18_4:3">
		<left>20</left>
		<width>140</width>
		<height>60</height>
	</include>
	
	<include name="VideoFullScreen_coords19">
		<include condition="$EXP[NonMaskedCoordinates]">VideoFullScreen_coords19_16:9</include>
		<include condition="String.IsEqual(Skin.AspectRatio,21:9)">VideoFullScreen_coords19_21:9</include>
		<include condition="$EXP[MaskedCoordinates]">VideoFullScreen_coords19_21:9_masked</include>
		<include condition="String.IsEqual(Skin.AspectRatio,4:3)">VideoFullScreen_coords19_4:3</include>
	</include>
	<include name="VideoFullScreen_coords19_16:9">
		<left>280</left>
		<top>20</top>
		<width>920</width>
		<height>20</height>
	</include>
	<include name="VideoFullScreen_coords19_21:9">
		<left>280</left>
		<top>20</top>
		<width>1560</width>
		<height>20</height>
	</include>
	<include name="VideoFullScreen_coords19_21:9_masked">
		<left>280</left>
		<top>20</top>
		<width>1560</width>
		<height>20</height>
	</include>
	<include name="VideoFullScreen_coords19_4:3">
		<left>280</left>
		<top>20</top>
		<width>440</width>
		<height>20</height>
	</include>
	
	<include name="VideoFullScreen_coords20">
		<include condition="$EXP[NonMaskedCoordinates]">VideoFullScreen_coords20_16:9</include>
		<include condition="String.IsEqual(Skin.AspectRatio,21:9)">VideoFullScreen_coords20_21:9</include>
		<include condition="$EXP[MaskedCoordinates]">VideoFullScreen_coords20_21:9_masked</include>
		<include condition="String.IsEqual(Skin.AspectRatio,4:3)">VideoFullScreen_coords20_4:3</include>
	</include>
	<include name="VideoFullScreen_coords20_16:9">
		<left>280</left>
		<top>28</top>
		<width>920</width>
		<height>8</height>
	</include>
	<include name="VideoFullScreen_coords20_21:9">
		<left>280</left>
		<top>28</top>
		<width>1560</width>
		<height>8</height>
	</include>
	<include name="VideoFullScreen_coords20_21:9_masked">
		<left>280</left>
		<top>28</top>
		<width>1560</width>
		<height>8</height>
	</include>
	<include name="VideoFullScreen_coords20_4:3">
		<left>280</left>
		<top>28</top>
		<width>440</width>
		<height>8</height>
	</include>
	
	<include name="VideoFullScreen_coords21">
		<include condition="$EXP[NonMaskedCoordinates]">VideoFullScreen_coords21_16:9</include>
		<include condition="String.IsEqual(Skin.AspectRatio,21:9)">VideoFullScreen_coords21_21:9</include>
		<include condition="$EXP[MaskedCoordinates]">VideoFullScreen_coords21_21:9_masked</include>
		<include condition="String.IsEqual(Skin.AspectRatio,4:3)">VideoFullScreen_coords21_4:3</include>
	</include>
	<include name="VideoFullScreen_coords21_16:9">
		<left>280</left>
		<top>16</top>
		<width>920</width>
		<height>8</height>
	</include>
	<include name="VideoFullScreen_coords21_21:9">
		<left>280</left>
		<top>16</top>
		<width>1560</width>
		<height>8</height>
	</include>
	<include name="VideoFullScreen_coords21_21:9_masked">
		<left>280</left>
		<top>16</top>
		<width>1560</width>
		<height>8</height>
	</include>
	<include name="VideoFullScreen_coords21_4:3">
		<left>280</left>
		<top>16</top>
		<width>440</width>
		<height>8</height>
	</include>
	
	<include name="VideoFullScreen_coords22">
		<include condition="$EXP[NonMaskedCoordinates]">VideoFullScreen_coords22_16:9</include>
		<include condition="String.IsEqual(Skin.AspectRatio,21:9)">VideoFullScreen_coords22_21:9</include>
		<include condition="$EXP[MaskedCoordinates]">VideoFullScreen_coords22_21:9_masked</include>
		<include condition="String.IsEqual(Skin.AspectRatio,4:3)">VideoFullScreen_coords22_4:3</include>
	</include>
	<include name="VideoFullScreen_coords22_16:9">
		<left>280</left>
		<top>12</top>
		<width>920</width>
		<height>20</height>
	</include>
	<include name="VideoFullScreen_coords22_21:9">
		<left>280</left>
		<top>12</top>
		<width>1560</width>
		<height>20</height>
	</include>
	<include name="VideoFullScreen_coords22_21:9_masked">
		<left>280</left>
		<top>12</top>
		<width>1560</width>
		<height>20</height>
	</include>
	<include name="VideoFullScreen_coords22_4:3">
		<left>280</left>
		<top>12</top>
		<width>440</width>
		<height>20</height>
	</include>
	
	<include name="VideoFullScreen_coords23">
		<include condition="$EXP[NonMaskedCoordinates]">VideoFullScreen_coords23_16:9</include>
		<include condition="String.IsEqual(Skin.AspectRatio,21:9)">VideoFullScreen_coords23_21:9</include>
		<include condition="$EXP[MaskedCoordinates]">VideoFullScreen_coords23_21:9_masked</include>
		<include condition="String.IsEqual(Skin.AspectRatio,4:3)">VideoFullScreen_coords23_4:3</include>
	</include>
	<include name="VideoFullScreen_coords23_16:9">
		<right>20</right>
		<width>600</width>
		<height>60</height>
	</include>
	<include name="VideoFullScreen_coords23_21:9">
		<right>20</right>
		<width>600</width>
		<height>60</height>
	</include>
	<include name="VideoFullScreen_coords23_21:9_masked">
		<right>20</right>
		<width>600</width>
		<height>60</height>
	</include>
	<include name="VideoFullScreen_coords23_4:3">
		<right>20</right>
		<width>600</width>
		<height>60</height>
	</include>
	
	<include name="VideoFullScreen_coords24">
		<include condition="$EXP[NonMaskedCoordinates]">VideoFullScreen_coords24_16:9</include>
		<include condition="String.IsEqual(Skin.AspectRatio,21:9)">VideoFullScreen_coords24_21:9</include>
		<include condition="$EXP[MaskedCoordinates]">VideoFullScreen_coords24_21:9_masked</include>
		<include condition="String.IsEqual(Skin.AspectRatio,4:3)">VideoFullScreen_coords24_4:3</include>
	</include>
	<include name="VideoFullScreen_coords24_16:9">
		<right>20</right>
		<width>300</width>
		<height>60</height>
	</include>
	<include name="VideoFullScreen_coords24_21:9">
		<right>20</right>
		<width>300</width>
		<height>60</height>
	</include>
	<include name="VideoFullScreen_coords24_21:9_masked">
		<right>20</right>
		<width>300</width>
		<height>60</height>
	</include>
	<include name="VideoFullScreen_coords24_4:3">
		<right>20</right>
		<width>300</width>
		<height>60</height>
	</include>
	
	<include name="VideoFullScreen_coords25">
		<include condition="$EXP[NonMaskedCoordinates]">VideoFullScreen_coords25_16:9</include>
		<include condition="String.IsEqual(Skin.AspectRatio,21:9)">VideoFullScreen_coords25_21:9</include>
		<include condition="$EXP[MaskedCoordinates]">VideoFullScreen_coords25_21:9_masked</include>
		<include condition="String.IsEqual(Skin.AspectRatio,4:3)">VideoFullScreen_coords25_4:3</include>
	</include>
	<include name="VideoFullScreen_coords25_16:9">
		<width>1620</width>
		<height>278</height>
	</include>
	<include name="VideoFullScreen_coords25_21:9">
		<width>2260</width>
		<height>278</height>
	</include>
	<include name="VideoFullScreen_coords25_21:9_masked">
		<width>2260</width>
		<height>278</height>
	</include>
	<include name="VideoFullScreen_coords25_4:3">
		<width>1140</width>
		<height>278</height>
	</include>
	
	<include name="VideoFullScreen_coords26">
		<include condition="$EXP[NonMaskedCoordinates]">VideoFullScreen_coords26_16:9</include>
		<include condition="String.IsEqual(Skin.AspectRatio,21:9)">VideoFullScreen_coords26_21:9</include>
		<include condition="$EXP[MaskedCoordinates]">VideoFullScreen_coords26_21:9_masked</include>
		<include condition="String.IsEqual(Skin.AspectRatio,4:3)">VideoFullScreen_coords26_4:3</include>
	</include>
	<include name="VideoFullScreen_coords26_16:9">
		<left>20</left>
		<top>14</top>
		<width>1300</width>
		<height>30</height>
	</include>
	<include name="VideoFullScreen_coords26_21:9">
		<left>20</left>
		<top>14</top>
		<width>1940</width>
		<height>30</height>
	</include>
	<include name="VideoFullScreen_coords26_21:9_masked">
		<left>20</left>
		<top>14</top>
		<width>1940</width>
		<height>30</height>
	</include>
	<include name="VideoFullScreen_coords26_4:3">
		<left>20</left>
		<top>14</top>
		<width>820</width>
		<height>30</height>
	</include>
	
	<include name="VideoFullScreen_coords27">
		<include condition="$EXP[NonMaskedCoordinates]">VideoFullScreen_coords27_16:9</include>
		<include condition="String.IsEqual(Skin.AspectRatio,21:9)">VideoFullScreen_coords27_21:9</include>
		<include condition="$EXP[MaskedCoordinates]">VideoFullScreen_coords27_21:9_masked</include>
		<include condition="String.IsEqual(Skin.AspectRatio,4:3)">VideoFullScreen_coords27_4:3</include>
	</include>
	<include name="VideoFullScreen_coords27_16:9">
		<left>20</left>
		<top>14</top>
		<width>1020</width>
		<height>30</height>
	</include>
	<include name="VideoFullScreen_coords27_21:9">
		<left>20</left>
		<top>14</top>
		<width>1660</width>
		<height>30</height>
	</include>
	<include name="VideoFullScreen_coords27_21:9_masked">
		<left>20</left>
		<top>14</top>
		<width>1660</width>
		<height>30</height>
	</include>
	<include name="VideoFullScreen_coords27_4:3">
		<left>20</left>
		<top>14</top>
		<width>540</width>
		<height>30</height>
	</include>
	
	<include name="VideoFullScreen_coords28">
		<include condition="$EXP[NonMaskedCoordinates]">VideoFullScreen_coords28_16:9</include>
		<include condition="String.IsEqual(Skin.AspectRatio,21:9)">VideoFullScreen_coords28_21:9</include>
		<include condition="$EXP[MaskedCoordinates]">VideoFullScreen_coords28_21:9_masked</include>
		<include condition="String.IsEqual(Skin.AspectRatio,4:3)">VideoFullScreen_coords28_4:3</include>
	</include>
	<include name="VideoFullScreen_coords28_16:9">
		<right>300</right>
		<top>14</top>
		<width>280</width>
		<height>30</height>
	</include>
	<include name="VideoFullScreen_coords28_21:9">
		<right>300</right>
		<top>14</top>
		<width>280</width>
		<height>30</height>
	</include>
	<include name="VideoFullScreen_coords28_21:9_masked">
		<right>300</right>
		<top>14</top>
		<width>280</width>
		<height>30</height>
	</include>
	<include name="VideoFullScreen_coords28_4:3">
		<right>300</right>
		<top>14</top>
		<width>280</width>
		<height>30</height>
	</include>
	
	<include name="VideoFullScreen_coords29">
		<include condition="$EXP[NonMaskedCoordinates]">VideoFullScreen_coords29_16:9</include>
		<include condition="String.IsEqual(Skin.AspectRatio,21:9)">VideoFullScreen_coords29_21:9</include>
		<include condition="$EXP[MaskedCoordinates]">VideoFullScreen_coords29_21:9_masked</include>
		<include condition="String.IsEqual(Skin.AspectRatio,4:3)">VideoFullScreen_coords29_4:3</include>
	</include>
	<include name="VideoFullScreen_coords29_16:9">
		<left>20</left>
		<top>57</top>
		<width>1280</width>
		<height>163</height>
	</include>
	<include name="VideoFullScreen_coords29_21:9">
		<left>20</left>
		<top>57</top>
		<width>1920</width>
		<height>163</height>
	</include>
	<include name="VideoFullScreen_coords29_21:9_masked">
		<left>20</left>
		<top>57</top>
		<width>1920</width>
		<height>163</height>
	</include>
	<include name="VideoFullScreen_coords29_4:3">
		<left>20</left>
		<top>57</top>
		<width>800</width>
		<height>163</height>
	</include>
	
	<include name="VideoFullScreen_coords30">
		<include condition="$EXP[NonMaskedCoordinates]">VideoFullScreen_coords30_16:9</include>
		<include condition="String.IsEqual(Skin.AspectRatio,21:9)">VideoFullScreen_coords30_21:9</include>
		<include condition="$EXP[MaskedCoordinates]">VideoFullScreen_coords30_21:9_masked</include>
		<include condition="String.IsEqual(Skin.AspectRatio,4:3)">VideoFullScreen_coords30_4:3</include>
	</include>
	<include name="VideoFullScreen_coords30_16:9">
		<height>157</height>
	</include>
	<include name="VideoFullScreen_coords30_21:9">
		<height>157</height>
	</include>
	<include name="VideoFullScreen_coords30_21:9_masked">
		<height>157</height>
	</include>
	<include name="VideoFullScreen_coords30_4:3">
		<height>157</height>
	</include>
	
	<include name="VideoFullScreen_coords31">
		<include condition="$EXP[NonMaskedCoordinates]">VideoFullScreen_coords31_16:9</include>
		<include condition="String.IsEqual(Skin.AspectRatio,21:9)">VideoFullScreen_coords31_21:9</include>
		<include condition="$EXP[MaskedCoordinates]">VideoFullScreen_coords31_21:9_masked</include>
		<include condition="String.IsEqual(Skin.AspectRatio,4:3)">VideoFullScreen_coords31_4:3</include>
	</include>
	<include name="VideoFullScreen_coords31_16:9">
		<height>140</height>
	</include>
	<include name="VideoFullScreen_coords31_21:9">
		<height>140</height>
	</include>
	<include name="VideoFullScreen_coords31_21:9_masked">
		<height>140</height>
	</include>
	<include name="VideoFullScreen_coords31_4:3">
		<height>140</height>
	</include>
	
	<include name="VideoFullScreen_coords32">
		<include condition="$EXP[NonMaskedCoordinates]">VideoFullScreen_coords32_16:9</include>
		<include condition="String.IsEqual(Skin.AspectRatio,21:9)">VideoFullScreen_coords32_21:9</include>
		<include condition="$EXP[MaskedCoordinates]">VideoFullScreen_coords32_21:9_masked</include>
		<include condition="String.IsEqual(Skin.AspectRatio,4:3)">VideoFullScreen_coords32_4:3</include>
	</include>
	<include name="VideoFullScreen_coords32_16:9">
		<height>159</height>
	</include>
	<include name="VideoFullScreen_coords32_21:9">
		<height>159</height>
	</include>
	<include name="VideoFullScreen_coords32_21:9_masked">
		<height>159</height>
	</include>
	<include name="VideoFullScreen_coords32_4:3">
		<height>159</height>
	</include>
	
	<include name="VideoFullScreen_coords33">
		<include condition="$EXP[NonMaskedCoordinates]">VideoFullScreen_coords33_16:9</include>
		<include condition="String.IsEqual(Skin.AspectRatio,21:9)">VideoFullScreen_coords33_21:9</include>
		<include condition="$EXP[MaskedCoordinates]">VideoFullScreen_coords33_21:9_masked</include>
		<include condition="String.IsEqual(Skin.AspectRatio,4:3)">VideoFullScreen_coords33_4:3</include>
	</include>
	<include name="VideoFullScreen_coords33_16:9">
		<left>20</left>
		<top>233</top>
		<width>1280</width>
		<height>30</height>
	</include>
	<include name="VideoFullScreen_coords33_21:9">
		<left>20</left>
		<top>233</top>
		<width>1920</width>
		<height>30</height>
	</include>
	<include name="VideoFullScreen_coords33_21:9_masked">
		<left>20</left>
		<top>233</top>
		<width>1920</width>
		<height>30</height>
	</include>
	<include name="VideoFullScreen_coords33_4:3">
		<left>20</left>
		<top>233</top>
		<width>800</width>
		<height>30</height>
	</include>
	
	<include name="VideoFullScreen_coords34">
		<include condition="$EXP[NonMaskedCoordinates]">VideoFullScreen_coords34_16:9</include>
		<include condition="String.IsEqual(Skin.AspectRatio,21:9)">VideoFullScreen_coords34_21:9</include>
		<include condition="$EXP[MaskedCoordinates]">VideoFullScreen_coords34_21:9_masked</include>
		<include condition="String.IsEqual(Skin.AspectRatio,4:3)">VideoFullScreen_coords34_4:3</include>
	</include>
	<include name="VideoFullScreen_coords34_16:9">
		<right>20</right>
		<top>20</top>
		<width>234</width>
		<height>238</height>
	</include>
	<include name="VideoFullScreen_coords34_21:9">
		<right>20</right>
		<top>20</top>
		<width>234</width>
		<height>238</height>
	</include>
	<include name="VideoFullScreen_coords34_21:9_masked">
		<right>20</right>
		<top>20</top>
		<width>234</width>
		<height>238</height>
	</include>
	<include name="VideoFullScreen_coords34_4:3">
		<right>20</right>
		<top>20</top>
		<width>234</width>
		<height>238</height>
	</include>

	<include name="VideoFullScreen_coords35">
		<include condition="$EXP[NonMaskedCoordinates]">VideoFullScreen_coords35_16:9</include>
		<include condition="String.IsEqual(Skin.AspectRatio,21:9)">VideoFullScreen_coords35_21:9</include>
		<include condition="$EXP[MaskedCoordinates]">VideoFullScreen_coords35_21:9_masked</include>
		<include condition="String.IsEqual(Skin.AspectRatio,4:3)">VideoFullScreen_coords35_4:3</include>
	</include>
	<include name="VideoFullScreen_coords35_16:9">
		<top>292</top>
		<width>1620</width>
		<height>40</height>
	</include>
	<include name="VideoFullScreen_coords35_21:9">
		<top>292</top>
		<width>2260</width>
		<height>40</height>
	</include>
	<include name="VideoFullScreen_coords35_21:9_masked">
		<top>292</top>
		<width>2260</width>
		<height>40</height>
	</include>
	<include name="VideoFullScreen_coords35_4:3">
		<top>292</top>
		<width>1140</width>
		<height>40</height>
	</include>
	
	<include name="VideoFullScreen_coords36">
		<include condition="$EXP[NonMaskedCoordinates]">VideoFullScreen_coords36_16:9</include>
		<include condition="String.IsEqual(Skin.AspectRatio,21:9)">VideoFullScreen_coords36_21:9</include>
		<include condition="$EXP[MaskedCoordinates]">VideoFullScreen_coords36_21:9_masked</include>
		<include condition="String.IsEqual(Skin.AspectRatio,4:3)">VideoFullScreen_coords36_4:3</include>
	</include>
	<include name="VideoFullScreen_coords36_16:9">
		<width>1620</width>
		<height>40</height>
	</include>
	<include name="VideoFullScreen_coords36_21:9">
		<width>2260</width>
		<height>40</height>
	</include>
	<include name="VideoFullScreen_coords36_21:9_masked">
		<width>2260</width>
		<height>40</height>
	</include>
	<include name="VideoFullScreen_coords36_4:3">
		<width>1140</width>
		<height>40</height>
	</include>
	
	<include name="VideoFullScreen_coords37">
		<include condition="$EXP[NonMaskedCoordinates]">VideoFullScreen_coords37_16:9</include>
		<include condition="String.IsEqual(Skin.AspectRatio,21:9)">VideoFullScreen_coords37_21:9</include>
		<include condition="$EXP[MaskedCoordinates]">VideoFullScreen_coords37_21:9_masked</include>
		<include condition="String.IsEqual(Skin.AspectRatio,4:3)">VideoFullScreen_coords37_4:3</include>
	</include>
	<include name="VideoFullScreen_coords37_16:9">
		<width>1280</width>
		<height>40</height>
		<left>20</left>
	</include>
	<include name="VideoFullScreen_coords37_21:9">
		<width>1920</width>
		<height>40</height>
		<left>20</left>
	</include>
	<include name="VideoFullScreen_coords37_21:9_masked">
		<width>1920</width>
		<height>40</height>
		<left>20</left>
	</include>
	<include name="VideoFullScreen_coords37_4:3">
		<width>800</width>
		<height>40</height>
		<left>20</left>
	</include>
	
	<include name="VideoFullScreen_coords38">
		<include condition="$EXP[NonMaskedCoordinates]">VideoFullScreen_coords38_16:9</include>
		<include condition="String.IsEqual(Skin.AspectRatio,21:9)">VideoFullScreen_coords38_21:9</include>
		<include condition="$EXP[MaskedCoordinates]">VideoFullScreen_coords38_21:9_masked</include>
		<include condition="String.IsEqual(Skin.AspectRatio,4:3)">VideoFullScreen_coords38_4:3</include>
	</include>
	<include name="VideoFullScreen_coords38_16:9">
		<width>1580</width>
		<height>40</height>
		<left>20</left>
	</include>
	<include name="VideoFullScreen_coords38_21:9">
		<width>2220</width>
		<height>40</height>
		<left>20</left>
	</include>
	<include name="VideoFullScreen_coords38_21:9_masked">
		<width>2220</width>
		<height>40</height>
		<left>20</left>
	</include>
	<include name="VideoFullScreen_coords38_4:3">
		<width>1100</width>
		<height>40</height>
		<left>20</left>
	</include>
	
	<include name="VideoFullScreen_coords39">
		<include condition="$EXP[NonMaskedCoordinates]">VideoFullScreen_coords39_16:9</include>
		<include condition="String.IsEqual(Skin.AspectRatio,21:9)">VideoFullScreen_coords39_21:9</include>
		<include condition="$EXP[MaskedCoordinates]">VideoFullScreen_coords39_21:9_masked</include>
		<include condition="String.IsEqual(Skin.AspectRatio,4:3)">VideoFullScreen_coords39_4:3</include>
	</include>
	<include name="VideoFullScreen_coords39_16:9">
		<left>-150</left>
		<top>-75</top>
		<width>1920</width>
		<height>1080</height>
	</include>
	<include name="VideoFullScreen_coords39_21:9">
		<left>-150</left>
		<top>-75</top>
		<width>2560</width>
		<height>1080</height>
	</include>
	<include name="VideoFullScreen_coords39_21:9_masked">
		<left>-150</left>
		<top>-75</top>
		<width>2560</width>
		<height>1080</height>
	</include>
	<include name="VideoFullScreen_coords39_4:3">
		<left>-150</left>
		<top>-75</top>
		<width>1440</width>
		<height>1080</height>
	</include>
	
	<include name="VideoFullScreen_coords40">
		<include condition="$EXP[NonMaskedCoordinates]">VideoFullScreen_coords40_16:9</include>
		<include condition="String.IsEqual(Skin.AspectRatio,21:9)">VideoFullScreen_coords40_21:9</include>
		<include condition="$EXP[MaskedCoordinates]">VideoFullScreen_coords40_21:9_masked</include>
		<include condition="String.IsEqual(Skin.AspectRatio,4:3)">VideoFullScreen_coords40_4:3</include>
	</include>
	<include name="VideoFullScreen_coords40_16:9">
		<centerleft>50%</centerleft>
		<centertop>50%</centertop>
		<width>140</width>
		<height>140</height>
	</include>
	<include name="VideoFullScreen_coords40_21:9">
		<centerleft>50%</centerleft>
		<centertop>50%</centertop>
		<width>140</width>
		<height>140</height>
	</include>
	<include name="VideoFullScreen_coords40_21:9_masked">
		<centerleft>50%</centerleft>
		<centertop>50%</centertop>
		<width>140</width>
		<height>140</height>
	</include>
	<include name="VideoFullScreen_coords40_4:3">
		<centerleft>50%</centerleft>
		<centertop>50%</centertop>
		<width>140</width>
		<height>140</height>
	</include>

</includes>