<?xml version="1.0" encoding="UTF-8"?>
<includes>

	<include name="DialogButtons">
		<include condition="$EXP[NonMaskedCoordinates]">DialogButtons_16:9</include>
		<include condition="String.IsEqual(Skin.AspectRatio,21:9)">DialogButtons_21:9</include>
		<include condition="$EXP[MaskedCoordinates]">DialogButtons_21:9_masked</include>
		<include condition="String.IsEqual(Skin.AspectRatio,4:3)">DialogButtons_4:3</include>
	</include>
	<include name="DialogButtons_16:9">
		<left>120</left>
		<bottom>100</bottom>
		<width>1680</width>
		<height>66</height>
	</include>
	<include name="DialogButtons_21:9">
		<left>120</left>
		<bottom>100</bottom>
		<width>2320</width>
		<height>66</height>
	</include>
	<include name="DialogButtons_21:9_masked">
		<left>120</left>
		<bottom>280</bottom>
		<width>2320</width>
		<height>66</height>
	</include>
	<include name="DialogButtons_4:3">
		<left>120</left>
		<bottom>100</bottom>
		<width>1200</width>
		<height>66</height>
	</include>
	
	<include name="OptionsSideMenu1">
		<include condition="$EXP[NonMaskedCoordinates]">OptionsSideMenu1_16:9</include>
		<include condition="String.IsEqual(Skin.AspectRatio,21:9)">OptionsSideMenu1_21:9</include>
		<include condition="$EXP[MaskedCoordinates]">OptionsSideMenu1_21:9_masked</include>
		<include condition="String.IsEqual(Skin.AspectRatio,4:3)">OptionsSideMenu1_4:3</include>
	</include>
	<include name="OptionsSideMenu1_16:9">
		<left>-100</left>
		<top>0</top>
		<width>550</width>
		<height>1080</height>
	</include>
	<include name="OptionsSideMenu1_21:9">
		<left>-100</left>
		<top>0</top>
		<width>550</width>
		<height>1080</height>
	</include>
	<include name="OptionsSideMenu1_21:9_masked">
		<left>-100</left>
		<top>0</top>
		<width>550</width>
		<height>1440</height>
	</include>
	<include name="OptionsSideMenu1_4:3">
		<left>-100</left>
		<top>0</top>
		<width>550</width>
		<height>1080</height>
	</include>
	
	<include name="OptionsSideMenu2">
		<include condition="$EXP[NonMaskedCoordinates]">OptionsSideMenu2_16:9</include>
		<include condition="String.IsEqual(Skin.AspectRatio,21:9)">OptionsSideMenu2_21:9</include>
		<include condition="$EXP[MaskedCoordinates]">OptionsSideMenu2_21:9_masked</include>
		<include condition="String.IsEqual(Skin.AspectRatio,4:3)">OptionsSideMenu2_4:3</include>
	</include>
	<include name="OptionsSideMenu2_16:9">
		<left>20</left>
		<top>10</top> <!-- -10 because there are two spacers -->
		<width>410</width>
		<height>1040</height>
	</include>
	<include name="OptionsSideMenu2_21:9">
		<left>20</left>
		<top>10</top> <!-- -10 because there are two spacers -->
		<width>410</width>
		<height>1040</height>
	</include>
	<include name="OptionsSideMenu2_21:9_masked">
		<left>20</left>
		<top>190</top> <!-- -10 because there are two spacers -->
		<width>410</width>
		<height>1040</height>
	</include>
	<include name="OptionsSideMenu2_4:3">
		<left>20</left>
		<top>10</top> <!-- -10 because there are two spacers -->
		<width>410</width>
		<height>1040</height>
	</include>
	
	<include name="OptionsSideMenu3">
		<include condition="$EXP[NonMaskedCoordinates]">OptionsSideMenu3_16:9</include>
		<include condition="String.IsEqual(Skin.AspectRatio,21:9)">OptionsSideMenu3_21:9</include>
		<include condition="$EXP[MaskedCoordinates]">OptionsSideMenu3_21:9_masked</include>
		<include condition="String.IsEqual(Skin.AspectRatio,4:3)">OptionsSideMenu3_4:3</include>
	</include>
	<include name="OptionsSideMenu3_16:9">
		<left>20</left>
		<top>20</top>
		<width>410</width>
		<height>1040</height>
	</include>
	<include name="OptionsSideMenu3_21:9">
		<left>20</left>
		<top>20</top>
		<width>410</width>
		<height>1040</height>
	</include>
	<include name="OptionsSideMenu3_21:9_masked">
		<left>20</left>
		<top>200</top>
		<width>410</width>
		<height>1040</height>
	</include>
	<include name="OptionsSideMenu3_4:3">
		<left>20</left>
		<top>20</top>
		<width>410</width>
		<height>1040</height>
	</include>

	<include name="KeyboardButtons_coords">
		<include condition="$EXP[NonMaskedCoordinates]">KeyboardButtons_coords_16:9</include>
		<include condition="String.IsEqual(Skin.AspectRatio,21:9)">KeyboardButtons_coords_21:9</include>
		<include condition="$EXP[MaskedCoordinates]">KeyboardButtons_coords_21:9_masked</include>
		<include condition="String.IsEqual(Skin.AspectRatio,4:3)">KeyboardButtons_coords_4:3</include>
	</include>
	<include name="KeyboardButtons_coords_16:9">
		<width>84</width>
		<height>74</height>
	</include>
	<include name="KeyboardButtons_coords_21:9">
		<width>84</width>
		<height>74</height>
	</include>
	<include name="KeyboardButtons_coords_21:9_masked">
		<width>84</width>
		<height>74</height>
	</include>
	<include name="KeyboardButtons_coords_4:3">
		<width>84</width>
		<height>74</height>
	</include>
	
	<include name="OSDButtons_coords">
		<include condition="$EXP[NonMaskedCoordinates]">OSDButtons_coords_16:9</include>
		<include condition="String.IsEqual(Skin.AspectRatio,21:9)">OSDButtons_coords_21:9</include>
		<include condition="$EXP[MaskedCoordinates]">OSDButtons_coords_21:9_masked</include>
		<include condition="String.IsEqual(Skin.AspectRatio,4:3)">OSDButtons_coords_4:3</include>
	</include>
	<include name="OSDButtons_coords_16:9">
		<width>60</width>
		<height>60</height>
	</include>
	<include name="OSDButtons_coords_21:9">
		<width>60</width>
		<height>60</height>
	</include>
	<include name="OSDButtons_coords_21:9_masked">
		<width>60</width>
		<height>60</height>
	</include>
	<include name="OSDButtons_coords_4:3">
		<width>60</width>
		<height>60</height>
	</include>
	
	<include name="SideMenuControls_coords1">
		<include condition="$EXP[NonMaskedCoordinates]">SideMenuControls_coords1_16:9</include>
		<include condition="String.IsEqual(Skin.AspectRatio,21:9)">SideMenuControls_coords1_21:9</include>
		<include condition="$EXP[MaskedCoordinates]">SideMenuControls_coords1_21:9_masked</include>
		<include condition="String.IsEqual(Skin.AspectRatio,4:3)">SideMenuControls_coords1_4:3</include>
	</include>
	<include name="SideMenuControls_coords1_16:9">
		<top>0</top>
		<width>410</width>
		<height>10</height>
	</include>
	<include name="SideMenuControls_coords1_21:9">
		<top>0</top>
		<width>410</width>
		<height>10</height>
	</include>
	<include name="SideMenuControls_coords1_21:9_masked">
		<top>0</top>
		<width>410</width>
		<height>10</height>
	</include>
	<include name="SideMenuControls_coords1_4:3">
		<top>0</top>
		<width>410</width>
		<height>10</height>
	</include>
	
	<include name="SideMenuControls_coords2">
		<include condition="$EXP[NonMaskedCoordinates]">SideMenuControls_coords2_16:9</include>
		<include condition="String.IsEqual(Skin.AspectRatio,21:9)">SideMenuControls_coords2_21:9</include>
		<include condition="$EXP[MaskedCoordinates]">SideMenuControls_coords2_21:9_masked</include>
		<include condition="String.IsEqual(Skin.AspectRatio,4:3)">SideMenuControls_coords2_4:3</include>
	</include>
	<include name="SideMenuControls_coords2_16:9">
		<top>10</top>
		<width>410</width>
		<height>100</height>
	</include>
	<include name="SideMenuControls_coords2_21:9">
		<top>10</top>
		<width>410</width>
		<height>100</height>
	</include>
	<include name="SideMenuControls_coords2_21:9_masked">
		<top>10</top>
		<width>410</width>
		<height>100</height>
	</include>
	<include name="SideMenuControls_coords2_4:3">
		<top>10</top>
		<width>410</width>
		<height>100</height>
	</include>
	
	<include name="SideMenuControls_coords3">
		<include condition="$EXP[NonMaskedCoordinates]">SideMenuControls_coords3_16:9</include>
		<include condition="String.IsEqual(Skin.AspectRatio,21:9)">SideMenuControls_coords3_21:9</include>
		<include condition="$EXP[MaskedCoordinates]">SideMenuControls_coords3_21:9_masked</include>
		<include condition="String.IsEqual(Skin.AspectRatio,4:3)">SideMenuControls_coords3_4:3</include>
	</include>
	<include name="SideMenuControls_coords3_16:9">
		<width>60</width>
		<height>60</height>
	</include>
	<include name="SideMenuControls_coords3_21:9">
		<width>60</width>
		<height>60</height>
	</include><include name="SideMenuControls_coords3_21:9_masked">
		<width>60</width>
		<height>60</height>
	</include>
	<include name="SideMenuControls_coords3_4:3">
		<width>60</width>
		<height>60</height>
	</include>
	
	<include name="SideMenuControls_coords4">
		<include condition="$EXP[NonMaskedCoordinates]">SideMenuControls_coords4_16:9</include>
		<include condition="String.IsEqual(Skin.AspectRatio,21:9)">SideMenuControls_coords4_21:9</include>
		<include condition="$EXP[MaskedCoordinates]">SideMenuControls_coords4_21:9_masked</include>
		<include condition="String.IsEqual(Skin.AspectRatio,4:3)">SideMenuControls_coords4_4:3</include>
	</include>
	<include name="SideMenuControls_coords4_16:9">
		<width>7</width>
		<height>60</height>
	</include>
	<include name="SideMenuControls_coords4_21:9">
		<width>7</width>
		<height>60</height>
	</include>
	<include name="SideMenuControls_coords4_21:9_masked">
		<width>7</width>
		<height>60</height>
	</include>
	<include name="SideMenuControls_coords4_4:3">
		<width>7</width>
		<height>60</height>
	</include>
	
	<include name="SideMenuControls_coords5">
		<include condition="$EXP[NonMaskedCoordinates]">SideMenuControls_coords5_16:9</include>
		<include condition="String.IsEqual(Skin.AspectRatio,21:9)">SideMenuControls_coords5_21:9</include>
		<include condition="$EXP[MaskedCoordinates]">SideMenuControls_coords5_21:9_masked</include>
		<include condition="String.IsEqual(Skin.AspectRatio,4:3)">SideMenuControls_coords5_4:3</include>
	</include>
	<include name="SideMenuControls_coords5_16:9">
		<width>9</width>
		<height>60</height>
	</include>
	<include name="SideMenuControls_coords5_21:9">
		<width>9</width>
		<height>60</height>
	</include>
	<include name="SideMenuControls_coords5_21:9_masked">
		<width>9</width>
		<height>60</height>
	</include>
	<include name="SideMenuControls_coords5_4:3">
		<width>9</width>
		<height>60</height>
	</include>
	
	<include name="SideMenuControls_coords6">
		<include condition="$EXP[NonMaskedCoordinates]">SideMenuControls_coords6_16:9</include>
		<include condition="String.IsEqual(Skin.AspectRatio,21:9)">SideMenuControls_coords6_21:9</include>
		<include condition="$EXP[MaskedCoordinates]">SideMenuControls_coords6_21:9_masked</include>
		<include condition="String.IsEqual(Skin.AspectRatio,4:3)">SideMenuControls_coords6_4:3</include>
	</include>
	<include name="SideMenuControls_coords6_16:9">
		<width>18</width>
		<height>60</height>
	</include>
	<include name="SideMenuControls_coords6_21:9">
		<width>18</width>
		<height>60</height>
	</include>
	<include name="SideMenuControls_coords6_21:9_masked">
		<width>18</width>
		<height>60</height>
	</include>
	<include name="SideMenuControls_coords6_4:3">
		<width>18</width>
		<height>60</height>
	</include>
	
	<include name="SideMenuAnimation">
		<definition>
			<include condition="$EXP[NonMaskedCoordinates]" content="SideMenuAnimation_16:9">
				<param name="containerID">$PARAM[containerID]</param>
			</include>
			<include condition="String.IsEqual(Skin.AspectRatio,21:9)" content="SideMenuAnimation_21:9">
				<param name="containerID">$PARAM[containerID]</param>
			</include>
			<include condition="$EXP[MaskedCoordinates]" content="SideMenuAnimation_21:9_masked">
				<param name="containerID">$PARAM[containerID]</param>
			</include>
			<include condition="String.IsEqual(Skin.AspectRatio,4:3)" content="SideMenuAnimation_4:3">
				<param name="containerID">$PARAM[containerID]</param>
			</include>
		</definition>
	</include>
	<include name="SideMenuAnimation_16:9">
		<animation effect="slide" end="0,26" time="0" condition="String.IsEqual(Container($PARAM[containerID]).NumItems,19)">Conditional</animation>
		<animation effect="slide" end="0,52" time="0" condition="String.IsEqual(Container($PARAM[containerID]).NumItems,18)">Conditional</animation>
		<animation effect="slide" end="0,78" time="0" condition="String.IsEqual(Container($PARAM[containerID]).NumItems,17)">Conditional</animation>
		<animation effect="slide" end="0,104" time="0" condition="String.IsEqual(Container($PARAM[containerID]).NumItems,16)">Conditional</animation>
		<animation effect="slide" end="0,130" time="0" condition="String.IsEqual(Container($PARAM[containerID]).NumItems,15)">Conditional</animation>
		<animation effect="slide" end="0,156" time="0" condition="String.IsEqual(Container($PARAM[containerID]).NumItems,14)">Conditional</animation>
		<animation effect="slide" end="0,182" time="0" condition="String.IsEqual(Container($PARAM[containerID]).NumItems,13)">Conditional</animation>
		<animation effect="slide" end="0,208" time="0" condition="String.IsEqual(Container($PARAM[containerID]).NumItems,12)">Conditional</animation>
		<animation effect="slide" end="0,234" time="0" condition="String.IsEqual(Container($PARAM[containerID]).NumItems,11)">Conditional</animation>
		<animation effect="slide" end="0,260" time="0" condition="String.IsEqual(Container($PARAM[containerID]).NumItems,10)">Conditional</animation>
		<animation effect="slide" end="0,286" time="0" condition="String.IsEqual(Container($PARAM[containerID]).NumItems,9)">Conditional</animation>
		<animation effect="slide" end="0,312" time="0" condition="String.IsEqual(Container($PARAM[containerID]).NumItems,8)">Conditional</animation>
		<animation effect="slide" end="0,338" time="0" condition="String.IsEqual(Container($PARAM[containerID]).NumItems,7)">Conditional</animation>
		<animation effect="slide" end="0,364" time="0" condition="String.IsEqual(Container($PARAM[containerID]).NumItems,6)">Conditional</animation>
		<animation effect="slide" end="0,390" time="0" condition="String.IsEqual(Container($PARAM[containerID]).NumItems,5)">Conditional</animation>
		<animation effect="slide" end="0,416" time="0" condition="String.IsEqual(Container($PARAM[containerID]).NumItems,4)">Conditional</animation>
		<animation effect="slide" end="0,442" time="0" condition="String.IsEqual(Container($PARAM[containerID]).NumItems,3)">Conditional</animation>
		<animation effect="slide" end="0,468" time="0" condition="String.IsEqual(Container($PARAM[containerID]).NumItems,2)">Conditional</animation>
		<animation effect="slide" end="0,494" time="0" condition="String.IsEqual(Container($PARAM[containerID]).NumItems,1)">Conditional</animation>
	</include>
	<include name="SideMenuAnimation_21:9">
		<animation effect="slide" end="0,26" time="0" condition="String.IsEqual(Container($PARAM[containerID]).NumItems,19)">Conditional</animation>
		<animation effect="slide" end="0,52" time="0" condition="String.IsEqual(Container($PARAM[containerID]).NumItems,18)">Conditional</animation>
		<animation effect="slide" end="0,78" time="0" condition="String.IsEqual(Container($PARAM[containerID]).NumItems,17)">Conditional</animation>
		<animation effect="slide" end="0,104" time="0" condition="String.IsEqual(Container($PARAM[containerID]).NumItems,16)">Conditional</animation>
		<animation effect="slide" end="0,130" time="0" condition="String.IsEqual(Container($PARAM[containerID]).NumItems,15)">Conditional</animation>
		<animation effect="slide" end="0,156" time="0" condition="String.IsEqual(Container($PARAM[containerID]).NumItems,14)">Conditional</animation>
		<animation effect="slide" end="0,182" time="0" condition="String.IsEqual(Container($PARAM[containerID]).NumItems,13)">Conditional</animation>
		<animation effect="slide" end="0,208" time="0" condition="String.IsEqual(Container($PARAM[containerID]).NumItems,12)">Conditional</animation>
		<animation effect="slide" end="0,234" time="0" condition="String.IsEqual(Container($PARAM[containerID]).NumItems,11)">Conditional</animation>
		<animation effect="slide" end="0,260" time="0" condition="String.IsEqual(Container($PARAM[containerID]).NumItems,10)">Conditional</animation>
		<animation effect="slide" end="0,286" time="0" condition="String.IsEqual(Container($PARAM[containerID]).NumItems,9)">Conditional</animation>
		<animation effect="slide" end="0,312" time="0" condition="String.IsEqual(Container($PARAM[containerID]).NumItems,8)">Conditional</animation>
		<animation effect="slide" end="0,338" time="0" condition="String.IsEqual(Container($PARAM[containerID]).NumItems,7)">Conditional</animation>
		<animation effect="slide" end="0,364" time="0" condition="String.IsEqual(Container($PARAM[containerID]).NumItems,6)">Conditional</animation>
		<animation effect="slide" end="0,390" time="0" condition="String.IsEqual(Container($PARAM[containerID]).NumItems,5)">Conditional</animation>
		<animation effect="slide" end="0,416" time="0" condition="String.IsEqual(Container($PARAM[containerID]).NumItems,4)">Conditional</animation>
		<animation effect="slide" end="0,442" time="0" condition="String.IsEqual(Container($PARAM[containerID]).NumItems,3)">Conditional</animation>
		<animation effect="slide" end="0,468" time="0" condition="String.IsEqual(Container($PARAM[containerID]).NumItems,2)">Conditional</animation>
		<animation effect="slide" end="0,494" time="0" condition="String.IsEqual(Container($PARAM[containerID]).NumItems,1)">Conditional</animation>
	</include>
	<include name="SideMenuAnimation_21:9_masked">
		<animation effect="slide" end="0,26" time="0" condition="String.IsEqual(Container($PARAM[containerID]).NumItems,19)">Conditional</animation>
		<animation effect="slide" end="0,52" time="0" condition="String.IsEqual(Container($PARAM[containerID]).NumItems,18)">Conditional</animation>
		<animation effect="slide" end="0,78" time="0" condition="String.IsEqual(Container($PARAM[containerID]).NumItems,17)">Conditional</animation>
		<animation effect="slide" end="0,104" time="0" condition="String.IsEqual(Container($PARAM[containerID]).NumItems,16)">Conditional</animation>
		<animation effect="slide" end="0,130" time="0" condition="String.IsEqual(Container($PARAM[containerID]).NumItems,15)">Conditional</animation>
		<animation effect="slide" end="0,156" time="0" condition="String.IsEqual(Container($PARAM[containerID]).NumItems,14)">Conditional</animation>
		<animation effect="slide" end="0,182" time="0" condition="String.IsEqual(Container($PARAM[containerID]).NumItems,13)">Conditional</animation>
		<animation effect="slide" end="0,208" time="0" condition="String.IsEqual(Container($PARAM[containerID]).NumItems,12)">Conditional</animation>
		<animation effect="slide" end="0,234" time="0" condition="String.IsEqual(Container($PARAM[containerID]).NumItems,11)">Conditional</animation>
		<animation effect="slide" end="0,260" time="0" condition="String.IsEqual(Container($PARAM[containerID]).NumItems,10)">Conditional</animation>
		<animation effect="slide" end="0,286" time="0" condition="String.IsEqual(Container($PARAM[containerID]).NumItems,9)">Conditional</animation>
		<animation effect="slide" end="0,312" time="0" condition="String.IsEqual(Container($PARAM[containerID]).NumItems,8)">Conditional</animation>
		<animation effect="slide" end="0,338" time="0" condition="String.IsEqual(Container($PARAM[containerID]).NumItems,7)">Conditional</animation>
		<animation effect="slide" end="0,364" time="0" condition="String.IsEqual(Container($PARAM[containerID]).NumItems,6)">Conditional</animation>
		<animation effect="slide" end="0,390" time="0" condition="String.IsEqual(Container($PARAM[containerID]).NumItems,5)">Conditional</animation>
		<animation effect="slide" end="0,416" time="0" condition="String.IsEqual(Container($PARAM[containerID]).NumItems,4)">Conditional</animation>
		<animation effect="slide" end="0,442" time="0" condition="String.IsEqual(Container($PARAM[containerID]).NumItems,3)">Conditional</animation>
		<animation effect="slide" end="0,468" time="0" condition="String.IsEqual(Container($PARAM[containerID]).NumItems,2)">Conditional</animation>
		<animation effect="slide" end="0,494" time="0" condition="String.IsEqual(Container($PARAM[containerID]).NumItems,1)">Conditional</animation>
	</include>
	<include name="SideMenuAnimation_4:3">
		<animation effect="slide" end="0,26" time="0" condition="String.IsEqual(Container($PARAM[containerID]).NumItems,19)">Conditional</animation>
		<animation effect="slide" end="0,52" time="0" condition="String.IsEqual(Container($PARAM[containerID]).NumItems,18)">Conditional</animation>
		<animation effect="slide" end="0,78" time="0" condition="String.IsEqual(Container($PARAM[containerID]).NumItems,17)">Conditional</animation>
		<animation effect="slide" end="0,104" time="0" condition="String.IsEqual(Container($PARAM[containerID]).NumItems,16)">Conditional</animation>
		<animation effect="slide" end="0,130" time="0" condition="String.IsEqual(Container($PARAM[containerID]).NumItems,15)">Conditional</animation>
		<animation effect="slide" end="0,156" time="0" condition="String.IsEqual(Container($PARAM[containerID]).NumItems,14)">Conditional</animation>
		<animation effect="slide" end="0,182" time="0" condition="String.IsEqual(Container($PARAM[containerID]).NumItems,13)">Conditional</animation>
		<animation effect="slide" end="0,208" time="0" condition="String.IsEqual(Container($PARAM[containerID]).NumItems,12)">Conditional</animation>
		<animation effect="slide" end="0,234" time="0" condition="String.IsEqual(Container($PARAM[containerID]).NumItems,11)">Conditional</animation>
		<animation effect="slide" end="0,260" time="0" condition="String.IsEqual(Container($PARAM[containerID]).NumItems,10)">Conditional</animation>
		<animation effect="slide" end="0,286" time="0" condition="String.IsEqual(Container($PARAM[containerID]).NumItems,9)">Conditional</animation>
		<animation effect="slide" end="0,312" time="0" condition="String.IsEqual(Container($PARAM[containerID]).NumItems,8)">Conditional</animation>
		<animation effect="slide" end="0,338" time="0" condition="String.IsEqual(Container($PARAM[containerID]).NumItems,7)">Conditional</animation>
		<animation effect="slide" end="0,364" time="0" condition="String.IsEqual(Container($PARAM[containerID]).NumItems,6)">Conditional</animation>
		<animation effect="slide" end="0,390" time="0" condition="String.IsEqual(Container($PARAM[containerID]).NumItems,5)">Conditional</animation>
		<animation effect="slide" end="0,416" time="0" condition="String.IsEqual(Container($PARAM[containerID]).NumItems,4)">Conditional</animation>
		<animation effect="slide" end="0,442" time="0" condition="String.IsEqual(Container($PARAM[containerID]).NumItems,3)">Conditional</animation>
		<animation effect="slide" end="0,468" time="0" condition="String.IsEqual(Container($PARAM[containerID]).NumItems,2)">Conditional</animation>
		<animation effect="slide" end="0,494" time="0" condition="String.IsEqual(Container($PARAM[containerID]).NumItems,1)">Conditional</animation>
	</include>
	
	<include name="MaskingBars_coords1">
		<include condition="$EXP[NonMaskedCoordinates]">MaskingBars_coords1_16:9</include>
		<include condition="String.IsEqual(Skin.AspectRatio,21:9)">MaskingBars_coords1_21:9</include>
		<include condition="$EXP[MaskedCoordinates]">MaskingBars_coords1_21:9_masked</include>
		<include condition="String.IsEqual(Skin.AspectRatio,4:3)">MaskingBars_coords1_4:3</include>
	</include>
	<include name="MaskingBars_coords1_16:9">
		<left>0</left>
		<bottom>0</bottom>
		<width>0</width>
		<height>0</height>
	</include>
	<include name="MaskingBars_coords1_21:9">
		<left>0</left>
		<bottom>0</bottom>
		<width>0</width>
		<height>0</height>
	</include>
	<include name="MaskingBars_coords1_21:9_masked">
		<left>-100</left>
		<bottom>-100</bottom>
		<width>2760</width>
		<height>287</height>
	</include>
	<include name="MaskingBars_coords1_4:3">
		<left>0</left>
		<bottom>0</bottom>
		<width>0</width>
		<height>0</height>
	</include>
	
	<include name="MaskingBars_coords2">
		<include condition="$EXP[NonMaskedCoordinates]">MaskingBars_coords2_16:9</include>
		<include condition="String.IsEqual(Skin.AspectRatio,21:9)">MaskingBars_coords2_21:9</include>
		<include condition="$EXP[MaskedCoordinates]">MaskingBars_coords2_21:9_masked</include>
		<include condition="String.IsEqual(Skin.AspectRatio,4:3)">MaskingBars_coords2_4:3</include>
	</include>
	<include name="MaskingBars_coords2_16:9">
		<left>0</left>
		<top>0</top>
		<width>0</width>
		<height>0</height>
	</include>
	<include name="MaskingBars_coords2_21:9">
		<left>0</left>
		<top>0</top>
		<width>0</width>
		<height>0</height>
	</include>
	<include name="MaskingBars_coords2_21:9_masked">
		<left>-100</left>
		<top>-100</top>
		<width>2760</width>
		<height>287</height>
	</include>
	<include name="MaskingBars_coords2_4:3">
		<left>0</left>
		<top>0</top>
		<width>0</width>
		<height>0</height>
	</include>
	
</includes>
