<?xml version="1.0" encoding="UTF-8"?>
<window type="dialog" id="1105">
	<!-- dialogmasking -->
	<defaultcontrol always="true">5</defaultcontrol>
	<include content="WindowDialogFocus">
		<param name="id">5</param>
	</include>

	<controls>

			<control type="group">
				<include>Custom_DialogMasking_coords1</include>
				<!-- Animation -->
				<visible>!Window.IsVisible(playerprocessinfo) + !Window.IsVisible(shutdownmenu)</visible>
				<include>OSDVisibleHiddenAnimation</include>
				<include>OSDOpenCloseAnimation</include>

				<!-- Window Background -->
				<control type="image">
					<include>Custom_DialogMasking_coords2</include>
					<texture colordiffuse="$VAR[MenuOSDColor]">common/Background2.png</texture>
				</control>

				<!-- Heading -->
				<control type="label">
					<include>Custom_DialogMasking_coords3</include>
					<align>center</align>
					<aligny>top</aligny>
					<font>Font33</font>
					<label>$LOCALIZE[31403]</label>
				</control>

				<!-- Grouplist -->
				<control type="grouplist" id="5">
					<include>Custom_DialogMasking_coords4</include>
					<itemgap>0</itemgap>
					<onleft>noop</onleft>
					<onright>noop</onright>
					<onup>noop</onup>
					<ondown>9001</ondown>
					<orientation>vertical</orientation>
					<scrolltime tween="sine" easing="out">240</scrolltime>
					
					<!-- Toggle masking -->
					<control type="button" id="10">
						<include>Custom_DialogMasking_coords5</include>
						<font>Font33</font>
						<label>$LOCALIZE[31065]</label>
						<label2>$INFO[Skin.String(MaskingBars)]</label2>
						<onclick condition="String.IsEqual(Skin.String(MaskingBars),2.40:1)">Skin.SetString(MaskingBars,2.35:1)</onclick>
						<onclick condition="String.IsEqual(Skin.String(MaskingBars),2.35:1)">Skin.SetString(MaskingBars,2.33:1)</onclick>
						<onclick condition="String.IsEqual(Skin.String(MaskingBars),2.33:1)">Skin.SetString(MaskingBars,2.00:1)</onclick>
						<onclick condition="String.IsEqual(Skin.String(MaskingBars),2.00:1)">Skin.SetString(MaskingBars,1.78:1)</onclick>
						<onclick condition="String.IsEqual(Skin.String(MaskingBars),1.78:1)">Skin.SetString(MaskingBars,2.40:1)</onclick>
						<focusedcolor>$VAR[TextColorFO]</focusedcolor>
						<textcolor>$VAR[TextColorNF]</textcolor>
					</control>
					
					<!-- Automatic masking -->
					<control type="radiobutton" id="11">
						<include>Custom_DialogMasking_coords5</include>
						<font>Font33</font>
						<label>31401</label>
						<onclick>Skin.ToggleSetting(AutomaticMasking)</onclick>
						<selected>Skin.HasSetting(AutomaticMasking)</selected>
					</control>
				
				</control>

				
				<!-- Button grouplist -->
				<control type="grouplist" id="9001">
					<include>Custom_DialogMasking_coords6</include>
					<itemgap>30</itemgap>
					<onleft>noop</onleft>
					<onright>noop</onright>
					<onup>11</onup>
					<ondown>noop</ondown>
					<defaultcontrol>14</defaultcontrol>
					<orientation>horizontal</orientation>
					<align>center</align>

					<!-- OK Button -->
					<control type="button" id="14">
						<width>Auto</width>
						<font>Font33</font>
						<label>$LOCALIZE[15067]</label>
						<focusedcolor>$VAR[TextColorFO]</focusedcolor>
						<textcolor>$VAR[TextColorNF]</textcolor>
						<onclick>Dialog.Close(1105)</onclick>
					</control>
					
				</control>

			</control>

		</controls>

</window>