<?xml version="1.0" encoding="UTF-8"?>
<includes>

	<default type="label">
		<height>36</height>
		<align>left</align>
		<aligny>center</aligny>
		<font>Font33</font>
		<textcolor>$VAR[TextColorFO]</textcolor>
		<disabledcolor>$VAR[DisabledColor]</disabledcolor>
		<selectedcolor>$VAR[SelectedColor]</selectedcolor>
		<scroll>False</scroll>
		<include>WindowDepth</include>
	</default>

	<default type="fadelabel">
		<height>36</height>
		<align>left</align>
		<aligny>center</aligny>
		<font>Font33</font>
		<textcolor>$VAR[TextColorFO]</textcolor>
		<scroll>True</scroll>
		<scrollout>False</scrollout>
		<pauseatend>5000</pauseatend>
		<include>WindowDepth</include>
	</default>

	<default type="button">
		<width>400</width>
		<height>66</height>
		<align>left</align>
		<aligny>center</aligny>
		<font>Font33</font>
		<label></label>
		<textoffsetx>0</textoffsetx>
		<textcolor>$VAR[TextColorNF]</textcolor>
		<focusedcolor>$VAR[TextColorFO]</focusedcolor>
		<invalidcolor>$VAR[InvalidColor]</invalidcolor>
		<disabledcolor>$VAR[DisabledColor]</disabledcolor>
		<texturefocus colordiffuse="$VAR[buttonfocus]">common/focus.png</texturefocus>
		<texturenofocus></texturenofocus>
		<pulseonselect>False</pulseonselect>
		<include>WindowDepth</include>
	</default>

	<default type="togglebutton">
		<width>400</width>
		<height>66</height>
		<align>left</align>
		<aligny>center</aligny>
		<label></label>
		<textoffsetx>0</textoffsetx>
		<font>Font33</font>
		<textcolor>$VAR[TextColorNF]</textcolor>
		<focusedcolor>$VAR[TextColorFO]</focusedcolor>
		<disabledcolor>$VAR[DisabledColor]</disabledcolor>
		<texturenofocus></texturenofocus>
		<texturefocus colordiffuse="$VAR[buttonfocus]">common/focus.png</texturefocus>
		<alttexturenofocus></alttexturenofocus>
		<alttexturefocus colordiffuse="$VAR[buttonfocus]">common/focus.png</alttexturefocus>
		<pulseonselect>False</pulseonselect>
		<include>WindowDepth</include>
	</default>

	<default type="radiobutton">
		<width>400</width>
		<height>66</height>
		<align>left</align>
		<aligny>center</aligny>
		<font>Font33</font>
		<label></label>
		<textcolor>$VAR[TextColorNF]</textcolor>
		<focusedcolor>$VAR[TextColorFO]</focusedcolor>
		<disabledcolor>$VAR[DisabledColor]</disabledcolor>
		<textwidth>334</textwidth>
		<radiowidth>16</radiowidth>
		<radioheight>16</radioheight>
		<texturenofocus></texturenofocus>
		<texturefocus colordiffuse="$VAR[buttonfocus]">common/focus.png</texturefocus>
		<textureradioonfocus colordiffuse="$VAR[OverlayColorFO]">common/RadioOn.png</textureradioonfocus>
		<textureradioonnofocus colordiffuse="$VAR[OverlayColorFO]">common/RadioOn.png</textureradioonnofocus>
		<textureradioofffocus colordiffuse="$VAR[OverlayColorFO]">common/RadioOff.png</textureradioofffocus>
		<textureradiooffnofocus colordiffuse="$VAR[OverlayColorFO]">common/RadioOff.png</textureradiooffnofocus>
		<textoffsetx>0</textoffsetx>
		<pulseonselect>False</pulseonselect>
		<include>WindowDepth</include>
	</default>

	<default type="spincontrolex">
		<width>400</width>
		<height>66</height>
		<align>left</align>
		<aligny>center</aligny>
		<label></label>
		<font>Font33</font>
		<spinwidth>35</spinwidth>
		<spinheight>66</spinheight>
		<textureup colordiffuse="$VAR[OverlayColorNF]">common/ArrowUpFO.png</textureup>
		<texturedown colordiffuse="$VAR[OverlayColorNF]">common/ArrowDownFO.png</texturedown>
		<textureupfocus colordiffuse="$VAR[OverlayColorFO]">common/ArrowUpFO.png</textureupfocus>
		<texturedownfocus colordiffuse="$VAR[OverlayColorFO]">common/ArrowDownFO.png</texturedownfocus>
		<textcolor>$VAR[TextColorNF]</textcolor>
		<focusedcolor>$VAR[TextColorFO]</focusedcolor>
		<disabledcolor>$VAR[DisabledColor]</disabledcolor>
		<textoffsetx>0</textoffsetx>
		<reverse>yes</reverse>
		<pulseonselect>False</pulseonselect>
		<texturefocus colordiffuse="$VAR[buttonfocus]">common/focus.png</texturefocus>
		<include>WindowDepth</include>
	</default>

	<default type="spincontrol">
		<height>66</height>
		<width>66</width>
		<align>left</align>
		<aligny>center</aligny>
		<spinwidth>43</spinwidth>
		<spinheight>60</spinheight>
		<textureup colordiffuse="$VAR[OverlayColorNF]">common/ArrowUpFO.png</textureup>
		<texturedown colordiffuse="$VAR[OverlayColorNF]">common/ArrowDownFO.png</texturedown>
		<textureupfocus colordiffuse="$VAR[OverlayColorFO]">common/ArrowUpFO.png</textureupfocus>
		<texturedownfocus colordiffuse="$VAR[OverlayColorFO]">common/ArrowDownFO.png</texturedownfocus>
		<font>Font33</font>
		<textcolor>$VAR[TextColorNF]</textcolor>
		<focusedcolor>$VAR[TextColorFO]</focusedcolor>
		<disabledcolor>$VAR[DisabledColor]</disabledcolor>
		<textoffsetx>0</textoffsetx>
		<reverse>yes</reverse>
		<pulseonselect>False</pulseonselect>
		<texturefocus colordiffuse="$VAR[buttonfocus]">common/focus.png</texturefocus>
		<include>WindowDepth</include>
	</default>

	<default type="sliderex">
		<height>66</height>
		<width>183</width>
		<align>left</align>
		<aligny>center</aligny>
		<texturesliderbar border="10,0,10,0">osd/OSDSliderBack.png</texturesliderbar>
		<textureslidernib border="10,0,10,0" colordiffuse="$VAR[OverlayColorNF]">osd/OSDSliderNib.png</textureslidernib>
		<textureslidernibfocus border="10,0,10,0" colordiffuse="$VAR[OverlayColorFO]">osd/OSDSliderNib.png</textureslidernibfocus>
		<sliderwidth>230</sliderwidth>
		<sliderheight>23</sliderheight>
		<font>Font33</font>
		<textcolor>$VAR[TextColorNF]</textcolor>
		<focusedcolor>$VAR[TextColorFO]</focusedcolor>
		<disabledcolor>$VAR[DisabledColor]</disabledcolor>
		<textoffsetx>5</textoffsetx>
		<orientation>horizontal</orientation>
		<texturefocus colordiffuse="$VAR[buttonfocus]">common/focus.png</texturefocus>
		<include>WindowDepth</include>
	</default>

	<default type="slider">
		<width>360</width>
		<height>23</height>
		<texturesliderbar border="10,0,10,0">osd/OSDSliderBack.png</texturesliderbar>
		<textureslidernib border="10,0,10,0" colordiffuse="$VAR[OverlayColorNF]">osd/OSDSliderNib.png</textureslidernib>
		<textureslidernibfocus border="10,0,10,0" colordiffuse="$VAR[OverlayColorFO]">osd/OSDSliderNib.png</textureslidernibfocus>
		<orientation>horizontal</orientation>
		<texturefocus colordiffuse="$VAR[buttonfocus]">common/focus.png</texturefocus>
		<include>WindowDepth</include>
	</default>

	<default type="progress">
		<height>44</height>
		<texturebg></texturebg>
		<lefttexture></lefttexture>
		<righttexture></righttexture>
		<overlaytexture></overlaytexture>
		<include>WindowDepth</include>
	</default>

	<default type="textbox">
		<align>left</align>
		<font>Font27</font>
		<textcolor>$VAR[TextColorNF]</textcolor>
		<autoscroll delay="8000" time="4000" repeat="12000">True</autoscroll>
		<include>WindowDepth</include>
	</default>

	<default type="edit">
		<height>66</height>
		<align>left</align>
		<aligny>center</aligny>
		<font>Font33</font>
		<textoffsetx>0</textoffsetx>
		<textcolor>$VAR[TextColorNF]</textcolor>
		<focusedcolor>$VAR[TextColorFO]</focusedcolor>
		<disabledcolor>$VAR[DisabledColor]</disabledcolor>
		<invalidcolor>$VAR[InvalidColor]</invalidcolor>
		<texturefocus colordiffuse="$VAR[buttonfocus]">common/focus.png</texturefocus>
		<pulseonselect>no</pulseonselect>
		<include>WindowDepth</include>
	</default>

	<default type="fixedlist">
		<preloaditems>2</preloaditems>
		<include>WindowDepth</include>
	</default>
	
	<default type="epggrid">
		<include>WindowDepth</include>
	</default>
	
	<default type="mover">
		<include>WindowDepth</include>
	</default>
	
	<default type="resize">
		<include>WindowDepth</include>
	</default>
	
	<default type="grouplist">
		<include>WindowDepth</include>
	</default>
	
	<default type="image">
		<include>WindowDepth</include>
	</default>
	
	<default type="multiimage">
		<include>WindowDepth</include>
	</default>
	
	<default type="list">
		<include>WindowDepth</include>
	</default>
	
	<default type="wraplist">
		<include>WindowDepth</include>
	</default>
	
	<default type="fixedlist">
		<include>WindowDepth</include>
	</default>
	
	<default type="panel">
		<include>WindowDepth</include>
	</default>
	
	<default type="group">
		<include>WindowDepth</include>
	</default>

</includes>