<?xml version="1.0" encoding="UTF-8"?>
<window>
	<!-- shutdownmenu -->
	<defaultcontrol always="true">7000</defaultcontrol>
	<include content="WindowDialogFocus">
		<param name="id">7000</param>
	</include>

	<onload>Dialog.Close(1110)</onload>

	
	<controls>
	
		<control type="group">
			<include>NotificationDepth</include>

			<!-- Background image -->
			<include>DialogFadeBackgroundImage</include>
			<control type="group">
				<animation effect="slide" start="-460,0" time="200">WindowOpen</animation>
				<animation effect="slide" end="-460,0" time="200">WindowClose</animation>

				<control type="image">
					<include>DialogButtonMenu_coords1</include>
					<texture colordiffuse="$VAR[MenuOSDColor]">common/Background2.png</texture>
				</control>

				<control type="list" id="7000">
					<include>DialogButtonMenu_coords2</include>
					<onright>Close</onright>

					<include content="SideMenuAnimation">
						<param name="containerID">7000</param>
					</include>

					<include>DialogButtonMenu_coords3</include>
					
					<include>DialogButtonMenu_coords4</include>
					
					<content>
						<item>
							<label>13012</label>
							<onclick>Quit</onclick>
							<visible>System.ShowExitButton</visible>
						</item>
						<item>
							<label>13016</label>
							<onclick>Powerdown</onclick>
							<visible>System.CanPowerDown</visible>
						</item>
						<item>
							<label>13011</label>
							<onclick>Suspend</onclick>
							<visible>System.CanSuspend</visible>
						</item>
						<item>
							<label>13010</label>
							<onclick>Hibernate</onclick>
							<visible>System.CanHibernate</visible>
						</item>
						<item>
							<label>13013</label>
							<onclick>Reset</onclick>
							<visible>System.CanReboot</visible>
						</item>
						<item>
							<label>$LOCALIZE[20126] $INFO[system.profilename]</label>
							<onclick>dialog.close(all,true)</onclick>
							<onclick>System.LogOff</onclick>
							<visible>System.HasLoginScreen | Integer.IsGreater(System.ProfileCount,1)</visible>
							<visible>System.Loggedon</visible>
						</item>
						<item>
							<label>20046</label>
							<onclick>Mastermode</onclick>
							<visible>System.HasLocks + System.IsMaster</visible>
						</item>
						<item>
							<altlabel>20045</altlabel>
							<onclick>Mastermode</onclick>
							<visible>System.HasLocks + !System.IsMaster</visible>
						</item>
						<item>
							<label>13017</label>
							<onclick>InhibitIdleShutdown(true)</onclick>
							<visible>System.HasShutdown +!System.IsInhibit</visible>
						</item>
						<item>
							<label>13018</label>
							<onclick>InhibitIdleShutdown(false)</onclick>
							<visible>System.HasShutdown + System.IsInhibit</visible>
						</item>
						<item>
							<label>20150</label>
							<onclick>AlarmClock(shutdowntimer,Shutdown)</onclick>
							<visible>!System.HasAlarm(shutdowntimer)</visible>
							<visible>System.CanPowerDown | System.CanSuspend | System.CanHibernate</visible>
						</item>
						<item>
							<label>20151 $INFO[System.Alarmpos,T-]</label>
							<onclick>CancelAlarm(shutdowntimer)</onclick>
							<visible>System.HasAlarm(shutdowntimer)</visible>
						</item>
						<item>
							<label>5</label>
							<onclick>Close</onclick>
							<onclick>ActivateWindow(Settings)</onclick>
						</item>
					</content>
				</control>
			</control>
		</control>

		<include>MaskingBars</include>

	</controls>

</window>