<?xml version="1.0" encoding="UTF-8"?>
<window>
	<!-- osdvideosettings -->
	<defaultcontrol always="true">11</defaultcontrol>
	<zorder>0</zorder>

	<!-- Textbox scroll reset -->
	<include>10609ResetScroll</include>

	<controls>

		<control type="group">
			<include>DialogDepth</include>
			<include>DialogPVRChannelGuide_coords1</include>

			<!-- Animation -->
			<include>DialogZoomAnimation</include>

			<!-- Background -->
			<control type="image">
				<include>DialogPVRChannelGuide_coords2</include>
				<texture colordiffuse="$VAR[MenuOSDColor]">common/Background2.png</texture>
			</control>

			<!-- Heading label -->
			<control type="label" id="2">
				<include>DialogPVRChannelGuide_coords3</include>
				<font>Font33-bold</font>
				<textcolor>$VAR[TextColorFO]</textcolor>
				<label>$VAR[VideoPlayerChannelNumber]</label>
			</control>

			<!-- Date label -->
			<control type="label" id="2">
				<include>DialogPVRChannelGuide_coords4</include>
				<font>Font33-light</font>
				<textcolor>$VAR[TextColorFO]</textcolor>
				<label>$INFO[Container(11).ListItem.StartDate]</label>
			</control>

			<!-- Icon -->
			<control type="image">
				<include>DialogPVRChannelGuide_coords5</include>
				<aspectratio align="center" aligny="center">keep</aspectratio>
				<fadetime>200</fadetime>
				<texture background="true" fallback="DefaultLiveTV.png">$VAR[PlayerIcon]</texture>
				<visible>VideoPlayer.Content(LiveTV)</visible>
			</control>
			<control type="image">
				<include>DialogPVRChannelGuide_coords5</include>
				<aspectratio align="center" aligny="center">keep</aspectratio>
				<fadetime>200</fadetime>
				<texture background="true" fallback="DefaultRadio.png">$VAR[PlayerIcon]</texture>
				<visible>MusicPlayer.Content(LiveTV)</visible>
			</control>

			<!-- Episode Information -->
			<control type="group">
				<include>DialogPVRChannelGuide_coords6</include>
				<control type="textbox">
					<include>DialogPVRChannelGuide_coords7</include>
					<font>Font27</font>
					<align>left</align>
					<label>$VAR[PVRDescriptionDialogGuide]$INFO[Window(Home).Property(ResetScroll.10609)]</label>
					<textcolor>$VAR[TextColorFO]</textcolor>
					<autoscroll delay="5000" time="1400" repeat="10000">true</autoscroll>
					<visible>Skin.String(PlotFont,S)</visible>
				</control>
				<control type="textbox">
					<include>DialogPVRChannelGuide_coords8</include>
					<font>Font30</font>
					<align>left</align>
					<label>$VAR[PVRDescriptionDialogGuide]$INFO[Window(Home).Property(ResetScroll.10609)]</label>
					<textcolor>$VAR[TextColorFO]</textcolor>
					<autoscroll delay="5000" time="1300" repeat="10000">true</autoscroll>
					<visible>Skin.String(PlotFont,M)</visible>
				</control>
				<control type="textbox">
					<include>DialogPVRChannelGuide_coords9</include>
					<font>Font33</font>
					<align>left</align>
					<label>$VAR[PVRDescriptionDialogGuide]$INFO[Window(Home).Property(ResetScroll.10609)]</label>
					<textcolor>$VAR[TextColorFO]</textcolor>
					<autoscroll delay="5000" time="1200" repeat="10000">true</autoscroll>
					<visible>Skin.String(PlotFont,L)</visible>
				</control>
			</control>

			<!-- List -->
			<control type="fixedlist" id="11">
				<include>DialogPVRChannelGuide_coords10</include>
				<onleft>60</onleft>
				<pagecontrol>60</pagecontrol>
				<onup>11</onup>
				<ondown>11</ondown>
				<focusposition>5</focusposition>
				<movement>5</movement>
				<scrolltime tween="sine" easing="out">240</scrolltime>

				<include>DialogPVRChannelGuide_coords11</include>

				<include>DialogPVRChannelGuide_coords12</include>

			</control>

			<!-- Scrollbar -->
			<control type="scrollbar" id="60">
				<include>DialogPVRChannelGuide_coords13</include>
				<onright>11</onright>
				<showonepage>false</showonepage>
				<orientation>vertical</orientation>
				<colordiffuse>$VAR[OverlayColorNF]</colordiffuse>
				<texturesliderbackground border="8,1,6,1">common/ScrollBackground.png</texturesliderbackground>
				<texturesliderbar border="8,1,6,1" colordiffuse="$VAR[OverlayColorNF]">common/ScrollbarGripNF.png</texturesliderbar>
				<texturesliderbarfocus border="8,1,6,1" colordiffuse="$VAR[OverlayColorFO]">common/ScrollbarGripFO.png</texturesliderbarfocus>
				<textureslidernib></textureslidernib>
				<textureslidernibfocus></textureslidernibfocus>
				<visible>!Skin.HasSetting(Scrollbars)</visible>
			</control>

		</control>

	</controls>

</window>
