<?xml version="1.0" encoding="UTF-8"?>
<window>
	<!-- pvrgroupmanager -->
	<defaultcontrol always="true">13</defaultcontrol>
	
	<!-- Textbox scroll reset -->
	<include>ResetScroll</include>

	<controls>

		<!-- Hidden labels -->
		<control type="label" id="21">
			<font></font>
		</control>
		<control type="label" id="22">
			<font></font>
		</control>

		<!-- Dialog fanart -->
		<include>DialogBackgroundImage</include>

		<control type="group">
			<include>DialogDepth</include>

			<!-- Animation -->
			<include>DialogZoomAnimation</include>
			
			<!-- Heading -->
			<include content="Time">
				<param name="heading">$LOCALIZE[19143]</param>
				<param name="secondary">False</param>
			</include>

			<!-- Name -->
			<control type="label">
				<include>DialogPVRGroupManager_coords1</include>
				<font>Font36</font>
				<textcolor>$VAR[TextColorNF]</textcolor>
				<label>$LOCALIZE[19146]</label>
				<align>center</align>
			</control>

			<!-- Groups list -->			
			<control type="list" id="13">
				<include>DialogPVRGroupManager_coords2</include>
				<onup>13</onup>
				<ondown>13</ondown>
				<onleft>70</onleft>
				<onright>80</onright>
				<pagecontrol>70</pagecontrol>
				<scrolltime tween="sine" easing="out">240</scrolltime>

				<include>DialogPVRGroupManager_coords3</include>

				<include>DialogPVRGroupManager_coords4</include>

			</control>
			
			<!-- Scrollbar (Groups list) -->
			<control type="scrollbar" id="70">
				<include>DialogPVRGroupManager_coords5</include>
				<onright>13</onright>
				<onleft>9001</onleft>
				<showonepage>false</showonepage>
				<orientation>vertical</orientation>
				<colordiffuse>$VAR[OverlayColorNF]</colordiffuse>
				<texturesliderbackground border="8,1,6,1">common/ScrollBackground.png</texturesliderbackground>
				<texturesliderbar border="8,1,6,1" colordiffuse="$VAR[OverlayColorNF]">common/ScrollbarGripNF.png</texturesliderbar>
				<texturesliderbarfocus border="8,1,6,1" colordiffuse="$VAR[OverlayColorFO]">common/ScrollbarGripFO.png</texturesliderbarfocus>
				<textureslidernib></textureslidernib>
				<textureslidernibfocus></textureslidernibfocus>
				<visible>!Skin.HasSetting(Scrollbars)</visible>
			</control>

			<!-- Name -->
			<control type="label">
				<include>DialogPVRGroupManager_coords6</include>
				<font>Font36</font>
				<textcolor>$VAR[TextColorNF]</textcolor>
				<label>$INFO[Control.GetLabel(22)]</label>
				<align>center</align>
			</control>

			<!-- Channels list -->			
			<control type="list" id="12">
				<include>DialogPVRGroupManager_coords7</include>
				<onup>12</onup>
				<ondown>12</ondown>
				<onleft>80</onleft>
				<onright>90</onright>
				<pagecontrol>80</pagecontrol>
				<scrolltime tween="sine" easing="out">240</scrolltime>

				<include>DialogPVRGroupManager_coords8</include>

				<include>DialogPVRGroupManager_coords9</include>

			</control>
			
			<!-- Scrollbar (Channels list) -->
			<control type="scrollbar" id="80">
				<include>DialogPVRGroupManager_coords10</include>
				<onright>12</onright>
				<onleft>13</onleft>
				<showonepage>false</showonepage>
				<orientation>vertical</orientation>
				<colordiffuse>$VAR[OverlayColorNF]</colordiffuse>
				<texturesliderbackground border="8,1,6,1">common/ScrollBackground.png</texturesliderbackground>
				<texturesliderbar border="8,1,6,1" colordiffuse="$VAR[OverlayColorNF]">common/ScrollbarGripNF.png</texturesliderbar>
				<texturesliderbarfocus border="8,1,6,1" colordiffuse="$VAR[OverlayColorFO]">common/ScrollbarGripFO.png</texturesliderbarfocus>
				<textureslidernib></textureslidernib>
				<textureslidernibfocus></textureslidernibfocus>
				<visible>!Skin.HasSetting(Scrollbars)</visible>
			</control>

			<!-- Name -->
			<control type="label">
				<include>DialogPVRGroupManager_coords11</include>
				<font>Font36</font>
				<textcolor>$VAR[TextColorNF]</textcolor>
				<label>$INFO[Control.GetLabel(21)]</label>
				<align>center</align>
			</control>
	
			<!-- Grouped Channels list -->	
			<control type="list" id="11">
				<include>DialogPVRGroupManager_coords12</include>
				<onup>11</onup>
				<ondown>11</ondown>
				<onleft>90</onleft>
				<onright>9001</onright>
				<pagecontrol>90</pagecontrol>
				<scrolltime tween="sine" easing="out">240</scrolltime>

				<include>DialogPVRGroupManager_coords13</include>

				<include>DialogPVRGroupManager_coords14</include>

			</control>
			
			<!-- Scrollbar (Grouped Channels list) -->
			<control type="scrollbar" id="90">
				<include>DialogPVRGroupManager_coords15</include>
				<onright>11</onright>
				<onleft>12</onleft>
				<showonepage>false</showonepage>
				<orientation>vertical</orientation>
				<colordiffuse>$VAR[OverlayColorNF]</colordiffuse>
				<texturesliderbackground border="8,1,6,1">common/ScrollBackground.png</texturesliderbackground>
				<texturesliderbar border="8,1,6,1" colordiffuse="$VAR[OverlayColorNF]">common/ScrollbarGripNF.png</texturesliderbar>
				<texturesliderbarfocus border="8,1,6,1" colordiffuse="$VAR[OverlayColorFO]">common/ScrollbarGripFO.png</texturesliderbarfocus>
				<textureslidernib></textureslidernib>
				<textureslidernibfocus></textureslidernibfocus>
				<visible>!Skin.HasSetting(Scrollbars)</visible>
			</control>

			<!-- Buttons -->
			<control type="grouplist" id="9001">
				<include>DialogButtons</include>
				<orientation>horizontal</orientation>
				<align>center</align>
				<itemgap>30</itemgap>
				<onup>13</onup>
				<defaultcontrol always="true">0</defaultcontrol>

				<!-- OK Button -->
				<control type="button" id="29">
					<width>auto</width>
					<label>186</label>
				</control>

				<!-- Hide Button -->
				<control type="radiobutton" id="25">
					<width>270</width>
					<label>19289</label>
				</control>

				<!-- Delete Button -->
				<control type="button" id="28">
					<width>auto</width>
					<label>$LOCALIZE[117] $LOCALIZE[19141]</label>
				</control>

				<!-- Rename Button -->
				<control type="button" id="27">
					<width>auto</width>
					<label>$LOCALIZE[118] $LOCALIZE[19141]</label>
				</control>

				<!-- Add Button -->
				<control type="button" id="26">
					<width>auto</width>
					<label>$LOCALIZE[15019] $LOCALIZE[19141]</label>
				</control>

			</control>
			
			<!-- Button indicator -->
			<include content="dialogButtonIndicator">
				<param name="visibility">!ControlGroup(9001).HasFocus + !Window.IsVisible(shutdownmenu)</param>
			</include>

		</control>

		<include>MaskingBars</include>

	</controls>

</window>
