<?xml version="1.0" encoding="UTF-8"?>
<window>
	<!-- dialogsettings -->
	<defaultcontrol always="true">5</defaultcontrol>
	<include content="WindowDialogFocus">
		<param name="id">5</param>
	</include>

	<include condition="!Window.IsVisible(osdaudiosettings) + !Window.IsVisible(osdvideosettings) + !Window.IsVisible(osdsubtitlesettings)">DialogSettings_Default</include>
	<include condition="Window.IsVisible(osdaudiosettings) | Window.IsVisible(osdvideosettings) | Window.IsVisible(osdsubtitlesettings)">DialogSettings_OSD</include>

</window>