<?xml version="1.0" encoding="UTF-8"?>
<window>
	<!-- selectdialog -->
	<defaultcontrol always="true">3</defaultcontrol>
	
	<!-- Textbox scroll reset -->
	<include>ResetScroll</include>
	
	<controls>
		
		<!-- Select dialog -->
		<control type="group">
			<visible>![Window.IsVisible(gamevideofilter) | Window.IsVisible(gamestretchmode) | Window.IsVisible(gamevideorotation)]</visible>
			
			<!-- Dialog fanart -->
			<include>DialogBackgroundImage</include>
			
			<control type="group">
				<include>DialogDepth</include>
				<!-- Animation -->
				<include>DialogZoomAnimation</include>
			
				<!-- Heading -->
				<include content="Time">
					<param name="heading">$INFO[Control.GetLabel(1)]</param>
					<param name="secondary">False</param>
				</include>

				<control type="label" id="1">
					<font></font>
				</control>

				<!-- Image -->
				<control type="image">
					<include>DialogSelect_coords1</include>
					<texture>$VAR[SelectImage]</texture>
					<aspectratio aligny="center">keep</aspectratio>
					<visible>Control.IsVisible(6) + !String.Contains(Container(6).ListItem.Icon,Default)</visible>
				</control>
				<control type="image">
					<include>DialogSelect_coords1</include>
					<texture>$INFO[Container(6).ListItem.Icon]</texture>
					<colordiffuse>$VAR[OverlayColorFO]</colordiffuse>
					<aspectratio aligny="center">keep</aspectratio>
					<visible>Control.IsVisible(6) + String.Contains(Container(6).ListItem.Icon,Default)</visible>
				</control>

				<!-- List -->
				<control type="list" id="3">
					<include>DialogSelect_coords3</include>
					<onup>3</onup>
					<ondown>3</ondown>
					<onleft>60</onleft>
					<onright>9001</onright>
					<orientation>vertical</orientation>
					<pagecontrol>60</pagecontrol>
					<viewtype label="list">list</viewtype>
					<scrolltime tween="sine" easing="out">240</scrolltime>

					<include>DialogSelect_coords4</include>

					<include>DialogSelect_coords5</include>

				</control>

				<!-- List -->
				<control type="list" id="6">
					<include>DialogSelect_coords6</include>
					<onup>6</onup>
					<ondown>6</ondown>
					<onleft>60</onleft>
					<onright>9001</onright>
					<orientation>vertical</orientation>
					<pagecontrol>60</pagecontrol>
					<viewtype label="list">list</viewtype>
					<scrolltime tween="sine" easing="out">240</scrolltime>

					<include>DialogSelect_coords7</include>

					<include>DialogSelect_coords8</include>

				</control>
				
				<!-- Scrollbar -->
				<control type="scrollbar" id="60">
					<include>DialogSelect_coords2</include>
					<onleft>5</onleft>
					<onright condition="Control.IsVisible(3)">3</onright>
					<onright condition="Control.IsVisible(6)">6</onright>
					<showonepage>false</showonepage>
					<orientation>vertical</orientation>
					<colordiffuse>$VAR[OverlayColorNF]</colordiffuse>
					<texturesliderbackground border="8,1,6,1">common/ScrollBackground.png</texturesliderbackground>
					<texturesliderbar border="8,1,6,1" colordiffuse="$VAR[OverlayColorNF]">common/ScrollbarGripNF.png</texturesliderbar>
					<texturesliderbarfocus border="8,1,6,1" colordiffuse="$VAR[OverlayColorFO]">common/ScrollbarGripFO.png</texturesliderbarfocus>
					<textureslidernib></textureslidernib>
					<textureslidernibfocus></textureslidernibfocus>
					<visible>!Skin.HasSetting(Scrollbars)</visible>
				</control>

				<!-- Buttons -->
				<control type="grouplist" id="9001">
					<include>DialogButtons</include>
					<itemgap>30</itemgap>
					<onup condition="Control.IsVisible(3)">3</onup>
					<onup condition="Control.IsVisible(6)">6</onup>
					<orientation>horizontal</orientation>
					<align>center</align>
					<defaultcontrol always="true">0</defaultcontrol>

					<!-- Cancel Button -->
					<control type="button" id="7">
						<width>Auto</width>
					</control>

					<!-- Get more Button -->
					<control type="button" id="5">
						<width>Auto</width>
					</control>

				</control>
				
				<!-- Button indicator -->
				<include content="dialogButtonIndicator">
					<param name="visibility">!ControlGroup(9001).HasFocus + !Window.IsVisible(shutdownmenu)</param>
				</include>
				
			</control>

			<include>MaskingBars</include>

		</control>

		<!-- Game OSD dialog -->
		<control type="group">
			<include>DialogDepth</include>
			<visible>[Window.IsVisible(gamevideofilter) | Window.IsVisible(gamestretchmode) | Window.IsVisible(gamevideorotation)] + !Window.IsVisible(shutdownmenu)</visible>
			<!-- Animation -->
			<animation effect="slide" start="0,500" time="200">WindowOpen</animation>
			<animation effect="slide" end="0,500" time="200">WindowClose</animation>
			<animation effect="slide" start="0,500" time="200">Visible</animation>
			<animation effect="slide" end="0,500" time="200">Hidden</animation>

			<!-- Window Background -->
			<control type="image">
				<include>DialogSelect_coords9</include>
				<texture colordiffuse="$VAR[MenuOSDColor]">common/Background2.png</texture>
			</control>
			
			<!-- Heading -->
			<control type="label" id="1">
				<include>DialogSelect_coords10</include>
				<align>center</align>
				<aligny>top</aligny>
				<font>Font33</font>
				<label>$INFO[Control.GetLabel(1)]</label>
			</control>
			
			<!-- Panel -->
			<control type="panel" id="11">
				<include>DialogSelect_coords11</include>
				<onup>Close</onup>
				<ondown>Close</ondown>
				<orientation>horizontal</orientation>
				<scrolltime tween="sine" easing="out">240</scrolltime>
				
				<include>DialogSelect_coords12</include>
				
				<include>DialogSelect_coords13</include>
				
			</control>
			
			<control type="textbox" id="12">
				<include>DialogSelect_coords14</include>
				<font>Font30</font>
				<align>center</align>
				<autoscroll delay="10000" time="2000" repeat="12000">True</autoscroll>
				<visible>Window.IsActive(gamevideofilter)</visible>
				<textcolor>$VAR[TextColorFO]</textcolor>
			</control>
			
		</control>
		
		<include>MaskingBars</include>
		
	</controls>
	
</window>
