<?xml version="1.0" encoding="UTF-8"?>
<window>
	<!-- gamecontrollersettings -->
	<defaultcontrol always="true">3</defaultcontrol>
	
	<!-- Textbox scroll reset -->
	<include>ResetScroll</include>

	<controls>

		<!-- Dialog fanart -->
		<include>DialogBackgroundImage</include>

		<control type="group">
			<include>DialogDepth</include>

			<!-- Animation -->
			<include>DialogZoomAnimation</include>
			
			<!-- Heading -->
			<include content="Time">
				<param name="heading">$INFO[Control.GetLabel(2)]</param>
				<param name="secondary">False</param>
			</include>
			
			<control type="label" id="2">
				<font></font>
				<label>35050</label>
			</control>

			<!-- Game Controller -->
            <control type="gamecontroller" id="31">
				<include>DialogGameControllers_coords1</include>
            </control>

			<!-- Controllers Grouplist -->
			<control type="grouplist" id="3">
				<include>DialogGameControllers_coords2</include>
				<itemgap>0</itemgap>
				<onleft>70</onleft>
				<onright>80</onright>
				<onup>3</onup>
				<ondown>3</ondown>
				<orientation>vertical</orientation>
				<scrolltime tween="sine" easing="out">240</scrolltime>
				<pagecontrol>70</pagecontrol>
			</control>
			
			<!-- Default button -->
			<control type="button" id="10">
				<include>DialogGameControllers_coords6</include>
				<font>Font33</font>
				<textcolor>$VAR[TextColorNF]</textcolor>
				<focusedcolor>$VAR[gamecontrollersbuttonunfocusdim]</focusedcolor>
				<invalidcolor>$VAR[InvalidColor]</invalidcolor>
				<disabledcolor>$VAR[DisabledColor]</disabledcolor>
			</control>
			
			<!-- Scrollbar (Controllers Grouplist) -->
			<control type="scrollbar" id="70">
				<include>DialogGameControllers_coords3</include>
				<onleft>9001</onleft>
				<onright>3</onright>
				<showonepage>false</showonepage>
				<orientation>vertical</orientation>
				<colordiffuse>$VAR[OverlayColorNF]</colordiffuse>
				<texturesliderbackground border="8,1,6,1">common/ScrollBackground.png</texturesliderbackground>
				<texturesliderbar border="8,1,6,1">common/ScrollbarGripNF.png</texturesliderbar>
				<texturesliderbarfocus border="8,1,6,1" colordiffuse="$VAR[OverlayColorFO]">common/ScrollbarGripFO.png</texturesliderbarfocus>
				<textureslidernib></textureslidernib>
				<textureslidernibfocus></textureslidernibfocus>
				<visible>!Skin.HasSetting(Scrollbars)</visible>
			</control>

			<!-- Controller Buttons Grouplist -->
			<control type="grouplist" id="5">
				<include>DialogGameControllers_coords4</include>
				<itemgap>0</itemgap>
				<onleft>80</onleft>
				<onright>9001</onright>
				<onup>5</onup>
				<ondown>5</ondown>
				<orientation>vertical</orientation>
				<scrolltime tween="sine" easing="out">240</scrolltime>
				<pagecontrol>80</pagecontrol>
			</control>
			
			<!-- Scrollbar (Controller Buttons Grouplist) -->
			<control type="scrollbar" id="80">
				<include>DialogGameControllers_coords5</include>
				<onright>5</onright>
				<onleft>3</onleft>
				<showonepage>false</showonepage>
				<orientation>vertical</orientation>
				<colordiffuse>$VAR[OverlayColorNF]</colordiffuse>
				<texturesliderbackground border="8,1,6,1">common/ScrollBackground.png</texturesliderbackground>
				<texturesliderbar border="8,1,6,1">common/ScrollbarGripNF.png</texturesliderbar>
				<texturesliderbarfocus border="8,1,6,1" colordiffuse="$VAR[OverlayColorFO]">common/ScrollbarGripFO.png</texturesliderbarfocus>
				<textureslidernib></textureslidernib>
				<textureslidernibfocus></textureslidernibfocus>
				<visible>!Skin.HasSetting(Scrollbars)</visible>
			</control>

			<!-- Default label -->
			<control type="label" id="14">
				<include>DialogGameControllers_coords6</include>
				<font>Font33</font>
				<align>center</align>
				<label></label>
				<textcolor>$VAR[TextColorFO]</textcolor>
			</control>

			<!-- Settings category heading label -->
			<control type="label" id="8">
				<include>DialogGameControllers_coords7</include>
				<font>Font33</font>
				<align>center</align>
				<label></label>
				<textcolor>$VAR[TextColorNF]</textcolor>
			</control>

			<!-- Default button -->
			<control type="button" id="7">
				<include>DialogGameControllers_coords6</include>
				<font>Font33</font>
				<textcolor>$VAR[TextColorNF]</textcolor>
				<focusedcolor>$VAR[TextColorFO]</focusedcolor>
				<invalidcolor>$VAR[InvalidColor]</invalidcolor>
				<disabledcolor>$VAR[DisabledColor]</disabledcolor>
			</control>

			<!-- Default seperator -->
			<control type="image" id="9">
				<include>DialogGameControllers_coords8</include>
				<texture border="2" colordiffuse="$VAR[OverlayColorNF]">common/Divider.png</texture>
			</control>

			<!-- Buttons -->
			<control type="grouplist" id="9001">
				<include>DialogButtons</include>
				<orientation>horizontal</orientation>
				<align>center</align>
				<itemgap>30</itemgap>
				<onup>3</onup>
				<defaultcontrol always="true">0</defaultcontrol>

				<!-- Help Button -->
				<control type="button" id="17">
					<width>Auto</width>
					<label>$LOCALIZE[10043]</label>
				</control>

				<!-- OK Button -->
				<control type="button" id="18">
					<width>Auto</width>
					<label>$LOCALIZE[186]</label>
				</control>

				<!-- Reset Button -->
				<control type="button" id="19">
					<width>Auto</width>
					<label>$LOCALIZE[13007]</label>
				</control>

				<!-- Get More Button -->
				<control type="button" id="20">
					<width>Auto</width>
					<label>$LOCALIZE[21452]</label>
				</control>

			</control>
			
			<!-- Button indicator -->
			<include content="dialogButtonIndicator">
				<param name="visibility">!ControlGroup(9001).HasFocus + !Window.IsVisible(shutdownmenu)</param>
			</include>

		</control>

		<include>MaskingBars</include>

	</controls>

</window>