<?xml version="1.0" encoding="UTF-8"?>
<window>
	<!-- Event Log -->
	<backgroundcolor>0</backgroundcolor>
	<defaultcontrol always="true">570</defaultcontrol>
	<include content="WindowDialogFocus">
		<param name="id">570</param>
	</include>
	<views>570</views>
	
	<!-- Sidemenu menucontrol -->
	<include content="SidemenuMenucontrol">
		<param name="id">3001</param>
	</include>
	
	<controls>
		<!-- Background -->
		<include>WindowBackgroundImageVertical</include>
		
		<!-- Time -->
		<include>Time</include>
		
		<!-- Main group -->
		<control type="group">
			<include>WindowFadeAnimation</include>

			<!-- Image -->
			<control type="image">
				<include>EventLog_coords1</include>
				<texture>$INFO[ListItem.Icon]</texture>
				<colordiffuse>$VAR[OverlayColorFO]</colordiffuse>
				<aspectratio align="center" aligny="center">keep</aspectratio>
			</control>

			<!-- List -->
			<control type="fixedlist" id="570">
				<include>EventLog_coords2</include>
				<onup>570</onup>
				<ondown>570</ondown>
				<onleft>60</onleft>
				<onright condition="!Skin.HasSetting(KioskMode)">3001</onright>
				<pagecontrol>60</pagecontrol>
				<focusposition>3</focusposition>
				<orientation>vertical</orientation>
				<scrolltime tween="sine" easing="out">240</scrolltime>
				<viewtype label="535">list</viewtype>

				<include>EventLog_coords3</include>

				<include>EventLog_coords4</include>

			</control>

			<!-- Scrollbar -->
			<control type="scrollbar" id="60">
				<include>EventLog_coords5</include>
				<onleft condition="!Skin.HasSetting(KioskMode)">3001</onleft>
				<onright>570</onright>
				<showonepage>false</showonepage>
				<orientation>vertical</orientation>
				<colordiffuse>$VAR[OverlayColorNF]</colordiffuse>
				<include>BackgroundOverlayStyleScrollbarVertical</include>
				<texturesliderbarfocus border="8,1,6,1" colordiffuse="$VAR[OverlayColorFO]">common/ScrollbarGripFO.png</texturesliderbarfocus>
				<textureslidernib></textureslidernib>
				<textureslidernibfocus></textureslidernibfocus>
				<visible>!Skin.HasSetting(Scrollbars)</visible>
			</control>
		
			<!-- Submenu indicator -->
			<include>SubmenuIndicator</include>
			
		</control>

		<!-- Options -->
		<control type="group" id="9002">
			<include>NotificationDepth</include>
			<visible>!Skin.HasSetting(KioskMode)</visible>
			<control type="image">
				<include>FullscreenDimensions</include>
				<texture colordiffuse="$VAR[DarkenColor]">common/DimOverlay.png</texture>
				<include>VisibleFadeAnimation</include>
				<visible>ControlGroup(9002).HasFocus</visible>
				<include>BackgroundDepth</include>
			</control>
			<control type="group">
				<left>-460</left>
				<top>0</top>
				<animation effect="slide" start="0,0" end="460,0" time="200" condition="ControlGroup(9002).HasFocus">Conditional</animation>
				<control type="button">
					<include>OptionsSideMenu1</include>
					<texturefocus>noop</texturefocus>
				</control>

				<control type="image">
					<include>OptionsSideMenu1</include>
					<texture colordiffuse="$VAR[MenuOSDColor]">common/Background2.png</texture>
				</control>

				<!-- Look controls -->
				<control type="grouplist" id="3001">
					<include>OptionsSideMenu2</include>
					<onleft>60</onleft>
					<onright>60</onright>
					<onback>60</onback>
					<scrolltime>200</scrolltime>
					<orientation>vertical</orientation>
					<itemgap>0</itemgap>
					<defaultcontrol always="true">4</defaultcontrol>

					<include content="SideMenuAnimation">
						<param name="containerID">3001</param>
					</include>

					<!-- Sort -->
					<control type="togglebutton" id="4">
						<label>$LOCALIZE[31234] $LOCALIZE[584]</label>
						<altlabel>$LOCALIZE[31234] $LOCALIZE[585]</altlabel>
						<usealttexture>Container.SortDirection(Descending)</usealttexture>
						<visible>Control.IsEnabled(4)</visible>
						<height>52</height>
					</control>
					<!-- Level -->
					<control type="button" id="21">
						<height>52</height>
					</control>
					<!-- Only current level -->
					<control type="radiobutton" id="22">
						<height>52</height>
					</control>
					<!-- Clear -->
					<control type="button" id="20">
						<label>192</label>
						<height>52</height>
					</control>
					
					<include>SideMenuControls</include>

				</control>
			</control>
		</control>

		<include>MaskingBars</include>

	</controls>

</window>
