<?xml version="1.0" encoding="UTF-8"?>
<includes>

	<!-- Textbox scroll reset -->
	
	<!-- General textbox scroll reset -->
	<include name="ResetScroll">
		<onunload>SetProperty(ResetScroll.1101," ",Home)</onunload>
		<onunload>AlarmClock(ResetScrollClear1,ClearProperty(ResetScroll.1101,Home),00:01,silent)</onunload>
		<onunload>SetProperty(ResetScroll.10004," ",Home)</onunload>
		<onunload>AlarmClock(ResetScrollClear2,ClearProperty(ResetScroll.10004,Home),00:01,silent)</onunload>
		<onunload>SetProperty(ResetScroll.10035," ",Home)</onunload>
		<onunload>AlarmClock(ResetScrollClear3,ClearProperty(ResetScroll.10035,Home),00:01,silent)</onunload>
		<onunload>SetProperty(ResetScroll.10135," ",Home)</onunload>
		<onunload>AlarmClock(ResetScrollClear3,ClearProperty(ResetScroll.10135,Home),00:01,silent)</onunload>
		<onunload>SetProperty(ResetScroll.10146," ",Home)</onunload>
		<onunload>AlarmClock(ResetScrollClear4,ClearProperty(ResetScroll.10146,Home),00:01,silent)</onunload>
		<onunload>SetProperty(ResetScroll.10600," ",Home)</onunload>
		<onunload>AlarmClock(ResetScrollClear5,ClearProperty(ResetScroll.10600,Home),00:01,silent)</onunload>
		<onunload>SetProperty(ResetScroll.10608," ",Home)</onunload>
		<onunload>AlarmClock(ResetScrollClear6,ClearProperty(ResetScroll.10608,Home),00:01,silent)</onunload>
		<onunload>SetProperty(ResetScroll.10609," ",Home)</onunload>
		<onunload>AlarmClock(ResetScrollClear7,ClearProperty(ResetScroll.10609,Home),00:01,silent)</onunload>
		<onunload>SetProperty(ResetScroll.10700," ",Home)</onunload>
		<onunload>AlarmClock(ResetScrollClear8,ClearProperty(ResetScroll.10700,Home),00:01,silent)</onunload>
		<onunload>SetProperty(ResetScroll.10701," ",Home)</onunload>
		<onunload>AlarmClock(ResetScrollClear9,ClearProperty(ResetScroll.10701,Home),00:01,silent)</onunload>
		<onunload>SetProperty(ResetScroll.10702," ",Home)</onunload>
		<onunload>AlarmClock(ResetScrollClear10,ClearProperty(ResetScroll.10702,Home),00:01,silent)</onunload>
		<onunload>SetProperty(ResetScroll.10704," ",Home)</onunload>
		<onunload>AlarmClock(ResetScrollClear11,ClearProperty(ResetScroll.10704,Home),00:01,silent)</onunload>
		<onunload>SetProperty(ResetScroll.12003," ",Home)</onunload>
		<onunload>AlarmClock(ResetScrollClear12,ClearProperty(ResetScroll.12003,Home),00:01,silent)</onunload>
		<onunload>SetProperty(ResetScroll.12005," ",Home)</onunload>
		<onunload>AlarmClock(ResetScrollClear13,ClearProperty(ResetScroll.12005,Home),00:01,silent)</onunload>
		<onunload>SetProperty(ResetScroll.12006Artist," ",Home)</onunload>
		<onunload>AlarmClock(ResetScrollClear14,ClearProperty(ResetScroll.12006Artist,Home),00:01,silent)</onunload>
		<onunload>SetProperty(ResetScroll.12006Album," ",Home)</onunload>
		<onunload>AlarmClock(ResetScrollClear15,ClearProperty(ResetScroll.12006Album,Home),00:01,silent)</onunload>
		<onunload>SetProperty(ResetScroll.12006PlotNow," ",Home)</onunload>
		<onunload>AlarmClock(ResetScrollClear16,ClearProperty(ResetScroll.12006PlotNow,Home),00:01,silent)</onunload>
		<onunload>SetProperty(ResetScroll.12006PlotNext," ",Home)</onunload>
		<onunload>AlarmClock(ResetScrollClear17,ClearProperty(ResetScroll.12006PlotNext,Home),00:01,silent)</onunload>
		<onunload>SetProperty(ResetScroll.12600," ",Home)</onunload>
		<onunload>AlarmClock(ResetScrollClear18,ClearProperty(ResetScroll.12600,Home),00:01,silent)</onunload>
		<onunload>SetProperty(ResetScroll.511," ",Home)</onunload>
		<onunload>AlarmClock(ResetScrollClear19,ClearProperty(ResetScroll.511,Home),00:01,silent)</onunload>
		<onunload>SetProperty(ResetScroll.522," ",Home)</onunload>
		<onunload>AlarmClock(ResetScrollClear20,ClearProperty(ResetScroll.522,Home),00:01,silent)</onunload>
		<onunload>SetProperty(ResetScroll.525," ",Home)</onunload>
		<onunload>AlarmClock(ResetScrollClear21,ClearProperty(ResetScroll.525,Home),00:01,silent)</onunload>
		<onunload>SetProperty(ResetScroll.531," ",Home)</onunload>
		<onunload>AlarmClock(ResetScrollClear22,ClearProperty(ResetScroll.531,Home),00:01,silent)</onunload>
		<onunload>SetProperty(ResetScroll.533," ",Home)</onunload>
		<onunload>AlarmClock(ResetScrollClear23,ClearProperty(ResetScroll.533,Home),00:01,silent)</onunload>
		<onunload>SetProperty(ResetScroll.536," ",Home)</onunload>
		<onunload>AlarmClock(ResetScrollClear24,ClearProperty(ResetScroll.536,Home),00:01,silent)</onunload>
		<onunload>SetProperty(ResetScroll.538," ",Home)</onunload>
		<onunload>AlarmClock(ResetScrollClear25,ClearProperty(ResetScroll.538,Home),00:01,silent)</onunload>
	</include>
	
	<!-- Custom_Welcome.xml textbox scroll reset -->
	<include name="1101ResetScroll">
		<onload>SetProperty(ResetScroll.1101," ",Home)</onload>
		<onload>AlarmClock(ResetScrollClear1,ClearProperty(ResetScroll.1101,Home),00:01,silent)</onload>
		<onunload>SetProperty(ResetScroll.10004," ",Home)</onunload>
		<onunload>AlarmClock(ResetScrollClear2,ClearProperty(ResetScroll.10004,Home),00:01,silent)</onunload>
		<onunload>SetProperty(ResetScroll.10035," ",Home)</onunload>
		<onunload>AlarmClock(ResetScrollClear3,ClearProperty(ResetScroll.10035,Home),00:01,silent)</onunload>
		<onunload>SetProperty(ResetScroll.10135," ",Home)</onunload>
		<onunload>AlarmClock(ResetScrollClear3,ClearProperty(ResetScroll.10135,Home),00:01,silent)</onunload>
		<onunload>SetProperty(ResetScroll.10146," ",Home)</onunload>
		<onunload>AlarmClock(ResetScrollClear4,ClearProperty(ResetScroll.10146,Home),00:01,silent)</onunload>
		<onunload>SetProperty(ResetScroll.10600," ",Home)</onunload>
		<onunload>AlarmClock(ResetScrollClear5,ClearProperty(ResetScroll.10600,Home),00:01,silent)</onunload>
		<onunload>SetProperty(ResetScroll.10608," ",Home)</onunload>
		<onunload>AlarmClock(ResetScrollClear6,ClearProperty(ResetScroll.10608,Home),00:01,silent)</onunload>
		<onunload>SetProperty(ResetScroll.10609," ",Home)</onunload>
		<onunload>AlarmClock(ResetScrollClear7,ClearProperty(ResetScroll.10609,Home),00:01,silent)</onunload>
		<onunload>SetProperty(ResetScroll.10700," ",Home)</onunload>
		<onunload>AlarmClock(ResetScrollClear8,ClearProperty(ResetScroll.10700,Home),00:01,silent)</onunload>
		<onunload>SetProperty(ResetScroll.10701," ",Home)</onunload>
		<onunload>AlarmClock(ResetScrollClear9,ClearProperty(ResetScroll.10701,Home),00:01,silent)</onunload>
		<onunload>SetProperty(ResetScroll.10702," ",Home)</onunload>
		<onunload>AlarmClock(ResetScrollClear10,ClearProperty(ResetScroll.10702,Home),00:01,silent)</onunload>
		<onunload>SetProperty(ResetScroll.10704," ",Home)</onunload>
		<onunload>AlarmClock(ResetScrollClear11,ClearProperty(ResetScroll.10704,Home),00:01,silent)</onunload>
		<onunload>SetProperty(ResetScroll.12003," ",Home)</onunload>
		<onunload>AlarmClock(ResetScrollClear12,ClearProperty(ResetScroll.12003,Home),00:01,silent)</onunload>
		<onunload>SetProperty(ResetScroll.12005," ",Home)</onunload>
		<onunload>AlarmClock(ResetScrollClear13,ClearProperty(ResetScroll.12005,Home),00:01,silent)</onunload>
		<onunload>SetProperty(ResetScroll.12006Artist," ",Home)</onunload>
		<onunload>AlarmClock(ResetScrollClear14,ClearProperty(ResetScroll.12006Artist,Home),00:01,silent)</onunload>
		<onunload>SetProperty(ResetScroll.12006Album," ",Home)</onunload>
		<onunload>AlarmClock(ResetScrollClear15,ClearProperty(ResetScroll.12006Album,Home),00:01,silent)</onunload>
		<onunload>SetProperty(ResetScroll.12006PlotNow," ",Home)</onunload>
		<onunload>AlarmClock(ResetScrollClear16,ClearProperty(ResetScroll.12006PlotNow,Home),00:01,silent)</onunload>
		<onunload>SetProperty(ResetScroll.12006PlotNext," ",Home)</onunload>
		<onunload>AlarmClock(ResetScrollClear17,ClearProperty(ResetScroll.12006PlotNext,Home),00:01,silent)</onunload>
		<onunload>SetProperty(ResetScroll.12600," ",Home)</onunload>
		<onunload>AlarmClock(ResetScrollClear18,ClearProperty(ResetScroll.12600,Home),00:01,silent)</onunload>
		<onunload>SetProperty(ResetScroll.511," ",Home)</onunload>
		<onunload>AlarmClock(ResetScrollClear19,ClearProperty(ResetScroll.511,Home),00:01,silent)</onunload>
		<onunload>SetProperty(ResetScroll.522," ",Home)</onunload>
		<onunload>AlarmClock(ResetScrollClear20,ClearProperty(ResetScroll.522,Home),00:01,silent)</onunload>
		<onunload>SetProperty(ResetScroll.525," ",Home)</onunload>
		<onunload>AlarmClock(ResetScrollClear21,ClearProperty(ResetScroll.525,Home),00:01,silent)</onunload>
		<onunload>SetProperty(ResetScroll.531," ",Home)</onunload>
		<onunload>AlarmClock(ResetScrollClear22,ClearProperty(ResetScroll.531,Home),00:01,silent)</onunload>
		<onunload>SetProperty(ResetScroll.533," ",Home)</onunload>
		<onunload>AlarmClock(ResetScrollClear23,ClearProperty(ResetScroll.533,Home),00:01,silent)</onunload>
		<onunload>SetProperty(ResetScroll.536," ",Home)</onunload>
		<onunload>AlarmClock(ResetScrollClear24,ClearProperty(ResetScroll.536,Home),00:01,silent)</onunload>
		<onunload>SetProperty(ResetScroll.538," ",Home)</onunload>
		<onunload>AlarmClock(ResetScrollClear25,ClearProperty(ResetScroll.538,Home),00:01,silent)</onunload>
	</include>
	
	<!-- Settings.xml textbox scroll reset -->
	<include name="10004ResetScroll">
		<onload>SetProperty(ResetScroll.10004," ",Home)</onload>
		<onload>AlarmClock(ResetScrollClear2,ClearProperty(ResetScroll.10004,Home),00:01,silent)</onload>
		<onunload>SetProperty(ResetScroll.1101," ",Home)</onunload>
		<onunload>AlarmClock(ResetScrollClear1,ClearProperty(ResetScroll.1101,Home),00:01,silent)</onunload>
		<onunload>SetProperty(ResetScroll.10035," ",Home)</onunload>
		<onunload>AlarmClock(ResetScrollClear3,ClearProperty(ResetScroll.10035,Home),00:01,silent)</onunload>
		<onunload>SetProperty(ResetScroll.10135," ",Home)</onunload>
		<onunload>AlarmClock(ResetScrollClear3,ClearProperty(ResetScroll.10135,Home),00:01,silent)</onunload>
		<onunload>SetProperty(ResetScroll.10146," ",Home)</onunload>
		<onunload>AlarmClock(ResetScrollClear4,ClearProperty(ResetScroll.10146,Home),00:01,silent)</onunload>
		<onunload>SetProperty(ResetScroll.10600," ",Home)</onunload>
		<onunload>AlarmClock(ResetScrollClear5,ClearProperty(ResetScroll.10600,Home),00:01,silent)</onunload>
		<onunload>SetProperty(ResetScroll.10608," ",Home)</onunload>
		<onunload>AlarmClock(ResetScrollClear6,ClearProperty(ResetScroll.10608,Home),00:01,silent)</onunload>
		<onunload>SetProperty(ResetScroll.10609," ",Home)</onunload>
		<onunload>AlarmClock(ResetScrollClear7,ClearProperty(ResetScroll.10609,Home),00:01,silent)</onunload>
		<onunload>SetProperty(ResetScroll.10700," ",Home)</onunload>
		<onunload>AlarmClock(ResetScrollClear8,ClearProperty(ResetScroll.10700,Home),00:01,silent)</onunload>
		<onunload>SetProperty(ResetScroll.10701," ",Home)</onunload>
		<onunload>AlarmClock(ResetScrollClear9,ClearProperty(ResetScroll.10701,Home),00:01,silent)</onunload>
		<onunload>SetProperty(ResetScroll.10702," ",Home)</onunload>
		<onunload>AlarmClock(ResetScrollClear10,ClearProperty(ResetScroll.10702,Home),00:01,silent)</onunload>
		<onunload>SetProperty(ResetScroll.10704," ",Home)</onunload>
		<onunload>AlarmClock(ResetScrollClear11,ClearProperty(ResetScroll.10704,Home),00:01,silent)</onunload>
		<onunload>SetProperty(ResetScroll.12003," ",Home)</onunload>
		<onunload>AlarmClock(ResetScrollClear12,ClearProperty(ResetScroll.12003,Home),00:01,silent)</onunload>
		<onunload>SetProperty(ResetScroll.12005," ",Home)</onunload>
		<onunload>AlarmClock(ResetScrollClear13,ClearProperty(ResetScroll.12005,Home),00:01,silent)</onunload>
		<onunload>SetProperty(ResetScroll.12006Artist," ",Home)</onunload>
		<onunload>AlarmClock(ResetScrollClear14,ClearProperty(ResetScroll.12006Artist,Home),00:01,silent)</onunload>
		<onunload>SetProperty(ResetScroll.12006Album," ",Home)</onunload>
		<onunload>AlarmClock(ResetScrollClear15,ClearProperty(ResetScroll.12006Album,Home),00:01,silent)</onunload>
		<onunload>SetProperty(ResetScroll.12006PlotNow," ",Home)</onunload>
		<onunload>AlarmClock(ResetScrollClear16,ClearProperty(ResetScroll.12006PlotNow,Home),00:01,silent)</onunload>
		<onunload>SetProperty(ResetScroll.12006PlotNext," ",Home)</onunload>
		<onunload>AlarmClock(ResetScrollClear17,ClearProperty(ResetScroll.12006PlotNext,Home),00:01,silent)</onunload>
		<onunload>SetProperty(ResetScroll.12600," ",Home)</onunload>
		<onunload>AlarmClock(ResetScrollClear18,ClearProperty(ResetScroll.12600,Home),00:01,silent)</onunload>
		<onunload>SetProperty(ResetScroll.511," ",Home)</onunload>
		<onunload>AlarmClock(ResetScrollClear19,ClearProperty(ResetScroll.511,Home),00:01,silent)</onunload>
		<onunload>SetProperty(ResetScroll.522," ",Home)</onunload>
		<onunload>AlarmClock(ResetScrollClear20,ClearProperty(ResetScroll.522,Home),00:01,silent)</onunload>
		<onunload>SetProperty(ResetScroll.525," ",Home)</onunload>
		<onunload>AlarmClock(ResetScrollClear21,ClearProperty(ResetScroll.525,Home),00:01,silent)</onunload>
		<onunload>SetProperty(ResetScroll.531," ",Home)</onunload>
		<onunload>AlarmClock(ResetScrollClear22,ClearProperty(ResetScroll.531,Home),00:01,silent)</onunload>
		<onunload>SetProperty(ResetScroll.533," ",Home)</onunload>
		<onunload>AlarmClock(ResetScrollClear23,ClearProperty(ResetScroll.533,Home),00:01,silent)</onunload>
		<onunload>SetProperty(ResetScroll.536," ",Home)</onunload>
		<onunload>AlarmClock(ResetScrollClear24,ClearProperty(ResetScroll.536,Home),00:01,silent)</onunload>
		<onunload>SetProperty(ResetScroll.538," ",Home)</onunload>
		<onunload>AlarmClock(ResetScrollClear25,ClearProperty(ResetScroll.538,Home),00:01,silent)</onunload>
	</include>
	
	<!-- SkinSettings.xml textbox scroll reset -->
	<include name="10035ResetScroll">
		<onload>SetProperty(ResetScroll.10035," ",Home)</onload>
		<onload>AlarmClock(ResetScrollClear3,ClearProperty(ResetScroll.10035,Home),00:01,silent)</onload>
		<onunload>SetProperty(ResetScroll.1101," ",Home)</onunload>
		<onunload>AlarmClock(ResetScrollClear1,ClearProperty(ResetScroll.1101,Home),00:01,silent)</onunload>
		<onunload>SetProperty(ResetScroll.10004," ",Home)</onunload>
		<onunload>AlarmClock(ResetScrollClear2,ClearProperty(ResetScroll.10004,Home),00:01,silent)</onunload>
		<onunload>SetProperty(ResetScroll.10135," ",Home)</onunload>
		<onunload>AlarmClock(ResetScrollClear3,ClearProperty(ResetScroll.10135,Home),00:01,silent)</onunload>
		<onunload>SetProperty(ResetScroll.10146," ",Home)</onunload>
		<onunload>AlarmClock(ResetScrollClear4,ClearProperty(ResetScroll.10146,Home),00:01,silent)</onunload>
		<onunload>SetProperty(ResetScroll.10600," ",Home)</onunload>
		<onunload>AlarmClock(ResetScrollClear5,ClearProperty(ResetScroll.10600,Home),00:01,silent)</onunload>
		<onunload>SetProperty(ResetScroll.10608," ",Home)</onunload>
		<onunload>AlarmClock(ResetScrollClear6,ClearProperty(ResetScroll.10608,Home),00:01,silent)</onunload>
		<onunload>SetProperty(ResetScroll.10609," ",Home)</onunload>
		<onunload>AlarmClock(ResetScrollClear7,ClearProperty(ResetScroll.10609,Home),00:01,silent)</onunload>
		<onunload>SetProperty(ResetScroll.10700," ",Home)</onunload>
		<onunload>AlarmClock(ResetScrollClear8,ClearProperty(ResetScroll.10700,Home),00:01,silent)</onunload>
		<onunload>SetProperty(ResetScroll.10701," ",Home)</onunload>
		<onunload>AlarmClock(ResetScrollClear9,ClearProperty(ResetScroll.10701,Home),00:01,silent)</onunload>
		<onunload>SetProperty(ResetScroll.10702," ",Home)</onunload>
		<onunload>AlarmClock(ResetScrollClear10,ClearProperty(ResetScroll.10702,Home),00:01,silent)</onunload>
		<onunload>SetProperty(ResetScroll.10704," ",Home)</onunload>
		<onunload>AlarmClock(ResetScrollClear11,ClearProperty(ResetScroll.10704,Home),00:01,silent)</onunload>
		<onunload>SetProperty(ResetScroll.12003," ",Home)</onunload>
		<onunload>AlarmClock(ResetScrollClear12,ClearProperty(ResetScroll.12003,Home),00:01,silent)</onunload>
		<onunload>SetProperty(ResetScroll.12005," ",Home)</onunload>
		<onunload>AlarmClock(ResetScrollClear13,ClearProperty(ResetScroll.12005,Home),00:01,silent)</onunload>
		<onunload>SetProperty(ResetScroll.12006Artist," ",Home)</onunload>
		<onunload>AlarmClock(ResetScrollClear14,ClearProperty(ResetScroll.12006Artist,Home),00:01,silent)</onunload>
		<onunload>SetProperty(ResetScroll.12006Album," ",Home)</onunload>
		<onunload>AlarmClock(ResetScrollClear15,ClearProperty(ResetScroll.12006Album,Home),00:01,silent)</onunload>
		<onunload>SetProperty(ResetScroll.12006PlotNow," ",Home)</onunload>
		<onunload>AlarmClock(ResetScrollClear16,ClearProperty(ResetScroll.12006PlotNow,Home),00:01,silent)</onunload>
		<onunload>SetProperty(ResetScroll.12006PlotNext," ",Home)</onunload>
		<onunload>AlarmClock(ResetScrollClear17,ClearProperty(ResetScroll.12006PlotNext,Home),00:01,silent)</onunload>
		<onunload>SetProperty(ResetScroll.12600," ",Home)</onunload>
		<onunload>AlarmClock(ResetScrollClear18,ClearProperty(ResetScroll.12600,Home),00:01,silent)</onunload>
		<onunload>SetProperty(ResetScroll.511," ",Home)</onunload>
		<onunload>AlarmClock(ResetScrollClear19,ClearProperty(ResetScroll.511,Home),00:01,silent)</onunload>
		<onunload>SetProperty(ResetScroll.522," ",Home)</onunload>
		<onunload>AlarmClock(ResetScrollClear20,ClearProperty(ResetScroll.522,Home),00:01,silent)</onunload>
		<onunload>SetProperty(ResetScroll.525," ",Home)</onunload>
		<onunload>AlarmClock(ResetScrollClear21,ClearProperty(ResetScroll.525,Home),00:01,silent)</onunload>
		<onunload>SetProperty(ResetScroll.531," ",Home)</onunload>
		<onunload>AlarmClock(ResetScrollClear22,ClearProperty(ResetScroll.531,Home),00:01,silent)</onunload>
		<onunload>SetProperty(ResetScroll.533," ",Home)</onunload>
		<onunload>AlarmClock(ResetScrollClear23,ClearProperty(ResetScroll.533,Home),00:01,silent)</onunload>
		<onunload>SetProperty(ResetScroll.536," ",Home)</onunload>
		<onunload>AlarmClock(ResetScrollClear24,ClearProperty(ResetScroll.536,Home),00:01,silent)</onunload>
		<onunload>SetProperty(ResetScroll.538," ",Home)</onunload>
		<onunload>AlarmClock(ResetScrollClear25,ClearProperty(ResetScroll.538,Home),00:01,silent)</onunload>
	</include>
	
	<!-- DialogMusicInfo.xml textbox scroll reset -->
	<include name="10135ResetScroll">
		<onload>SetProperty(ResetScroll.10135," ",Home)</onload>
		<onload>AlarmClock(ResetScrollClear3,ClearProperty(ResetScroll.10135,Home),00:01,silent)</onload>
		<onunload>SetProperty(ResetScroll.1101," ",Home)</onunload>
		<onunload>AlarmClock(ResetScrollClear1,ClearProperty(ResetScroll.1101,Home),00:01,silent)</onunload>
		<onunload>SetProperty(ResetScroll.10004," ",Home)</onunload>
		<onunload>AlarmClock(ResetScrollClear2,ClearProperty(ResetScroll.10004,Home),00:01,silent)</onunload>
		<onunload>SetProperty(ResetScroll.10035," ",Home)</onunload>
		<onunload>AlarmClock(ResetScrollClear3,ClearProperty(ResetScroll.10035,Home),00:01,silent)</onunload>
		<onunload>SetProperty(ResetScroll.10146," ",Home)</onunload>
		<onunload>AlarmClock(ResetScrollClear4,ClearProperty(ResetScroll.10146,Home),00:01,silent)</onunload>
		<onunload>SetProperty(ResetScroll.10600," ",Home)</onunload>
		<onunload>AlarmClock(ResetScrollClear5,ClearProperty(ResetScroll.10600,Home),00:01,silent)</onunload>
		<onunload>SetProperty(ResetScroll.10608," ",Home)</onunload>
		<onunload>AlarmClock(ResetScrollClear6,ClearProperty(ResetScroll.10608,Home),00:01,silent)</onunload>
		<onunload>SetProperty(ResetScroll.10609," ",Home)</onunload>
		<onunload>AlarmClock(ResetScrollClear7,ClearProperty(ResetScroll.10609,Home),00:01,silent)</onunload>
		<onunload>SetProperty(ResetScroll.10700," ",Home)</onunload>
		<onunload>AlarmClock(ResetScrollClear8,ClearProperty(ResetScroll.10700,Home),00:01,silent)</onunload>
		<onunload>SetProperty(ResetScroll.10701," ",Home)</onunload>
		<onunload>AlarmClock(ResetScrollClear9,ClearProperty(ResetScroll.10701,Home),00:01,silent)</onunload>
		<onunload>SetProperty(ResetScroll.10702," ",Home)</onunload>
		<onunload>AlarmClock(ResetScrollClear10,ClearProperty(ResetScroll.10702,Home),00:01,silent)</onunload>
		<onunload>SetProperty(ResetScroll.10704," ",Home)</onunload>
		<onunload>AlarmClock(ResetScrollClear11,ClearProperty(ResetScroll.10704,Home),00:01,silent)</onunload>
		<onunload>SetProperty(ResetScroll.12003," ",Home)</onunload>
		<onunload>AlarmClock(ResetScrollClear12,ClearProperty(ResetScroll.12003,Home),00:01,silent)</onunload>
		<onunload>SetProperty(ResetScroll.12005," ",Home)</onunload>
		<onunload>AlarmClock(ResetScrollClear13,ClearProperty(ResetScroll.12005,Home),00:01,silent)</onunload>
		<onunload>SetProperty(ResetScroll.12006Artist," ",Home)</onunload>
		<onunload>AlarmClock(ResetScrollClear14,ClearProperty(ResetScroll.12006Artist,Home),00:01,silent)</onunload>
		<onunload>SetProperty(ResetScroll.12006Album," ",Home)</onunload>
		<onunload>AlarmClock(ResetScrollClear15,ClearProperty(ResetScroll.12006Album,Home),00:01,silent)</onunload>
		<onunload>SetProperty(ResetScroll.12006PlotNow," ",Home)</onunload>
		<onunload>AlarmClock(ResetScrollClear16,ClearProperty(ResetScroll.12006PlotNow,Home),00:01,silent)</onunload>
		<onunload>SetProperty(ResetScroll.12006PlotNext," ",Home)</onunload>
		<onunload>AlarmClock(ResetScrollClear17,ClearProperty(ResetScroll.12006PlotNext,Home),00:01,silent)</onunload>
		<onunload>SetProperty(ResetScroll.12600," ",Home)</onunload>
		<onunload>AlarmClock(ResetScrollClear18,ClearProperty(ResetScroll.12600,Home),00:01,silent)</onunload>
		<onunload>SetProperty(ResetScroll.511," ",Home)</onunload>
		<onunload>AlarmClock(ResetScrollClear19,ClearProperty(ResetScroll.511,Home),00:01,silent)</onunload>
		<onunload>SetProperty(ResetScroll.522," ",Home)</onunload>
		<onunload>AlarmClock(ResetScrollClear20,ClearProperty(ResetScroll.522,Home),00:01,silent)</onunload>
		<onunload>SetProperty(ResetScroll.525," ",Home)</onunload>
		<onunload>AlarmClock(ResetScrollClear21,ClearProperty(ResetScroll.525,Home),00:01,silent)</onunload>
		<onunload>SetProperty(ResetScroll.531," ",Home)</onunload>
		<onunload>AlarmClock(ResetScrollClear22,ClearProperty(ResetScroll.531,Home),00:01,silent)</onunload>
		<onunload>SetProperty(ResetScroll.533," ",Home)</onunload>
		<onunload>AlarmClock(ResetScrollClear23,ClearProperty(ResetScroll.533,Home),00:01,silent)</onunload>
		<onunload>SetProperty(ResetScroll.536," ",Home)</onunload>
		<onunload>AlarmClock(ResetScrollClear24,ClearProperty(ResetScroll.536,Home),00:01,silent)</onunload>
		<onunload>SetProperty(ResetScroll.538," ",Home)</onunload>
		<onunload>AlarmClock(ResetScrollClear25,ClearProperty(ResetScroll.538,Home),00:01,silent)</onunload>
	</include>
	
	<!-- DialogAddonInfo.xml textbox scroll reset -->
	<include name="10146ResetScroll">
		<onload>SetProperty(ResetScroll.10146," ",Home)</onload>
		<onload>AlarmClock(ResetScrollClear4,ClearProperty(ResetScroll.10146,Home),00:01,silent)</onload>
		<onunload>SetProperty(ResetScroll.1101," ",Home)</onunload>
		<onunload>AlarmClock(ResetScrollClear1,ClearProperty(ResetScroll.1101,Home),00:01,silent)</onunload>
		<onunload>SetProperty(ResetScroll.10004," ",Home)</onunload>
		<onunload>AlarmClock(ResetScrollClear2,ClearProperty(ResetScroll.10004,Home),00:01,silent)</onunload>
		<onunload>SetProperty(ResetScroll.10035," ",Home)</onunload>
		<onunload>AlarmClock(ResetScrollClear3,ClearProperty(ResetScroll.10035,Home),00:01,silent)</onunload>
		<onunload>SetProperty(ResetScroll.10135," ",Home)</onunload>
		<onunload>AlarmClock(ResetScrollClear3,ClearProperty(ResetScroll.10135,Home),00:01,silent)</onunload>
		<onunload>SetProperty(ResetScroll.10600," ",Home)</onunload>
		<onunload>AlarmClock(ResetScrollClear5,ClearProperty(ResetScroll.10600,Home),00:01,silent)</onunload>
		<onunload>SetProperty(ResetScroll.10608," ",Home)</onunload>
		<onunload>AlarmClock(ResetScrollClear6,ClearProperty(ResetScroll.10608,Home),00:01,silent)</onunload>
		<onunload>SetProperty(ResetScroll.10609," ",Home)</onunload>
		<onunload>AlarmClock(ResetScrollClear7,ClearProperty(ResetScroll.10609,Home),00:01,silent)</onunload>
		<onunload>SetProperty(ResetScroll.10700," ",Home)</onunload>
		<onunload>AlarmClock(ResetScrollClear8,ClearProperty(ResetScroll.10700,Home),00:01,silent)</onunload>
		<onunload>SetProperty(ResetScroll.10701," ",Home)</onunload>
		<onunload>AlarmClock(ResetScrollClear9,ClearProperty(ResetScroll.10701,Home),00:01,silent)</onunload>
		<onunload>SetProperty(ResetScroll.10702," ",Home)</onunload>
		<onunload>AlarmClock(ResetScrollClear10,ClearProperty(ResetScroll.10702,Home),00:01,silent)</onunload>
		<onunload>SetProperty(ResetScroll.10704," ",Home)</onunload>
		<onunload>AlarmClock(ResetScrollClear11,ClearProperty(ResetScroll.10704,Home),00:01,silent)</onunload>
		<onunload>SetProperty(ResetScroll.12003," ",Home)</onunload>
		<onunload>AlarmClock(ResetScrollClear12,ClearProperty(ResetScroll.12003,Home),00:01,silent)</onunload>
		<onunload>SetProperty(ResetScroll.12005," ",Home)</onunload>
		<onunload>AlarmClock(ResetScrollClear13,ClearProperty(ResetScroll.12005,Home),00:01,silent)</onunload>
		<onunload>SetProperty(ResetScroll.12006Artist," ",Home)</onunload>
		<onunload>AlarmClock(ResetScrollClear14,ClearProperty(ResetScroll.12006Artist,Home),00:01,silent)</onunload>
		<onunload>SetProperty(ResetScroll.12006Album," ",Home)</onunload>
		<onunload>AlarmClock(ResetScrollClear15,ClearProperty(ResetScroll.12006Album,Home),00:01,silent)</onunload>
		<onunload>SetProperty(ResetScroll.12006PlotNow," ",Home)</onunload>
		<onunload>AlarmClock(ResetScrollClear16,ClearProperty(ResetScroll.12006PlotNow,Home),00:01,silent)</onunload>
		<onunload>SetProperty(ResetScroll.12006PlotNext," ",Home)</onunload>
		<onunload>AlarmClock(ResetScrollClear17,ClearProperty(ResetScroll.12006PlotNext,Home),00:01,silent)</onunload>
		<onunload>SetProperty(ResetScroll.12600," ",Home)</onunload>
		<onunload>AlarmClock(ResetScrollClear18,ClearProperty(ResetScroll.12600,Home),00:01,silent)</onunload>
		<onunload>SetProperty(ResetScroll.511," ",Home)</onunload>
		<onunload>AlarmClock(ResetScrollClear19,ClearProperty(ResetScroll.511,Home),00:01,silent)</onunload>
		<onunload>SetProperty(ResetScroll.522," ",Home)</onunload>
		<onunload>AlarmClock(ResetScrollClear20,ClearProperty(ResetScroll.522,Home),00:01,silent)</onunload>
		<onunload>SetProperty(ResetScroll.525," ",Home)</onunload>
		<onunload>AlarmClock(ResetScrollClear21,ClearProperty(ResetScroll.525,Home),00:01,silent)</onunload>
		<onunload>SetProperty(ResetScroll.531," ",Home)</onunload>
		<onunload>AlarmClock(ResetScrollClear22,ClearProperty(ResetScroll.531,Home),00:01,silent)</onunload>
		<onunload>SetProperty(ResetScroll.533," ",Home)</onunload>
		<onunload>AlarmClock(ResetScrollClear23,ClearProperty(ResetScroll.533,Home),00:01,silent)</onunload>
		<onunload>SetProperty(ResetScroll.536," ",Home)</onunload>
		<onunload>AlarmClock(ResetScrollClear24,ClearProperty(ResetScroll.536,Home),00:01,silent)</onunload>
		<onunload>SetProperty(ResetScroll.538," ",Home)</onunload>
		<onunload>AlarmClock(ResetScrollClear25,ClearProperty(ResetScroll.538,Home),00:01,silent)</onunload>
	</include>
	
	<!-- DialogPVRInfo.xml textbox scroll reset -->
	<include name="10600ResetScroll">
		<onload>SetProperty(ResetScroll.10600," ",Home)</onload>
		<onload>AlarmClock(ResetScrollClear5,ClearProperty(ResetScroll.10600,Home),00:01,silent)</onload>
		<onunload>SetProperty(ResetScroll.1101," ",Home)</onunload>
		<onunload>AlarmClock(ResetScrollClear1,ClearProperty(ResetScroll.1101,Home),00:01,silent)</onunload>
		<onunload>SetProperty(ResetScroll.10004," ",Home)</onunload>
		<onunload>AlarmClock(ResetScrollClear2,ClearProperty(ResetScroll.10004,Home),00:01,silent)</onunload>
		<onunload>SetProperty(ResetScroll.10035," ",Home)</onunload>
		<onunload>AlarmClock(ResetScrollClear3,ClearProperty(ResetScroll.10035,Home),00:01,silent)</onunload>
		<onunload>SetProperty(ResetScroll.10135," ",Home)</onunload>
		<onunload>AlarmClock(ResetScrollClear3,ClearProperty(ResetScroll.10135,Home),00:01,silent)</onunload>
		<onunload>SetProperty(ResetScroll.10146," ",Home)</onunload>
		<onunload>AlarmClock(ResetScrollClear4,ClearProperty(ResetScroll.10146,Home),00:01,silent)</onunload>
		<onunload>SetProperty(ResetScroll.10608," ",Home)</onunload>
		<onunload>AlarmClock(ResetScrollClear6,ClearProperty(ResetScroll.10608,Home),00:01,silent)</onunload>
		<onunload>SetProperty(ResetScroll.10609," ",Home)</onunload>
		<onunload>AlarmClock(ResetScrollClear7,ClearProperty(ResetScroll.10609,Home),00:01,silent)</onunload>
		<onunload>SetProperty(ResetScroll.10700," ",Home)</onunload>
		<onunload>AlarmClock(ResetScrollClear8,ClearProperty(ResetScroll.10700,Home),00:01,silent)</onunload>
		<onunload>SetProperty(ResetScroll.10701," ",Home)</onunload>
		<onunload>AlarmClock(ResetScrollClear9,ClearProperty(ResetScroll.10701,Home),00:01,silent)</onunload>
		<onunload>SetProperty(ResetScroll.10702," ",Home)</onunload>
		<onunload>AlarmClock(ResetScrollClear10,ClearProperty(ResetScroll.10702,Home),00:01,silent)</onunload>
		<onunload>SetProperty(ResetScroll.10704," ",Home)</onunload>
		<onunload>AlarmClock(ResetScrollClear11,ClearProperty(ResetScroll.10704,Home),00:01,silent)</onunload>
		<onunload>SetProperty(ResetScroll.12003," ",Home)</onunload>
		<onunload>AlarmClock(ResetScrollClear12,ClearProperty(ResetScroll.12003,Home),00:01,silent)</onunload>
		<onunload>SetProperty(ResetScroll.12005," ",Home)</onunload>
		<onunload>AlarmClock(ResetScrollClear13,ClearProperty(ResetScroll.12005,Home),00:01,silent)</onunload>
		<onunload>SetProperty(ResetScroll.12006Artist," ",Home)</onunload>
		<onunload>AlarmClock(ResetScrollClear14,ClearProperty(ResetScroll.12006Artist,Home),00:01,silent)</onunload>
		<onunload>SetProperty(ResetScroll.12006Album," ",Home)</onunload>
		<onunload>AlarmClock(ResetScrollClear15,ClearProperty(ResetScroll.12006Album,Home),00:01,silent)</onunload>
		<onunload>SetProperty(ResetScroll.12006PlotNow," ",Home)</onunload>
		<onunload>AlarmClock(ResetScrollClear16,ClearProperty(ResetScroll.12006PlotNow,Home),00:01,silent)</onunload>
		<onunload>SetProperty(ResetScroll.12006PlotNext," ",Home)</onunload>
		<onunload>AlarmClock(ResetScrollClear17,ClearProperty(ResetScroll.12006PlotNext,Home),00:01,silent)</onunload>
		<onunload>SetProperty(ResetScroll.12600," ",Home)</onunload>
		<onunload>AlarmClock(ResetScrollClear18,ClearProperty(ResetScroll.12600,Home),00:01,silent)</onunload>
		<onunload>SetProperty(ResetScroll.511," ",Home)</onunload>
		<onunload>AlarmClock(ResetScrollClear19,ClearProperty(ResetScroll.511,Home),00:01,silent)</onunload>
		<onunload>SetProperty(ResetScroll.522," ",Home)</onunload>
		<onunload>AlarmClock(ResetScrollClear20,ClearProperty(ResetScroll.522,Home),00:01,silent)</onunload>
		<onunload>SetProperty(ResetScroll.525," ",Home)</onunload>
		<onunload>AlarmClock(ResetScrollClear21,ClearProperty(ResetScroll.525,Home),00:01,silent)</onunload>
		<onunload>SetProperty(ResetScroll.531," ",Home)</onunload>
		<onunload>AlarmClock(ResetScrollClear22,ClearProperty(ResetScroll.531,Home),00:01,silent)</onunload>
		<onunload>SetProperty(ResetScroll.533," ",Home)</onunload>
		<onunload>AlarmClock(ResetScrollClear23,ClearProperty(ResetScroll.533,Home),00:01,silent)</onunload>
		<onunload>SetProperty(ResetScroll.536," ",Home)</onunload>
		<onunload>AlarmClock(ResetScrollClear24,ClearProperty(ResetScroll.536,Home),00:01,silent)</onunload>
		<onunload>SetProperty(ResetScroll.538," ",Home)</onunload>
		<onunload>AlarmClock(ResetScrollClear25,ClearProperty(ResetScroll.538,Home),00:01,silent)</onunload>
	</include>
	
	<!-- DialogPVRChannelsOSD.xml textbox scroll reset -->
	<include name="10608ResetScroll">
		<onload>SetProperty(ResetScroll.10608," ",Home)</onload>
		<onload>AlarmClock(ResetScrollClear6,ClearProperty(ResetScroll.10608,Home),00:01,silent)</onload>
		<onunload>SetProperty(ResetScroll.1101," ",Home)</onunload>
		<onunload>AlarmClock(ResetScrollClear1,ClearProperty(ResetScroll.1101,Home),00:01,silent)</onunload>
		<onunload>SetProperty(ResetScroll.10004," ",Home)</onunload>
		<onunload>AlarmClock(ResetScrollClear2,ClearProperty(ResetScroll.10004,Home),00:01,silent)</onunload>
		<onunload>SetProperty(ResetScroll.10035," ",Home)</onunload>
		<onunload>AlarmClock(ResetScrollClear3,ClearProperty(ResetScroll.10035,Home),00:01,silent)</onunload>
		<onunload>SetProperty(ResetScroll.10135," ",Home)</onunload>
		<onunload>AlarmClock(ResetScrollClear3,ClearProperty(ResetScroll.10135,Home),00:01,silent)</onunload>
		<onunload>SetProperty(ResetScroll.10146," ",Home)</onunload>
		<onunload>AlarmClock(ResetScrollClear4,ClearProperty(ResetScroll.10146,Home),00:01,silent)</onunload>
		<onunload>SetProperty(ResetScroll.10600," ",Home)</onunload>
		<onunload>AlarmClock(ResetScrollClear5,ClearProperty(ResetScroll.10600,Home),00:01,silent)</onunload>
		<onunload>SetProperty(ResetScroll.10609," ",Home)</onunload>
		<onunload>AlarmClock(ResetScrollClear7,ClearProperty(ResetScroll.10609,Home),00:01,silent)</onunload>
		<onunload>SetProperty(ResetScroll.10700," ",Home)</onunload>
		<onunload>AlarmClock(ResetScrollClear8,ClearProperty(ResetScroll.10700,Home),00:01,silent)</onunload>
		<onunload>SetProperty(ResetScroll.10701," ",Home)</onunload>
		<onunload>AlarmClock(ResetScrollClear9,ClearProperty(ResetScroll.10701,Home),00:01,silent)</onunload>
		<onunload>SetProperty(ResetScroll.10702," ",Home)</onunload>
		<onunload>AlarmClock(ResetScrollClear10,ClearProperty(ResetScroll.10702,Home),00:01,silent)</onunload>
		<onunload>SetProperty(ResetScroll.10704," ",Home)</onunload>
		<onunload>AlarmClock(ResetScrollClear11,ClearProperty(ResetScroll.10704,Home),00:01,silent)</onunload>
		<onunload>SetProperty(ResetScroll.12003," ",Home)</onunload>
		<onunload>AlarmClock(ResetScrollClear12,ClearProperty(ResetScroll.12003,Home),00:01,silent)</onunload>
		<onunload>SetProperty(ResetScroll.12005," ",Home)</onunload>
		<onunload>AlarmClock(ResetScrollClear13,ClearProperty(ResetScroll.12005,Home),00:01,silent)</onunload>
		<onunload>SetProperty(ResetScroll.12006Artist," ",Home)</onunload>
		<onunload>AlarmClock(ResetScrollClear14,ClearProperty(ResetScroll.12006Artist,Home),00:01,silent)</onunload>
		<onunload>SetProperty(ResetScroll.12006Album," ",Home)</onunload>
		<onunload>AlarmClock(ResetScrollClear15,ClearProperty(ResetScroll.12006Album,Home),00:01,silent)</onunload>
		<onunload>SetProperty(ResetScroll.12006PlotNow," ",Home)</onunload>
		<onunload>AlarmClock(ResetScrollClear16,ClearProperty(ResetScroll.12006PlotNow,Home),00:01,silent)</onunload>
		<onunload>SetProperty(ResetScroll.12006PlotNext," ",Home)</onunload>
		<onunload>AlarmClock(ResetScrollClear17,ClearProperty(ResetScroll.12006PlotNext,Home),00:01,silent)</onunload>
		<onunload>SetProperty(ResetScroll.12600," ",Home)</onunload>
		<onunload>AlarmClock(ResetScrollClear18,ClearProperty(ResetScroll.12600,Home),00:01,silent)</onunload>
		<onunload>SetProperty(ResetScroll.511," ",Home)</onunload>
		<onunload>AlarmClock(ResetScrollClear19,ClearProperty(ResetScroll.511,Home),00:01,silent)</onunload>
		<onunload>SetProperty(ResetScroll.522," ",Home)</onunload>
		<onunload>AlarmClock(ResetScrollClear20,ClearProperty(ResetScroll.522,Home),00:01,silent)</onunload>
		<onunload>SetProperty(ResetScroll.525," ",Home)</onunload>
		<onunload>AlarmClock(ResetScrollClear21,ClearProperty(ResetScroll.525,Home),00:01,silent)</onunload>
		<onunload>SetProperty(ResetScroll.531," ",Home)</onunload>
		<onunload>AlarmClock(ResetScrollClear22,ClearProperty(ResetScroll.531,Home),00:01,silent)</onunload>
		<onunload>SetProperty(ResetScroll.533," ",Home)</onunload>
		<onunload>AlarmClock(ResetScrollClear23,ClearProperty(ResetScroll.533,Home),00:01,silent)</onunload>
		<onunload>SetProperty(ResetScroll.536," ",Home)</onunload>
		<onunload>AlarmClock(ResetScrollClear24,ClearProperty(ResetScroll.536,Home),00:01,silent)</onunload>
		<onunload>SetProperty(ResetScroll.538," ",Home)</onunload>
		<onunload>AlarmClock(ResetScrollClear25,ClearProperty(ResetScroll.538,Home),00:01,silent)</onunload>
	</include>
	
	<!-- DialogPVRChannelGuide.xml textbox scroll reset -->
	<include name="10609ResetScroll">
		<onload>SetProperty(ResetScroll.10609," ",Home)</onload>
		<onload>AlarmClock(ResetScrollClear7,ClearProperty(ResetScroll.10609,Home),00:01,silent)</onload>
		<onunload>SetProperty(ResetScroll.1101," ",Home)</onunload>
		<onunload>AlarmClock(ResetScrollClear1,ClearProperty(ResetScroll.1101,Home),00:01,silent)</onunload>
		<onunload>SetProperty(ResetScroll.10004," ",Home)</onunload>
		<onunload>AlarmClock(ResetScrollClear2,ClearProperty(ResetScroll.10004,Home),00:01,silent)</onunload>
		<onunload>SetProperty(ResetScroll.10035," ",Home)</onunload>
		<onunload>AlarmClock(ResetScrollClear3,ClearProperty(ResetScroll.10035,Home),00:01,silent)</onunload>
		<onunload>SetProperty(ResetScroll.10135," ",Home)</onunload>
		<onunload>AlarmClock(ResetScrollClear3,ClearProperty(ResetScroll.10135,Home),00:01,silent)</onunload>
		<onunload>SetProperty(ResetScroll.10146," ",Home)</onunload>
		<onunload>AlarmClock(ResetScrollClear4,ClearProperty(ResetScroll.10146,Home),00:01,silent)</onunload>
		<onunload>SetProperty(ResetScroll.10600," ",Home)</onunload>
		<onunload>AlarmClock(ResetScrollClear5,ClearProperty(ResetScroll.10600,Home),00:01,silent)</onunload>
		<onunload>SetProperty(ResetScroll.10608," ",Home)</onunload>
		<onunload>AlarmClock(ResetScrollClear6,ClearProperty(ResetScroll.10608,Home),00:01,silent)</onunload>
		<onunload>SetProperty(ResetScroll.10700," ",Home)</onunload>
		<onunload>AlarmClock(ResetScrollClear8,ClearProperty(ResetScroll.10700,Home),00:01,silent)</onunload>
		<onunload>SetProperty(ResetScroll.10701," ",Home)</onunload>
		<onunload>AlarmClock(ResetScrollClear9,ClearProperty(ResetScroll.10701,Home),00:01,silent)</onunload>
		<onunload>SetProperty(ResetScroll.10702," ",Home)</onunload>
		<onunload>AlarmClock(ResetScrollClear10,ClearProperty(ResetScroll.10702,Home),00:01,silent)</onunload>
		<onunload>SetProperty(ResetScroll.10704," ",Home)</onunload>
		<onunload>AlarmClock(ResetScrollClear11,ClearProperty(ResetScroll.10704,Home),00:01,silent)</onunload>
		<onunload>SetProperty(ResetScroll.12003," ",Home)</onunload>
		<onunload>AlarmClock(ResetScrollClear12,ClearProperty(ResetScroll.12003,Home),00:01,silent)</onunload>
		<onunload>SetProperty(ResetScroll.12005," ",Home)</onunload>
		<onunload>AlarmClock(ResetScrollClear13,ClearProperty(ResetScroll.12005,Home),00:01,silent)</onunload>
		<onunload>SetProperty(ResetScroll.12006Artist," ",Home)</onunload>
		<onunload>AlarmClock(ResetScrollClear14,ClearProperty(ResetScroll.12006Artist,Home),00:01,silent)</onunload>
		<onunload>SetProperty(ResetScroll.12006Album," ",Home)</onunload>
		<onunload>AlarmClock(ResetScrollClear15,ClearProperty(ResetScroll.12006Album,Home),00:01,silent)</onunload>
		<onunload>SetProperty(ResetScroll.12006PlotNow," ",Home)</onunload>
		<onunload>AlarmClock(ResetScrollClear16,ClearProperty(ResetScroll.12006PlotNow,Home),00:01,silent)</onunload>
		<onunload>SetProperty(ResetScroll.12006PlotNext," ",Home)</onunload>
		<onunload>AlarmClock(ResetScrollClear17,ClearProperty(ResetScroll.12006PlotNext,Home),00:01,silent)</onunload>
		<onunload>SetProperty(ResetScroll.12600," ",Home)</onunload>
		<onunload>AlarmClock(ResetScrollClear18,ClearProperty(ResetScroll.12600,Home),00:01,silent)</onunload>
		<onunload>SetProperty(ResetScroll.511," ",Home)</onunload>
		<onunload>AlarmClock(ResetScrollClear19,ClearProperty(ResetScroll.511,Home),00:01,silent)</onunload>
		<onunload>SetProperty(ResetScroll.522," ",Home)</onunload>
		<onunload>AlarmClock(ResetScrollClear20,ClearProperty(ResetScroll.522,Home),00:01,silent)</onunload>
		<onunload>SetProperty(ResetScroll.525," ",Home)</onunload>
		<onunload>AlarmClock(ResetScrollClear21,ClearProperty(ResetScroll.525,Home),00:01,silent)</onunload>
		<onunload>SetProperty(ResetScroll.531," ",Home)</onunload>
		<onunload>AlarmClock(ResetScrollClear22,ClearProperty(ResetScroll.531,Home),00:01,silent)</onunload>
		<onunload>SetProperty(ResetScroll.533," ",Home)</onunload>
		<onunload>AlarmClock(ResetScrollClear23,ClearProperty(ResetScroll.533,Home),00:01,silent)</onunload>
		<onunload>SetProperty(ResetScroll.536," ",Home)</onunload>
		<onunload>AlarmClock(ResetScrollClear24,ClearProperty(ResetScroll.536,Home),00:01,silent)</onunload>
		<onunload>SetProperty(ResetScroll.538," ",Home)</onunload>
		<onunload>AlarmClock(ResetScrollClear25,ClearProperty(ResetScroll.538,Home),00:01,silent)</onunload>
	</include>
	
	<!-- MyPVRChannels.xml textbox scroll reset -->
	<include name="10700ResetScroll">
		<onload>SetProperty(ResetScroll.10700," ",Home)</onload>
		<onload>AlarmClock(ResetScrollClear8,ClearProperty(ResetScroll.10700,Home),00:01,silent)</onload>
		<onunload>SetProperty(ResetScroll.1101," ",Home)</onunload>
		<onunload>AlarmClock(ResetScrollClear1,ClearProperty(ResetScroll.1101,Home),00:01,silent)</onunload>
		<onunload>SetProperty(ResetScroll.10004," ",Home)</onunload>
		<onunload>AlarmClock(ResetScrollClear2,ClearProperty(ResetScroll.10004,Home),00:01,silent)</onunload>
		<onunload>SetProperty(ResetScroll.10035," ",Home)</onunload>
		<onunload>AlarmClock(ResetScrollClear3,ClearProperty(ResetScroll.10035,Home),00:01,silent)</onunload>
		<onunload>SetProperty(ResetScroll.10135," ",Home)</onunload>
		<onunload>AlarmClock(ResetScrollClear3,ClearProperty(ResetScroll.10135,Home),00:01,silent)</onunload>
		<onunload>SetProperty(ResetScroll.10146," ",Home)</onunload>
		<onunload>AlarmClock(ResetScrollClear4,ClearProperty(ResetScroll.10146,Home),00:01,silent)</onunload>
		<onunload>SetProperty(ResetScroll.10600," ",Home)</onunload>
		<onunload>AlarmClock(ResetScrollClear5,ClearProperty(ResetScroll.10600,Home),00:01,silent)</onunload>
		<onunload>SetProperty(ResetScroll.10608," ",Home)</onunload>
		<onunload>AlarmClock(ResetScrollClear6,ClearProperty(ResetScroll.10608,Home),00:01,silent)</onunload>
		<onunload>SetProperty(ResetScroll.10609," ",Home)</onunload>
		<onunload>AlarmClock(ResetScrollClear7,ClearProperty(ResetScroll.10609,Home),00:01,silent)</onunload>
		<onunload>SetProperty(ResetScroll.10701," ",Home)</onunload>
		<onunload>AlarmClock(ResetScrollClear9,ClearProperty(ResetScroll.10701,Home),00:01,silent)</onunload>
		<onunload>SetProperty(ResetScroll.10702," ",Home)</onunload>
		<onunload>AlarmClock(ResetScrollClear10,ClearProperty(ResetScroll.10702,Home),00:01,silent)</onunload>
		<onunload>SetProperty(ResetScroll.10704," ",Home)</onunload>
		<onunload>AlarmClock(ResetScrollClear11,ClearProperty(ResetScroll.10704,Home),00:01,silent)</onunload>
		<onunload>SetProperty(ResetScroll.12003," ",Home)</onunload>
		<onunload>AlarmClock(ResetScrollClear12,ClearProperty(ResetScroll.12003,Home),00:01,silent)</onunload>
		<onunload>SetProperty(ResetScroll.12005," ",Home)</onunload>
		<onunload>AlarmClock(ResetScrollClear13,ClearProperty(ResetScroll.12005,Home),00:01,silent)</onunload>
		<onunload>SetProperty(ResetScroll.12006Artist," ",Home)</onunload>
		<onunload>AlarmClock(ResetScrollClear14,ClearProperty(ResetScroll.12006Artist,Home),00:01,silent)</onunload>
		<onunload>SetProperty(ResetScroll.12006Album," ",Home)</onunload>
		<onunload>AlarmClock(ResetScrollClear15,ClearProperty(ResetScroll.12006Album,Home),00:01,silent)</onunload>
		<onunload>SetProperty(ResetScroll.12006PlotNow," ",Home)</onunload>
		<onunload>AlarmClock(ResetScrollClear16,ClearProperty(ResetScroll.12006PlotNow,Home),00:01,silent)</onunload>
		<onunload>SetProperty(ResetScroll.12006PlotNext," ",Home)</onunload>
		<onunload>AlarmClock(ResetScrollClear17,ClearProperty(ResetScroll.12006PlotNext,Home),00:01,silent)</onunload>
		<onunload>SetProperty(ResetScroll.12600," ",Home)</onunload>
		<onunload>AlarmClock(ResetScrollClear18,ClearProperty(ResetScroll.12600,Home),00:01,silent)</onunload>
		<onunload>SetProperty(ResetScroll.511," ",Home)</onunload>
		<onunload>AlarmClock(ResetScrollClear19,ClearProperty(ResetScroll.511,Home),00:01,silent)</onunload>
		<onunload>SetProperty(ResetScroll.522," ",Home)</onunload>
		<onunload>AlarmClock(ResetScrollClear20,ClearProperty(ResetScroll.522,Home),00:01,silent)</onunload>
		<onunload>SetProperty(ResetScroll.525," ",Home)</onunload>
		<onunload>AlarmClock(ResetScrollClear21,ClearProperty(ResetScroll.525,Home),00:01,silent)</onunload>
		<onunload>SetProperty(ResetScroll.531," ",Home)</onunload>
		<onunload>AlarmClock(ResetScrollClear22,ClearProperty(ResetScroll.531,Home),00:01,silent)</onunload>
		<onunload>SetProperty(ResetScroll.533," ",Home)</onunload>
		<onunload>AlarmClock(ResetScrollClear23,ClearProperty(ResetScroll.533,Home),00:01,silent)</onunload>
		<onunload>SetProperty(ResetScroll.536," ",Home)</onunload>
		<onunload>AlarmClock(ResetScrollClear24,ClearProperty(ResetScroll.536,Home),00:01,silent)</onunload>
		<onunload>SetProperty(ResetScroll.538," ",Home)</onunload>
		<onunload>AlarmClock(ResetScrollClear25,ClearProperty(ResetScroll.538,Home),00:01,silent)</onunload>
	</include>
	
	<!-- MyPVRRecordings.xml textbox scroll reset -->
	<include name="10701ResetScroll">
		<onload>SetProperty(ResetScroll.10701," ",Home)</onload>
		<onload>AlarmClock(ResetScrollClear9,ClearProperty(ResetScroll.10701,Home),00:01,silent)</onload>
		<onunload>SetProperty(ResetScroll.1101," ",Home)</onunload>
		<onunload>AlarmClock(ResetScrollClear1,ClearProperty(ResetScroll.1101,Home),00:01,silent)</onunload>
		<onunload>SetProperty(ResetScroll.10004," ",Home)</onunload>
		<onunload>AlarmClock(ResetScrollClear2,ClearProperty(ResetScroll.10004,Home),00:01,silent)</onunload>
		<onunload>SetProperty(ResetScroll.10035," ",Home)</onunload>
		<onunload>AlarmClock(ResetScrollClear3,ClearProperty(ResetScroll.10035,Home),00:01,silent)</onunload>
		<onunload>SetProperty(ResetScroll.10135," ",Home)</onunload>
		<onunload>AlarmClock(ResetScrollClear3,ClearProperty(ResetScroll.10135,Home),00:01,silent)</onunload>
		<onunload>SetProperty(ResetScroll.10146," ",Home)</onunload>
		<onunload>AlarmClock(ResetScrollClear4,ClearProperty(ResetScroll.10146,Home),00:01,silent)</onunload>
		<onunload>SetProperty(ResetScroll.10600," ",Home)</onunload>
		<onunload>AlarmClock(ResetScrollClear5,ClearProperty(ResetScroll.10600,Home),00:01,silent)</onunload>
		<onunload>SetProperty(ResetScroll.10608," ",Home)</onunload>
		<onunload>AlarmClock(ResetScrollClear6,ClearProperty(ResetScroll.10608,Home),00:01,silent)</onunload>
		<onunload>SetProperty(ResetScroll.10609," ",Home)</onunload>
		<onunload>AlarmClock(ResetScrollClear7,ClearProperty(ResetScroll.10609,Home),00:01,silent)</onunload>
		<onunload>SetProperty(ResetScroll.10700," ",Home)</onunload>
		<onunload>AlarmClock(ResetScrollClear8,ClearProperty(ResetScroll.10700,Home),00:01,silent)</onunload>
		<onunload>SetProperty(ResetScroll.10702," ",Home)</onunload>
		<onunload>AlarmClock(ResetScrollClear10,ClearProperty(ResetScroll.10702,Home),00:01,silent)</onunload>
		<onunload>SetProperty(ResetScroll.10704," ",Home)</onunload>
		<onunload>AlarmClock(ResetScrollClear11,ClearProperty(ResetScroll.10704,Home),00:01,silent)</onunload>
		<onunload>SetProperty(ResetScroll.12003," ",Home)</onunload>
		<onunload>AlarmClock(ResetScrollClear12,ClearProperty(ResetScroll.12003,Home),00:01,silent)</onunload>
		<onunload>SetProperty(ResetScroll.12005," ",Home)</onunload>
		<onunload>AlarmClock(ResetScrollClear13,ClearProperty(ResetScroll.12005,Home),00:01,silent)</onunload>
		<onunload>SetProperty(ResetScroll.12006Artist," ",Home)</onunload>
		<onunload>AlarmClock(ResetScrollClear14,ClearProperty(ResetScroll.12006Artist,Home),00:01,silent)</onunload>
		<onunload>SetProperty(ResetScroll.12006Album," ",Home)</onunload>
		<onunload>AlarmClock(ResetScrollClear15,ClearProperty(ResetScroll.12006Album,Home),00:01,silent)</onunload>
		<onunload>SetProperty(ResetScroll.12006PlotNow," ",Home)</onunload>
		<onunload>AlarmClock(ResetScrollClear16,ClearProperty(ResetScroll.12006PlotNow,Home),00:01,silent)</onunload>
		<onunload>SetProperty(ResetScroll.12006PlotNext," ",Home)</onunload>
		<onunload>AlarmClock(ResetScrollClear17,ClearProperty(ResetScroll.12006PlotNext,Home),00:01,silent)</onunload>
		<onunload>SetProperty(ResetScroll.12600," ",Home)</onunload>
		<onunload>AlarmClock(ResetScrollClear18,ClearProperty(ResetScroll.12600,Home),00:01,silent)</onunload>
		<onunload>SetProperty(ResetScroll.511," ",Home)</onunload>
		<onunload>AlarmClock(ResetScrollClear19,ClearProperty(ResetScroll.511,Home),00:01,silent)</onunload>
		<onunload>SetProperty(ResetScroll.522," ",Home)</onunload>
		<onunload>AlarmClock(ResetScrollClear20,ClearProperty(ResetScroll.522,Home),00:01,silent)</onunload>
		<onunload>SetProperty(ResetScroll.525," ",Home)</onunload>
		<onunload>AlarmClock(ResetScrollClear21,ClearProperty(ResetScroll.525,Home),00:01,silent)</onunload>
		<onunload>SetProperty(ResetScroll.531," ",Home)</onunload>
		<onunload>AlarmClock(ResetScrollClear22,ClearProperty(ResetScroll.531,Home),00:01,silent)</onunload>
		<onunload>SetProperty(ResetScroll.533," ",Home)</onunload>
		<onunload>AlarmClock(ResetScrollClear23,ClearProperty(ResetScroll.533,Home),00:01,silent)</onunload>
		<onunload>SetProperty(ResetScroll.536," ",Home)</onunload>
		<onunload>AlarmClock(ResetScrollClear24,ClearProperty(ResetScroll.536,Home),00:01,silent)</onunload>
		<onunload>SetProperty(ResetScroll.538," ",Home)</onunload>
		<onunload>AlarmClock(ResetScrollClear25,ClearProperty(ResetScroll.538,Home),00:01,silent)</onunload>
	</include>
	
	<!-- MyPVRGuide.xml textbox scroll reset -->
	<include name="10702ResetScroll">
		<onload>SetProperty(ResetScroll.10702," ",Home)</onload>
		<onload>AlarmClock(ResetScrollClear10,ClearProperty(ResetScroll.10702,Home),00:01,silent)</onload>
		<onunload>SetProperty(ResetScroll.1101," ",Home)</onunload>
		<onunload>AlarmClock(ResetScrollClear1,ClearProperty(ResetScroll.1101,Home),00:01,silent)</onunload>
		<onunload>SetProperty(ResetScroll.10004," ",Home)</onunload>
		<onunload>AlarmClock(ResetScrollClear2,ClearProperty(ResetScroll.10004,Home),00:01,silent)</onunload>
		<onunload>SetProperty(ResetScroll.10035," ",Home)</onunload>
		<onunload>AlarmClock(ResetScrollClear3,ClearProperty(ResetScroll.10035,Home),00:01,silent)</onunload>
		<onunload>SetProperty(ResetScroll.10135," ",Home)</onunload>
		<onunload>AlarmClock(ResetScrollClear3,ClearProperty(ResetScroll.10135,Home),00:01,silent)</onunload>
		<onunload>SetProperty(ResetScroll.10146," ",Home)</onunload>
		<onunload>AlarmClock(ResetScrollClear4,ClearProperty(ResetScroll.10146,Home),00:01,silent)</onunload>
		<onunload>SetProperty(ResetScroll.10600," ",Home)</onunload>
		<onunload>AlarmClock(ResetScrollClear5,ClearProperty(ResetScroll.10600,Home),00:01,silent)</onunload>
		<onunload>SetProperty(ResetScroll.10608," ",Home)</onunload>
		<onunload>AlarmClock(ResetScrollClear6,ClearProperty(ResetScroll.10608,Home),00:01,silent)</onunload>
		<onunload>SetProperty(ResetScroll.10609," ",Home)</onunload>
		<onunload>AlarmClock(ResetScrollClear7,ClearProperty(ResetScroll.10609,Home),00:01,silent)</onunload>
		<onunload>SetProperty(ResetScroll.10700," ",Home)</onunload>
		<onunload>AlarmClock(ResetScrollClear8,ClearProperty(ResetScroll.10700,Home),00:01,silent)</onunload>
		<onunload>SetProperty(ResetScroll.10701," ",Home)</onunload>
		<onunload>AlarmClock(ResetScrollClear9,ClearProperty(ResetScroll.10701,Home),00:01,silent)</onunload>
		<onunload>SetProperty(ResetScroll.10704," ",Home)</onunload>
		<onunload>AlarmClock(ResetScrollClear11,ClearProperty(ResetScroll.10704,Home),00:01,silent)</onunload>
		<onunload>SetProperty(ResetScroll.12003," ",Home)</onunload>
		<onunload>AlarmClock(ResetScrollClear12,ClearProperty(ResetScroll.12003,Home),00:01,silent)</onunload>
		<onunload>SetProperty(ResetScroll.12005," ",Home)</onunload>
		<onunload>AlarmClock(ResetScrollClear13,ClearProperty(ResetScroll.12005,Home),00:01,silent)</onunload>
		<onunload>SetProperty(ResetScroll.12006Artist," ",Home)</onunload>
		<onunload>AlarmClock(ResetScrollClear14,ClearProperty(ResetScroll.12006Artist,Home),00:01,silent)</onunload>
		<onunload>SetProperty(ResetScroll.12006Album," ",Home)</onunload>
		<onunload>AlarmClock(ResetScrollClear15,ClearProperty(ResetScroll.12006Album,Home),00:01,silent)</onunload>
		<onunload>SetProperty(ResetScroll.12006PlotNow," ",Home)</onunload>
		<onunload>AlarmClock(ResetScrollClear16,ClearProperty(ResetScroll.12006PlotNow,Home),00:01,silent)</onunload>
		<onunload>SetProperty(ResetScroll.12006PlotNext," ",Home)</onunload>
		<onunload>AlarmClock(ResetScrollClear17,ClearProperty(ResetScroll.12006PlotNext,Home),00:01,silent)</onunload>
		<onunload>SetProperty(ResetScroll.12600," ",Home)</onunload>
		<onunload>AlarmClock(ResetScrollClear18,ClearProperty(ResetScroll.12600,Home),00:01,silent)</onunload>
		<onunload>SetProperty(ResetScroll.511," ",Home)</onunload>
		<onunload>AlarmClock(ResetScrollClear19,ClearProperty(ResetScroll.511,Home),00:01,silent)</onunload>
		<onunload>SetProperty(ResetScroll.522," ",Home)</onunload>
		<onunload>AlarmClock(ResetScrollClear20,ClearProperty(ResetScroll.522,Home),00:01,silent)</onunload>
		<onunload>SetProperty(ResetScroll.525," ",Home)</onunload>
		<onunload>AlarmClock(ResetScrollClear21,ClearProperty(ResetScroll.525,Home),00:01,silent)</onunload>
		<onunload>SetProperty(ResetScroll.531," ",Home)</onunload>
		<onunload>AlarmClock(ResetScrollClear22,ClearProperty(ResetScroll.531,Home),00:01,silent)</onunload>
		<onunload>SetProperty(ResetScroll.533," ",Home)</onunload>
		<onunload>AlarmClock(ResetScrollClear23,ClearProperty(ResetScroll.533,Home),00:01,silent)</onunload>
		<onunload>SetProperty(ResetScroll.536," ",Home)</onunload>
		<onunload>AlarmClock(ResetScrollClear24,ClearProperty(ResetScroll.536,Home),00:01,silent)</onunload>
		<onunload>SetProperty(ResetScroll.538," ",Home)</onunload>
		<onunload>AlarmClock(ResetScrollClear25,ClearProperty(ResetScroll.538,Home),00:01,silent)</onunload>
	</include>
	
	<!-- MyPVRSearch.xml textbox scroll reset -->
	<include name="10704ResetScroll">
		<onload>SetProperty(ResetScroll.10704," ",Home)</onload>
		<onload>AlarmClock(ResetScrollClear11,ClearProperty(ResetScroll.10704,Home),00:01,silent)</onload>
		<onunload>SetProperty(ResetScroll.1101," ",Home)</onunload>
		<onunload>AlarmClock(ResetScrollClear1,ClearProperty(ResetScroll.1101,Home),00:01,silent)</onunload>
		<onunload>SetProperty(ResetScroll.10004," ",Home)</onunload>
		<onunload>AlarmClock(ResetScrollClear2,ClearProperty(ResetScroll.10004,Home),00:01,silent)</onunload>
		<onunload>SetProperty(ResetScroll.10035," ",Home)</onunload>
		<onunload>AlarmClock(ResetScrollClear3,ClearProperty(ResetScroll.10035,Home),00:01,silent)</onunload>
		<onunload>SetProperty(ResetScroll.10135," ",Home)</onunload>
		<onunload>AlarmClock(ResetScrollClear3,ClearProperty(ResetScroll.10135,Home),00:01,silent)</onunload>
		<onunload>SetProperty(ResetScroll.10146," ",Home)</onunload>
		<onunload>AlarmClock(ResetScrollClear4,ClearProperty(ResetScroll.10146,Home),00:01,silent)</onunload>
		<onunload>SetProperty(ResetScroll.10600," ",Home)</onunload>
		<onunload>AlarmClock(ResetScrollClear5,ClearProperty(ResetScroll.10600,Home),00:01,silent)</onunload>
		<onunload>SetProperty(ResetScroll.10608," ",Home)</onunload>
		<onunload>AlarmClock(ResetScrollClear6,ClearProperty(ResetScroll.10608,Home),00:01,silent)</onunload>
		<onunload>SetProperty(ResetScroll.10609," ",Home)</onunload>
		<onunload>AlarmClock(ResetScrollClear7,ClearProperty(ResetScroll.10609,Home),00:01,silent)</onunload>
		<onunload>SetProperty(ResetScroll.10700," ",Home)</onunload>
		<onunload>AlarmClock(ResetScrollClear8,ClearProperty(ResetScroll.10700,Home),00:01,silent)</onunload>
		<onunload>SetProperty(ResetScroll.10701," ",Home)</onunload>
		<onunload>AlarmClock(ResetScrollClear9,ClearProperty(ResetScroll.10701,Home),00:01,silent)</onunload>
		<onunload>SetProperty(ResetScroll.10702," ",Home)</onunload>
		<onunload>AlarmClock(ResetScrollClear10,ClearProperty(ResetScroll.10702,Home),00:01,silent)</onunload>
		<onunload>SetProperty(ResetScroll.12003," ",Home)</onunload>
		<onunload>AlarmClock(ResetScrollClear12,ClearProperty(ResetScroll.12003,Home),00:01,silent)</onunload>
		<onunload>SetProperty(ResetScroll.12005," ",Home)</onunload>
		<onunload>AlarmClock(ResetScrollClear13,ClearProperty(ResetScroll.12005,Home),00:01,silent)</onunload>
		<onunload>SetProperty(ResetScroll.12006Artist," ",Home)</onunload>
		<onunload>AlarmClock(ResetScrollClear14,ClearProperty(ResetScroll.12006Artist,Home),00:01,silent)</onunload>
		<onunload>SetProperty(ResetScroll.12006Album," ",Home)</onunload>
		<onunload>AlarmClock(ResetScrollClear15,ClearProperty(ResetScroll.12006Album,Home),00:01,silent)</onunload>
		<onunload>SetProperty(ResetScroll.12006PlotNow," ",Home)</onunload>
		<onunload>AlarmClock(ResetScrollClear16,ClearProperty(ResetScroll.12006PlotNow,Home),00:01,silent)</onunload>
		<onunload>SetProperty(ResetScroll.12006PlotNext," ",Home)</onunload>
		<onunload>AlarmClock(ResetScrollClear17,ClearProperty(ResetScroll.12006PlotNext,Home),00:01,silent)</onunload>
		<onunload>SetProperty(ResetScroll.12600," ",Home)</onunload>
		<onunload>AlarmClock(ResetScrollClear18,ClearProperty(ResetScroll.12600,Home),00:01,silent)</onunload>
		<onunload>SetProperty(ResetScroll.511," ",Home)</onunload>
		<onunload>AlarmClock(ResetScrollClear19,ClearProperty(ResetScroll.511,Home),00:01,silent)</onunload>
		<onunload>SetProperty(ResetScroll.522," ",Home)</onunload>
		<onunload>AlarmClock(ResetScrollClear20,ClearProperty(ResetScroll.522,Home),00:01,silent)</onunload>
		<onunload>SetProperty(ResetScroll.525," ",Home)</onunload>
		<onunload>AlarmClock(ResetScrollClear21,ClearProperty(ResetScroll.525,Home),00:01,silent)</onunload>
		<onunload>SetProperty(ResetScroll.531," ",Home)</onunload>
		<onunload>AlarmClock(ResetScrollClear22,ClearProperty(ResetScroll.531,Home),00:01,silent)</onunload>
		<onunload>SetProperty(ResetScroll.533," ",Home)</onunload>
		<onunload>AlarmClock(ResetScrollClear23,ClearProperty(ResetScroll.533,Home),00:01,silent)</onunload>
		<onunload>SetProperty(ResetScroll.536," ",Home)</onunload>
		<onunload>AlarmClock(ResetScrollClear24,ClearProperty(ResetScroll.536,Home),00:01,silent)</onunload>
		<onunload>SetProperty(ResetScroll.538," ",Home)</onunload>
		<onunload>AlarmClock(ResetScrollClear25,ClearProperty(ResetScroll.538,Home),00:01,silent)</onunload>
	</include>
	
	<!-- DialogVideoInfo.xml textbox scroll reset -->
	<include name="12003ResetScroll">
		<onload>SetProperty(ResetScroll.12003," ",Home)</onload>
		<onload>AlarmClock(ResetScrollClear12,ClearProperty(ResetScroll.12003,Home),00:01,silent)</onload>
		<onunload>SetProperty(ResetScroll.1101," ",Home)</onunload>
		<onunload>AlarmClock(ResetScrollClear1,ClearProperty(ResetScroll.1101,Home),00:01,silent)</onunload>
		<onunload>SetProperty(ResetScroll.10004," ",Home)</onunload>
		<onunload>AlarmClock(ResetScrollClear2,ClearProperty(ResetScroll.10004,Home),00:01,silent)</onunload>
		<onunload>SetProperty(ResetScroll.10035," ",Home)</onunload>
		<onunload>AlarmClock(ResetScrollClear3,ClearProperty(ResetScroll.10035,Home),00:01,silent)</onunload>
		<onunload>SetProperty(ResetScroll.10135," ",Home)</onunload>
		<onunload>AlarmClock(ResetScrollClear3,ClearProperty(ResetScroll.10135,Home),00:01,silent)</onunload>
		<onunload>SetProperty(ResetScroll.10146," ",Home)</onunload>
		<onunload>AlarmClock(ResetScrollClear4,ClearProperty(ResetScroll.10146,Home),00:01,silent)</onunload>
		<onunload>SetProperty(ResetScroll.10600," ",Home)</onunload>
		<onunload>AlarmClock(ResetScrollClear5,ClearProperty(ResetScroll.10600,Home),00:01,silent)</onunload>
		<onunload>SetProperty(ResetScroll.10608," ",Home)</onunload>
		<onunload>AlarmClock(ResetScrollClear6,ClearProperty(ResetScroll.10608,Home),00:01,silent)</onunload>
		<onunload>SetProperty(ResetScroll.10609," ",Home)</onunload>
		<onunload>AlarmClock(ResetScrollClear7,ClearProperty(ResetScroll.10609,Home),00:01,silent)</onunload>
		<onunload>SetProperty(ResetScroll.10700," ",Home)</onunload>
		<onunload>AlarmClock(ResetScrollClear8,ClearProperty(ResetScroll.10700,Home),00:01,silent)</onunload>
		<onunload>SetProperty(ResetScroll.10701," ",Home)</onunload>
		<onunload>AlarmClock(ResetScrollClear9,ClearProperty(ResetScroll.10701,Home),00:01,silent)</onunload>
		<onunload>SetProperty(ResetScroll.10702," ",Home)</onunload>
		<onunload>AlarmClock(ResetScrollClear10,ClearProperty(ResetScroll.10702,Home),00:01,silent)</onunload>
		<onunload>SetProperty(ResetScroll.10704," ",Home)</onunload>
		<onunload>AlarmClock(ResetScrollClear11,ClearProperty(ResetScroll.10704,Home),00:01,silent)</onunload>
		<onunload>SetProperty(ResetScroll.12005," ",Home)</onunload>
		<onunload>AlarmClock(ResetScrollClear13,ClearProperty(ResetScroll.12005,Home),00:01,silent)</onunload>
		<onunload>SetProperty(ResetScroll.12006Artist," ",Home)</onunload>
		<onunload>AlarmClock(ResetScrollClear14,ClearProperty(ResetScroll.12006Artist,Home),00:01,silent)</onunload>
		<onunload>SetProperty(ResetScroll.12006Album," ",Home)</onunload>
		<onunload>AlarmClock(ResetScrollClear15,ClearProperty(ResetScroll.12006Album,Home),00:01,silent)</onunload>
		<onunload>SetProperty(ResetScroll.12006PlotNow," ",Home)</onunload>
		<onunload>AlarmClock(ResetScrollClear16,ClearProperty(ResetScroll.12006PlotNow,Home),00:01,silent)</onunload>
		<onunload>SetProperty(ResetScroll.12006PlotNext," ",Home)</onunload>
		<onunload>AlarmClock(ResetScrollClear17,ClearProperty(ResetScroll.12006PlotNext,Home),00:01,silent)</onunload>
		<onunload>SetProperty(ResetScroll.12600," ",Home)</onunload>
		<onunload>AlarmClock(ResetScrollClear18,ClearProperty(ResetScroll.12600,Home),00:01,silent)</onunload>
		<onunload>SetProperty(ResetScroll.511," ",Home)</onunload>
		<onunload>AlarmClock(ResetScrollClear19,ClearProperty(ResetScroll.511,Home),00:01,silent)</onunload>
		<onunload>SetProperty(ResetScroll.522," ",Home)</onunload>
		<onunload>AlarmClock(ResetScrollClear20,ClearProperty(ResetScroll.522,Home),00:01,silent)</onunload>
		<onunload>SetProperty(ResetScroll.525," ",Home)</onunload>
		<onunload>AlarmClock(ResetScrollClear21,ClearProperty(ResetScroll.525,Home),00:01,silent)</onunload>
		<onunload>SetProperty(ResetScroll.531," ",Home)</onunload>
		<onunload>AlarmClock(ResetScrollClear22,ClearProperty(ResetScroll.531,Home),00:01,silent)</onunload>
		<onunload>SetProperty(ResetScroll.533," ",Home)</onunload>
		<onunload>AlarmClock(ResetScrollClear23,ClearProperty(ResetScroll.533,Home),00:01,silent)</onunload>
		<onunload>SetProperty(ResetScroll.536," ",Home)</onunload>
		<onunload>AlarmClock(ResetScrollClear24,ClearProperty(ResetScroll.536,Home),00:01,silent)</onunload>
		<onunload>SetProperty(ResetScroll.538," ",Home)</onunload>
		<onunload>AlarmClock(ResetScrollClear25,ClearProperty(ResetScroll.538,Home),00:01,silent)</onunload>
	</include>
	
	<!-- DialogFullScreenInfo.xml textbox scroll reset -->
	<include name="12005ResetScroll">
		<onload>SetProperty(ResetScroll.12005," ",Home)</onload>
		<onload>AlarmClock(ResetScrollClear13,ClearProperty(ResetScroll.12005,Home),00:01,silent)</onload>
		<onunload>SetProperty(ResetScroll.1101," ",Home)</onunload>
		<onunload>AlarmClock(ResetScrollClear1,ClearProperty(ResetScroll.1101,Home),00:01,silent)</onunload>
		<onunload>SetProperty(ResetScroll.10004," ",Home)</onunload>
		<onunload>AlarmClock(ResetScrollClear2,ClearProperty(ResetScroll.10004,Home),00:01,silent)</onunload>
		<onunload>SetProperty(ResetScroll.10035," ",Home)</onunload>
		<onunload>AlarmClock(ResetScrollClear3,ClearProperty(ResetScroll.10035,Home),00:01,silent)</onunload>
		<onunload>SetProperty(ResetScroll.10135," ",Home)</onunload>
		<onunload>AlarmClock(ResetScrollClear3,ClearProperty(ResetScroll.10135,Home),00:01,silent)</onunload>
		<onunload>SetProperty(ResetScroll.10146," ",Home)</onunload>
		<onunload>AlarmClock(ResetScrollClear4,ClearProperty(ResetScroll.10146,Home),00:01,silent)</onunload>
		<onunload>SetProperty(ResetScroll.10600," ",Home)</onunload>
		<onunload>AlarmClock(ResetScrollClear5,ClearProperty(ResetScroll.10600,Home),00:01,silent)</onunload>
		<onunload>SetProperty(ResetScroll.10608," ",Home)</onunload>
		<onunload>AlarmClock(ResetScrollClear6,ClearProperty(ResetScroll.10608,Home),00:01,silent)</onunload>
		<onunload>SetProperty(ResetScroll.10609," ",Home)</onunload>
		<onunload>AlarmClock(ResetScrollClear7,ClearProperty(ResetScroll.10609,Home),00:01,silent)</onunload>
		<onunload>SetProperty(ResetScroll.10700," ",Home)</onunload>
		<onunload>AlarmClock(ResetScrollClear8,ClearProperty(ResetScroll.10700,Home),00:01,silent)</onunload>
		<onunload>SetProperty(ResetScroll.10701," ",Home)</onunload>
		<onunload>AlarmClock(ResetScrollClear9,ClearProperty(ResetScroll.10701,Home),00:01,silent)</onunload>
		<onunload>SetProperty(ResetScroll.10702," ",Home)</onunload>
		<onunload>AlarmClock(ResetScrollClear10,ClearProperty(ResetScroll.10702,Home),00:01,silent)</onunload>
		<onunload>SetProperty(ResetScroll.10704," ",Home)</onunload>
		<onunload>AlarmClock(ResetScrollClear11,ClearProperty(ResetScroll.10704,Home),00:01,silent)</onunload>
		<onunload>SetProperty(ResetScroll.12003," ",Home)</onunload>
		<onunload>AlarmClock(ResetScrollClear12,ClearProperty(ResetScroll.12003,Home),00:01,silent)</onunload>
		<onunload>SetProperty(ResetScroll.12006Artist," ",Home)</onunload>
		<onunload>AlarmClock(ResetScrollClear14,ClearProperty(ResetScroll.12006Artist,Home),00:01,silent)</onunload>
		<onunload>SetProperty(ResetScroll.12006Album," ",Home)</onunload>
		<onunload>AlarmClock(ResetScrollClear15,ClearProperty(ResetScroll.12006Album,Home),00:01,silent)</onunload>
		<onunload>SetProperty(ResetScroll.12006PlotNow," ",Home)</onunload>
		<onunload>AlarmClock(ResetScrollClear16,ClearProperty(ResetScroll.12006PlotNow,Home),00:01,silent)</onunload>
		<onunload>SetProperty(ResetScroll.12006PlotNext," ",Home)</onunload>
		<onunload>AlarmClock(ResetScrollClear17,ClearProperty(ResetScroll.12006PlotNext,Home),00:01,silent)</onunload>
		<onunload>SetProperty(ResetScroll.12600," ",Home)</onunload>
		<onunload>AlarmClock(ResetScrollClear18,ClearProperty(ResetScroll.12600,Home),00:01,silent)</onunload>
		<onunload>SetProperty(ResetScroll.511," ",Home)</onunload>
		<onunload>AlarmClock(ResetScrollClear19,ClearProperty(ResetScroll.511,Home),00:01,silent)</onunload>
		<onunload>SetProperty(ResetScroll.522," ",Home)</onunload>
		<onunload>AlarmClock(ResetScrollClear20,ClearProperty(ResetScroll.522,Home),00:01,silent)</onunload>
		<onunload>SetProperty(ResetScroll.525," ",Home)</onunload>
		<onunload>AlarmClock(ResetScrollClear21,ClearProperty(ResetScroll.525,Home),00:01,silent)</onunload>
		<onunload>SetProperty(ResetScroll.531," ",Home)</onunload>
		<onunload>AlarmClock(ResetScrollClear22,ClearProperty(ResetScroll.531,Home),00:01,silent)</onunload>
		<onunload>SetProperty(ResetScroll.533," ",Home)</onunload>
		<onunload>AlarmClock(ResetScrollClear23,ClearProperty(ResetScroll.533,Home),00:01,silent)</onunload>
		<onunload>SetProperty(ResetScroll.536," ",Home)</onunload>
		<onunload>AlarmClock(ResetScrollClear24,ClearProperty(ResetScroll.536,Home),00:01,silent)</onunload>
		<onunload>SetProperty(ResetScroll.538," ",Home)</onunload>
		<onunload>AlarmClock(ResetScrollClear25,ClearProperty(ResetScroll.538,Home),00:01,silent)</onunload>
	</include>
	
	<!-- MusicVisualisation.xml textbox scroll reset -->
	<include name="12006ResetScroll">
		<onload>SetProperty(ResetScroll.12006Artist," ",Home)</onload>
		<onload>AlarmClock(ResetScrollClear14,ClearProperty(ResetScroll.12006Artist,Home),00:01,silent)</onload>
		<onload>SetProperty(ResetScroll.12006Album," ",Home)</onload>
		<onload>AlarmClock(ResetScrollClear15,ClearProperty(ResetScroll.12006Album,Home),00:01,silent)</onload>
		<onload>SetProperty(ResetScroll.12006PlotNow," ",Home)</onload>
		<onload>AlarmClock(ResetScrollClear16,ClearProperty(ResetScroll.12006PlotNow,Home),00:01,silent)</onload>
		<onload>SetProperty(ResetScroll.12006PlotNext," ",Home)</onload>
		<onload>AlarmClock(ResetScrollClear17,ClearProperty(ResetScroll.12006PlotNext,Home),00:01,silent)</onload>
		<onunload>SetProperty(ResetScroll.1101," ",Home)</onunload>
		<onunload>AlarmClock(ResetScrollClear1,ClearProperty(ResetScroll.1101,Home),00:01,silent)</onunload>
		<onunload>SetProperty(ResetScroll.10004," ",Home)</onunload>
		<onunload>AlarmClock(ResetScrollClear2,ClearProperty(ResetScroll.10004,Home),00:01,silent)</onunload>
		<onunload>SetProperty(ResetScroll.10035," ",Home)</onunload>
		<onunload>AlarmClock(ResetScrollClear3,ClearProperty(ResetScroll.10035,Home),00:01,silent)</onunload>
		<onunload>SetProperty(ResetScroll.10135," ",Home)</onunload>
		<onunload>AlarmClock(ResetScrollClear3,ClearProperty(ResetScroll.10135,Home),00:01,silent)</onunload>
		<onunload>SetProperty(ResetScroll.10146," ",Home)</onunload>
		<onunload>AlarmClock(ResetScrollClear4,ClearProperty(ResetScroll.10146,Home),00:01,silent)</onunload>
		<onunload>SetProperty(ResetScroll.10600," ",Home)</onunload>
		<onunload>AlarmClock(ResetScrollClear5,ClearProperty(ResetScroll.10600,Home),00:01,silent)</onunload>
		<onunload>SetProperty(ResetScroll.10608," ",Home)</onunload>
		<onunload>AlarmClock(ResetScrollClear6,ClearProperty(ResetScroll.10608,Home),00:01,silent)</onunload>
		<onunload>SetProperty(ResetScroll.10609," ",Home)</onunload>
		<onunload>AlarmClock(ResetScrollClear7,ClearProperty(ResetScroll.10609,Home),00:01,silent)</onunload>
		<onunload>SetProperty(ResetScroll.10700," ",Home)</onunload>
		<onunload>AlarmClock(ResetScrollClear8,ClearProperty(ResetScroll.10700,Home),00:01,silent)</onunload>
		<onunload>SetProperty(ResetScroll.10701," ",Home)</onunload>
		<onunload>AlarmClock(ResetScrollClear9,ClearProperty(ResetScroll.10701,Home),00:01,silent)</onunload>
		<onunload>SetProperty(ResetScroll.10702," ",Home)</onunload>
		<onunload>AlarmClock(ResetScrollClear10,ClearProperty(ResetScroll.10702,Home),00:01,silent)</onunload>
		<onunload>SetProperty(ResetScroll.10704," ",Home)</onunload>
		<onunload>AlarmClock(ResetScrollClear11,ClearProperty(ResetScroll.10704,Home),00:01,silent)</onunload>
		<onunload>SetProperty(ResetScroll.12003," ",Home)</onunload>
		<onunload>AlarmClock(ResetScrollClear12,ClearProperty(ResetScroll.12003,Home),00:01,silent)</onunload>
		<onunload>SetProperty(ResetScroll.12005," ",Home)</onunload>
		<onunload>AlarmClock(ResetScrollClear13,ClearProperty(ResetScroll.12005,Home),00:01,silent)</onunload>
		<onunload>SetProperty(ResetScroll.12600," ",Home)</onunload>
		<onunload>AlarmClock(ResetScrollClear18,ClearProperty(ResetScroll.12600,Home),00:01,silent)</onunload>
		<onunload>SetProperty(ResetScroll.511," ",Home)</onunload>
		<onunload>AlarmClock(ResetScrollClear19,ClearProperty(ResetScroll.511,Home),00:01,silent)</onunload>
		<onunload>SetProperty(ResetScroll.522," ",Home)</onunload>
		<onunload>AlarmClock(ResetScrollClear20,ClearProperty(ResetScroll.522,Home),00:01,silent)</onunload>
		<onunload>SetProperty(ResetScroll.525," ",Home)</onunload>
		<onunload>AlarmClock(ResetScrollClear21,ClearProperty(ResetScroll.525,Home),00:01,silent)</onunload>
		<onunload>SetProperty(ResetScroll.531," ",Home)</onunload>
		<onunload>AlarmClock(ResetScrollClear22,ClearProperty(ResetScroll.531,Home),00:01,silent)</onunload>
		<onunload>SetProperty(ResetScroll.533," ",Home)</onunload>
		<onunload>AlarmClock(ResetScrollClear23,ClearProperty(ResetScroll.533,Home),00:01,silent)</onunload>
		<onunload>SetProperty(ResetScroll.536," ",Home)</onunload>
		<onunload>AlarmClock(ResetScrollClear24,ClearProperty(ResetScroll.536,Home),00:01,silent)</onunload>
		<onunload>SetProperty(ResetScroll.538," ",Home)</onunload>
		<onunload>AlarmClock(ResetScrollClear25,ClearProperty(ResetScroll.538,Home),00:01,silent)</onunload>
	</include>
	
	<!-- MyWeather.xml textbox scroll reset -->
	<include name="12600ResetScroll">
		<onload>SetProperty(ResetScroll.12600," ",Home)</onload>
		<onload>AlarmClock(ResetScrollClear15,ClearProperty(ResetScroll.12600,Home),00:01,silent)</onload>
		<onunload>SetProperty(ResetScroll.1101," ",Home)</onunload>
		<onunload>AlarmClock(ResetScrollClear1,ClearProperty(ResetScroll.1101,Home),00:01,silent)</onunload>
		<onunload>SetProperty(ResetScroll.10004," ",Home)</onunload>
		<onunload>AlarmClock(ResetScrollClear2,ClearProperty(ResetScroll.10004,Home),00:01,silent)</onunload>
		<onunload>SetProperty(ResetScroll.10035," ",Home)</onunload>
		<onunload>AlarmClock(ResetScrollClear3,ClearProperty(ResetScroll.10035,Home),00:01,silent)</onunload>
		<onunload>SetProperty(ResetScroll.10135," ",Home)</onunload>
		<onunload>AlarmClock(ResetScrollClear3,ClearProperty(ResetScroll.10135,Home),00:01,silent)</onunload>
		<onunload>SetProperty(ResetScroll.10146," ",Home)</onunload>
		<onunload>AlarmClock(ResetScrollClear4,ClearProperty(ResetScroll.10146,Home),00:01,silent)</onunload>
		<onunload>SetProperty(ResetScroll.10600," ",Home)</onunload>
		<onunload>AlarmClock(ResetScrollClear5,ClearProperty(ResetScroll.10600,Home),00:01,silent)</onunload>
		<onunload>SetProperty(ResetScroll.10608," ",Home)</onunload>
		<onunload>AlarmClock(ResetScrollClear6,ClearProperty(ResetScroll.10608,Home),00:01,silent)</onunload>
		<onunload>SetProperty(ResetScroll.10609," ",Home)</onunload>
		<onunload>AlarmClock(ResetScrollClear7,ClearProperty(ResetScroll.10609,Home),00:01,silent)</onunload>
		<onunload>SetProperty(ResetScroll.10700," ",Home)</onunload>
		<onunload>AlarmClock(ResetScrollClear8,ClearProperty(ResetScroll.10700,Home),00:01,silent)</onunload>
		<onunload>SetProperty(ResetScroll.10701," ",Home)</onunload>
		<onunload>AlarmClock(ResetScrollClear9,ClearProperty(ResetScroll.10701,Home),00:01,silent)</onunload>
		<onunload>SetProperty(ResetScroll.10702," ",Home)</onunload>
		<onunload>AlarmClock(ResetScrollClear10,ClearProperty(ResetScroll.10702,Home),00:01,silent)</onunload>
		<onunload>SetProperty(ResetScroll.10704," ",Home)</onunload>
		<onunload>AlarmClock(ResetScrollClear11,ClearProperty(ResetScroll.10704,Home),00:01,silent)</onunload>
		<onunload>SetProperty(ResetScroll.12003," ",Home)</onunload>
		<onunload>AlarmClock(ResetScrollClear12,ClearProperty(ResetScroll.12003,Home),00:01,silent)</onunload>
		<onunload>SetProperty(ResetScroll.12005," ",Home)</onunload>
		<onunload>AlarmClock(ResetScrollClear13,ClearProperty(ResetScroll.12005,Home),00:01,silent)</onunload>
		<onunload>SetProperty(ResetScroll.12006Artist," ",Home)</onunload>
		<onunload>AlarmClock(ResetScrollClear14,ClearProperty(ResetScroll.12006Artist,Home),00:01,silent)</onunload>
		<onunload>SetProperty(ResetScroll.12006Album," ",Home)</onunload>
		<onunload>AlarmClock(ResetScrollClear15,ClearProperty(ResetScroll.12006Album,Home),00:01,silent)</onunload>
		<onunload>SetProperty(ResetScroll.12006PlotNow," ",Home)</onunload>
		<onunload>AlarmClock(ResetScrollClear16,ClearProperty(ResetScroll.12006PlotNow,Home),00:01,silent)</onunload>
		<onunload>SetProperty(ResetScroll.12006PlotNext," ",Home)</onunload>
		<onunload>AlarmClock(ResetScrollClear17,ClearProperty(ResetScroll.12006PlotNext,Home),00:01,silent)</onunload>
		<onunload>SetProperty(ResetScroll.511," ",Home)</onunload>
		<onunload>AlarmClock(ResetScrollClear19,ClearProperty(ResetScroll.511,Home),00:01,silent)</onunload>
		<onunload>SetProperty(ResetScroll.522," ",Home)</onunload>
		<onunload>AlarmClock(ResetScrollClear20,ClearProperty(ResetScroll.522,Home),00:01,silent)</onunload>
		<onunload>SetProperty(ResetScroll.525," ",Home)</onunload>
		<onunload>AlarmClock(ResetScrollClear21,ClearProperty(ResetScroll.525,Home),00:01,silent)</onunload>
		<onunload>SetProperty(ResetScroll.531," ",Home)</onunload>
		<onunload>AlarmClock(ResetScrollClear22,ClearProperty(ResetScroll.531,Home),00:01,silent)</onunload>
		<onunload>SetProperty(ResetScroll.533," ",Home)</onunload>
		<onunload>AlarmClock(ResetScrollClear23,ClearProperty(ResetScroll.533,Home),00:01,silent)</onunload>
		<onunload>SetProperty(ResetScroll.536," ",Home)</onunload>
		<onunload>AlarmClock(ResetScrollClear24,ClearProperty(ResetScroll.536,Home),00:01,silent)</onunload>
		<onunload>SetProperty(ResetScroll.538," ",Home)</onunload>
		<onunload>AlarmClock(ResetScrollClear25,ClearProperty(ResetScroll.538,Home),00:01,silent)</onunload>
	</include>
	
	<!-- Media window textbox scroll reset -->
	<include name="MediaWindowResetScroll">
		<onload>SetProperty(ResetScroll.511," ",Home)</onload>
		<onload>AlarmClock(ResetScrollClear19,ClearProperty(ResetScroll.511,Home),00:01,silent)</onload>
		<onload>SetProperty(ResetScroll.522," ",Home)</onload>
		<onload>AlarmClock(ResetScrollClear20,ClearProperty(ResetScroll.522,Home),00:01,silent)</onload>
		<onload>SetProperty(ResetScroll.525," ",Home)</onload>
		<onload>AlarmClock(ResetScrollClear21,ClearProperty(ResetScroll.525,Home),00:01,silent)</onload>
		<onload>SetProperty(ResetScroll.531," ",Home)</onload>
		<onload>AlarmClock(ResetScrollClear22,ClearProperty(ResetScroll.531,Home),00:01,silent)</onload>
		<onload>SetProperty(ResetScroll.533," ",Home)</onload>
		<onload>AlarmClock(ResetScrollClear23,ClearProperty(ResetScroll.533,Home),00:01,silent)</onload>
		<onload>SetProperty(ResetScroll.536," ",Home)</onload>
		<onload>AlarmClock(ResetScrollClear24,ClearProperty(ResetScroll.536,Home),00:01,silent)</onload>
		<onload>SetProperty(ResetScroll.538," ",Home)</onload>
		<onload>AlarmClock(ResetScrollClear25,ClearProperty(ResetScroll.538,Home),00:01,silent)</onload>
		<onunload>SetProperty(ResetScroll.1101," ",Home)</onunload>
		<onunload>AlarmClock(ResetScrollClear1,ClearProperty(ResetScroll.1101,Home),00:01,silent)</onunload>
		<onunload>SetProperty(ResetScroll.10004," ",Home)</onunload>
		<onunload>AlarmClock(ResetScrollClear2,ClearProperty(ResetScroll.10004,Home),00:01,silent)</onunload>
		<onunload>SetProperty(ResetScroll.10035," ",Home)</onunload>
		<onunload>AlarmClock(ResetScrollClear3,ClearProperty(ResetScroll.10035,Home),00:01,silent)</onunload>
		<onunload>SetProperty(ResetScroll.10135," ",Home)</onunload>
		<onunload>AlarmClock(ResetScrollClear3,ClearProperty(ResetScroll.10135,Home),00:01,silent)</onunload>
		<onunload>SetProperty(ResetScroll.10146," ",Home)</onunload>
		<onunload>AlarmClock(ResetScrollClear4,ClearProperty(ResetScroll.10146,Home),00:01,silent)</onunload>
		<onunload>SetProperty(ResetScroll.10600," ",Home)</onunload>
		<onunload>AlarmClock(ResetScrollClear5,ClearProperty(ResetScroll.10600,Home),00:01,silent)</onunload>
		<onunload>SetProperty(ResetScroll.10608," ",Home)</onunload>
		<onunload>AlarmClock(ResetScrollClear6,ClearProperty(ResetScroll.10608,Home),00:01,silent)</onunload>
		<onunload>SetProperty(ResetScroll.10609," ",Home)</onunload>
		<onunload>AlarmClock(ResetScrollClear7,ClearProperty(ResetScroll.10609,Home),00:01,silent)</onunload>
		<onunload>SetProperty(ResetScroll.10700," ",Home)</onunload>
		<onunload>AlarmClock(ResetScrollClear8,ClearProperty(ResetScroll.10700,Home),00:01,silent)</onunload>
		<onunload>SetProperty(ResetScroll.10701," ",Home)</onunload>
		<onunload>AlarmClock(ResetScrollClear9,ClearProperty(ResetScroll.10701,Home),00:01,silent)</onunload>
		<onunload>SetProperty(ResetScroll.10702," ",Home)</onunload>
		<onunload>AlarmClock(ResetScrollClear10,ClearProperty(ResetScroll.10702,Home),00:01,silent)</onunload>
		<onunload>SetProperty(ResetScroll.10704," ",Home)</onunload>
		<onunload>AlarmClock(ResetScrollClear11,ClearProperty(ResetScroll.10704,Home),00:01,silent)</onunload>
		<onunload>SetProperty(ResetScroll.12003," ",Home)</onunload>
		<onunload>AlarmClock(ResetScrollClear12,ClearProperty(ResetScroll.12003,Home),00:01,silent)</onunload>
		<onunload>SetProperty(ResetScroll.12005," ",Home)</onunload>
		<onunload>AlarmClock(ResetScrollClear13,ClearProperty(ResetScroll.12005,Home),00:01,silent)</onunload>
		<onunload>SetProperty(ResetScroll.12006Artist," ",Home)</onunload>
		<onunload>AlarmClock(ResetScrollClear14,ClearProperty(ResetScroll.12006Artist,Home),00:01,silent)</onunload>
		<onunload>SetProperty(ResetScroll.12006Album," ",Home)</onunload>
		<onunload>AlarmClock(ResetScrollClear15,ClearProperty(ResetScroll.12006Album,Home),00:01,silent)</onunload>
		<onunload>SetProperty(ResetScroll.12006PlotNow," ",Home)</onunload>
		<onunload>AlarmClock(ResetScrollClear16,ClearProperty(ResetScroll.12006PlotNow,Home),00:01,silent)</onunload>
		<onunload>SetProperty(ResetScroll.12006PlotNext," ",Home)</onunload>
		<onunload>AlarmClock(ResetScrollClear17,ClearProperty(ResetScroll.12006PlotNext,Home),00:01,silent)</onunload>
		<onunload>SetProperty(ResetScroll.12600," ",Home)</onunload>
		<onunload>AlarmClock(ResetScrollClear18,ClearProperty(ResetScroll.12600,Home),00:01,silent)</onunload>
	</include>
	
	<!-- VideoOSD.xml info dialog textbox scroll reset -->
	<include name="VideoOSDResetScroll">
		<oninfo>SetProperty(ResetScroll.1101," ",Home)</oninfo>
		<oninfo>AlarmClock(ResetScrollClear1,ClearProperty(ResetScroll.1101,Home),00:01,silent)</oninfo>
		<oninfo>SetProperty(ResetScroll.10004," ",Home)</oninfo>
		<oninfo>AlarmClock(ResetScrollClear2,ClearProperty(ResetScroll.10004,Home),00:01,silent)</oninfo>
		<oninfo>SetProperty(ResetScroll.10035," ",Home)</oninfo>
		<oninfo>AlarmClock(ResetScrollClear3,ClearProperty(ResetScroll.10035,Home),00:01,silent)</oninfo>
		<oninfo>SetProperty(ResetScroll.10135," ",Home)</oninfo>
		<oninfo>AlarmClock(ResetScrollClear3,ClearProperty(ResetScroll.10135,Home),00:01,silent)</oninfo>
		<oninfo>SetProperty(ResetScroll.10146," ",Home)</oninfo>
		<oninfo>AlarmClock(ResetScrollClear4,ClearProperty(ResetScroll.10146,Home),00:01,silent)</oninfo>
		<oninfo>SetProperty(ResetScroll.10600," ",Home)</oninfo>
		<oninfo>AlarmClock(ResetScrollClear5,ClearProperty(ResetScroll.10600,Home),00:01,silent)</oninfo>
		<oninfo>SetProperty(ResetScroll.10608," ",Home)</oninfo>
		<oninfo>AlarmClock(ResetScrollClear6,ClearProperty(ResetScroll.10608,Home),00:01,silent)</oninfo>
		<oninfo>SetProperty(ResetScroll.10609," ",Home)</oninfo>
		<oninfo>AlarmClock(ResetScrollClear7,ClearProperty(ResetScroll.10609,Home),00:01,silent)</oninfo>
		<oninfo>SetProperty(ResetScroll.10700," ",Home)</oninfo>
		<oninfo>AlarmClock(ResetScrollClear8,ClearProperty(ResetScroll.10700,Home),00:01,silent)</oninfo>
		<oninfo>SetProperty(ResetScroll.10701," ",Home)</oninfo>
		<oninfo>AlarmClock(ResetScrollClear9,ClearProperty(ResetScroll.10701,Home),00:01,silent)</oninfo>
		<oninfo>SetProperty(ResetScroll.10702," ",Home)</oninfo>
		<oninfo>AlarmClock(ResetScrollClear10,ClearProperty(ResetScroll.10702,Home),00:01,silent)</oninfo>
		<oninfo>SetProperty(ResetScroll.10704," ",Home)</oninfo>
		<oninfo>AlarmClock(ResetScrollClear11,ClearProperty(ResetScroll.10704,Home),00:01,silent)</oninfo>
		<oninfo>SetProperty(ResetScroll.12003," ",Home)</oninfo>
		<oninfo>AlarmClock(ResetScrollClear12,ClearProperty(ResetScroll.12003,Home),00:01,silent)</oninfo>
		<oninfo>SetProperty(ResetScroll.12005," ",Home)</oninfo>
		<oninfo>AlarmClock(ResetScrollClear13,ClearProperty(ResetScroll.12005,Home),00:01,silent)</oninfo>
		<oninfo>SetProperty(ResetScroll.12006Artist," ",Home)</oninfo>
		<oninfo>AlarmClock(ResetScrollClear92,ClearProperty(ResetScroll.12006Artist,Home),00:01,silent)</oninfo>
		<oninfo>SetProperty(ResetScroll.12006Album," ",Home)</oninfo>
		<oninfo>AlarmClock(ResetScrollClear93,ClearProperty(ResetScroll.12006Album,Home),00:01,silent)</oninfo>
		<oninfo>SetProperty(ResetScroll.12006PlotNow," ",Home)</oninfo>
		<oninfo>AlarmClock(ResetScrollClear94,ClearProperty(ResetScroll.12006PlotNow,Home),00:01,silent)</oninfo>
		<oninfo>SetProperty(ResetScroll.12006PlotNext," ",Home)</oninfo>
		<oninfo>AlarmClock(ResetScrollClear95,ClearProperty(ResetScroll.12006PlotNext,Home),00:01,silent)</oninfo>
		<oninfo>SetProperty(ResetScroll.12600," ",Home)</oninfo>
		<oninfo>AlarmClock(ResetScrollClear15,ClearProperty(ResetScroll.12600,Home),00:01,silent)</oninfo>
		<oninfo>SetProperty(ResetScroll.511," ",Home)</oninfo>
		<oninfo>AlarmClock(ResetScrollClear16,ClearProperty(ResetScroll.511,Home),00:01,silent)</oninfo>
		<oninfo>SetProperty(ResetScroll.522," ",Home)</oninfo>
		<oninfo>AlarmClock(ResetScrollClear17,ClearProperty(ResetScroll.522,Home),00:01,silent)</oninfo>
		<oninfo>SetProperty(ResetScroll.525," ",Home)</oninfo>
		<oninfo>AlarmClock(ResetScrollClear18,ClearProperty(ResetScroll.525,Home),00:01,silent)</oninfo>
		<oninfo>SetProperty(ResetScroll.531," ",Home)</oninfo>
		<oninfo>AlarmClock(ResetScrollClear19,ClearProperty(ResetScroll.531,Home),00:01,silent)</oninfo>
		<oninfo>SetProperty(ResetScroll.533," ",Home)</oninfo>
		<oninfo>AlarmClock(ResetScrollClear20,ClearProperty(ResetScroll.533,Home),00:01,silent)</oninfo>
		<oninfo>SetProperty(ResetScroll.536," ",Home)</oninfo>
		<oninfo>AlarmClock(ResetScrollClear21,ClearProperty(ResetScroll.536,Home),00:01,silent)</oninfo>
		<oninfo>SetProperty(ResetScroll.538," ",Home)</oninfo>
		<oninfo>AlarmClock(ResetScrollClear22,ClearProperty(ResetScroll.538,Home),00:01,silent)</oninfo>
	</include>
	
	<!-- Sub menu textbox scroll reset -->
	<include name="SubMenuResetScroll">
		<onleft>SetProperty(ResetScroll.1101," ",Home)</onleft>
		<onleft>AlarmClock(ResetScrollClear26,ClearProperty(ResetScroll.1101,Home),00:01,silent)</onleft>
		<onleft>SetProperty(ResetScroll.10004," ",Home)</onleft>
		<onleft>AlarmClock(ResetScrollClear27,ClearProperty(ResetScroll.10004,Home),00:01,silent)</onleft>
		<onleft>SetProperty(ResetScroll.10035," ",Home)</onleft>
		<onleft>AlarmClock(ResetScrollClear28,ClearProperty(ResetScroll.10035,Home),00:01,silent)</onleft>
		<onleft>SetProperty(ResetScroll.10135," ",Home)</onleft>
		<onleft>AlarmClock(ResetScrollClear29,ClearProperty(ResetScroll.10135,Home),00:01,silent)</onleft>
		<onleft>SetProperty(ResetScroll.10146," ",Home)</onleft>
		<onleft>AlarmClock(ResetScrollClear30,ClearProperty(ResetScroll.10146,Home),00:01,silent)</onleft>
		<onleft>SetProperty(ResetScroll.10600," ",Home)</onleft>
		<onleft>AlarmClock(ResetScrollClear31,ClearProperty(ResetScroll.10600,Home),00:01,silent)</onleft>
		<onleft>SetProperty(ResetScroll.10608," ",Home)</onleft>
		<onleft>AlarmClock(ResetScrollClear32,ClearProperty(ResetScroll.10608,Home),00:01,silent)</onleft>
		<onleft>SetProperty(ResetScroll.10609," ",Home)</onleft>
		<onleft>AlarmClock(ResetScrollClear33,ClearProperty(ResetScroll.10609,Home),00:01,silent)</onleft>
		<onleft>SetProperty(ResetScroll.10700," ",Home)</onleft>
		<onleft>AlarmClock(ResetScrollClear34,ClearProperty(ResetScroll.10700,Home),00:01,silent)</onleft>
		<onleft>SetProperty(ResetScroll.10701," ",Home)</onleft>
		<onleft>AlarmClock(ResetScrollClear35,ClearProperty(ResetScroll.10701,Home),00:01,silent)</onleft>
		<onleft>SetProperty(ResetScroll.10702," ",Home)</onleft>
		<onleft>AlarmClock(ResetScrollClear36,ClearProperty(ResetScroll.10702,Home),00:01,silent)</onleft>
		<onleft>SetProperty(ResetScroll.10704," ",Home)</onleft>
		<onleft>AlarmClock(ResetScrollClear37,ClearProperty(ResetScroll.10704,Home),00:01,silent)</onleft>
		<onleft>SetProperty(ResetScroll.12003," ",Home)</onleft>
		<onleft>AlarmClock(ResetScrollClear38,ClearProperty(ResetScroll.12003,Home),00:01,silent)</onleft>
		<onleft>SetProperty(ResetScroll.12005," ",Home)</onleft>
		<onleft>AlarmClock(ResetScrollClear39,ClearProperty(ResetScroll.12005,Home),00:01,silent)</onleft>
		<onleft>SetProperty(ResetScroll.12006Artist," ",Home)</onleft>
		<onleft>AlarmClock(ResetScrollClear40,ClearProperty(ResetScroll.12006Artist,Home),00:01,silent)</onleft>
		<onleft>SetProperty(ResetScroll.12006Album," ",Home)</onleft>
		<onleft>AlarmClock(ResetScrollClear41,ClearProperty(ResetScroll.12006Album,Home),00:01,silent)</onleft>
		<onleft>SetProperty(ResetScroll.12006PlotNow," ",Home)</onleft>
		<onleft>AlarmClock(ResetScrollClear42,ClearProperty(ResetScroll.12006PlotNow,Home),00:01,silent)</onleft>
		<onleft>SetProperty(ResetScroll.12006PlotNext," ",Home)</onleft>
		<onleft>AlarmClock(ResetScrollClear43,ClearProperty(ResetScroll.12006PlotNext,Home),00:01,silent)</onleft>
		<onleft>SetProperty(ResetScroll.12600," ",Home)</onleft>
		<onleft>AlarmClock(ResetScrollClear44,ClearProperty(ResetScroll.12600,Home),00:01,silent)</onleft>
		<onleft>SetProperty(ResetScroll.511," ",Home)</onleft>
		<onleft>AlarmClock(ResetScrollClear45,ClearProperty(ResetScroll.511,Home),00:01,silent)</onleft>
		<onleft>SetProperty(ResetScroll.522," ",Home)</onleft>
		<onleft>AlarmClock(ResetScrollClear46,ClearProperty(ResetScroll.522,Home),00:01,silent)</onleft>
		<onleft>SetProperty(ResetScroll.525," ",Home)</onleft>
		<onleft>AlarmClock(ResetScrollClear47,ClearProperty(ResetScroll.525,Home),00:01,silent)</onleft>
		<onleft>SetProperty(ResetScroll.531," ",Home)</onleft>
		<onleft>AlarmClock(ResetScrollClear48,ClearProperty(ResetScroll.531,Home),00:01,silent)</onleft>
		<onleft>SetProperty(ResetScroll.533," ",Home)</onleft>
		<onleft>AlarmClock(ResetScrollClear49,ClearProperty(ResetScroll.533,Home),00:01,silent)</onleft>
		<onleft>SetProperty(ResetScroll.536," ",Home)</onleft>
		<onleft>AlarmClock(ResetScrollClear50,ClearProperty(ResetScroll.536,Home),00:01,silent)</onleft>
		<onleft>SetProperty(ResetScroll.538," ",Home)</onleft>
		<onleft>AlarmClock(ResetScrollClear51,ClearProperty(ResetScroll.538,Home),00:01,silent)</onleft>
		<onright>SetProperty(ResetScroll.1101," ",Home)</onright>
		<onright>AlarmClock(ResetScrollClear52,ClearProperty(ResetScroll.1101,Home),00:01,silent)</onright>
		<onright>SetProperty(ResetScroll.10004," ",Home)</onright>
		<onright>AlarmClock(ResetScrollClear53,ClearProperty(ResetScroll.10004,Home),00:01,silent)</onright>
		<onright>SetProperty(ResetScroll.10035," ",Home)</onright>
		<onright>AlarmClock(ResetScrollClear54,ClearProperty(ResetScroll.10035,Home),00:01,silent)</onright>
		<onright>SetProperty(ResetScroll.10135," ",Home)</onright>
		<onright>AlarmClock(ResetScrollClear55,ClearProperty(ResetScroll.10135,Home),00:01,silent)</onright>
		<onright>SetProperty(ResetScroll.10146," ",Home)</onright>
		<onright>AlarmClock(ResetScrollClear56,ClearProperty(ResetScroll.10146,Home),00:01,silent)</onright>
		<onright>SetProperty(ResetScroll.10600," ",Home)</onright>
		<onright>AlarmClock(ResetScrollClear57,ClearProperty(ResetScroll.10600,Home),00:01,silent)</onright>
		<onright>SetProperty(ResetScroll.10608," ",Home)</onright>
		<onright>AlarmClock(ResetScrollClear58,ClearProperty(ResetScroll.10608,Home),00:01,silent)</onright>
		<onright>SetProperty(ResetScroll.10609," ",Home)</onright>
		<onright>AlarmClock(ResetScrollClear59,ClearProperty(ResetScroll.10609,Home),00:01,silent)</onright>
		<onright>SetProperty(ResetScroll.10700," ",Home)</onright>
		<onright>AlarmClock(ResetScrollClear60,ClearProperty(ResetScroll.10700,Home),00:01,silent)</onright>
		<onright>SetProperty(ResetScroll.10701," ",Home)</onright>
		<onright>AlarmClock(ResetScrollClear61,ClearProperty(ResetScroll.10701,Home),00:01,silent)</onright>
		<onright>SetProperty(ResetScroll.10702," ",Home)</onright>
		<onright>AlarmClock(ResetScrollClear62,ClearProperty(ResetScroll.10702,Home),00:01,silent)</onright>
		<onright>SetProperty(ResetScroll.10704," ",Home)</onright>
		<onright>AlarmClock(ResetScrollClear63,ClearProperty(ResetScroll.10704,Home),00:01,silent)</onright>
		<onright>SetProperty(ResetScroll.12003," ",Home)</onright>
		<onright>AlarmClock(ResetScrollClear64,ClearProperty(ResetScroll.12003,Home),00:01,silent)</onright>
		<onright>SetProperty(ResetScroll.12005," ",Home)</onright>
		<onright>AlarmClock(ResetScrollClear65,ClearProperty(ResetScroll.12005,Home),00:01,silent)</onright>
		<onright>SetProperty(ResetScroll.12006Artist," ",Home)</onright>
		<onright>AlarmClock(ResetScrollClear66,ClearProperty(ResetScroll.12006Artist,Home),00:01,silent)</onright>
		<onright>SetProperty(ResetScroll.12006Album," ",Home)</onright>
		<onright>AlarmClock(ResetScrollClear67,ClearProperty(ResetScroll.12006Album,Home),00:01,silent)</onright>
		<onright>SetProperty(ResetScroll.12006PlotNow," ",Home)</onright>
		<onright>AlarmClock(ResetScrollClear68,ClearProperty(ResetScroll.12006PlotNow,Home),00:01,silent)</onright>
		<onright>SetProperty(ResetScroll.12006PlotNext," ",Home)</onright>
		<onright>AlarmClock(ResetScrollClear69,ClearProperty(ResetScroll.12006PlotNext,Home),00:01,silent)</onright>
		<onright>SetProperty(ResetScroll.12600," ",Home)</onright>
		<onright>AlarmClock(ResetScrollClear70,ClearProperty(ResetScroll.12600,Home),00:01,silent)</onright>
		<onright>SetProperty(ResetScroll.511," ",Home)</onright>
		<onright>AlarmClock(ResetScrollClear71,ClearProperty(ResetScroll.511,Home),00:01,silent)</onright>
		<onright>SetProperty(ResetScroll.522," ",Home)</onright>
		<onright>AlarmClock(ResetScrollClear72,ClearProperty(ResetScroll.522,Home),00:01,silent)</onright>
		<onright>SetProperty(ResetScroll.525," ",Home)</onright>
		<onright>AlarmClock(ResetScrollClear73,ClearProperty(ResetScroll.525,Home),00:01,silent)</onright>
		<onright>SetProperty(ResetScroll.531," ",Home)</onright>
		<onright>AlarmClock(ResetScrollClear74,ClearProperty(ResetScroll.531,Home),00:01,silent)</onright>
		<onright>SetProperty(ResetScroll.533," ",Home)</onright>
		<onright>AlarmClock(ResetScrollClear75,ClearProperty(ResetScroll.533,Home),00:01,silent)</onright>
		<onright>SetProperty(ResetScroll.536," ",Home)</onright>
		<onright>AlarmClock(ResetScrollClear76,ClearProperty(ResetScroll.536,Home),00:01,silent)</onright>
		<onright>SetProperty(ResetScroll.538," ",Home)</onright>
		<onright>AlarmClock(ResetScrollClear77,ClearProperty(ResetScroll.538,Home),00:01,silent)</onright>
		<onback>SetProperty(ResetScroll.1101," ",Home)</onback>
		<onback>AlarmClock(ResetScrollClear78,ClearProperty(ResetScroll.1101,Home),00:01,silent)</onback>
		<onback>SetProperty(ResetScroll.10004," ",Home)</onback>
		<onback>AlarmClock(ResetScrollClear79,ClearProperty(ResetScroll.10004,Home),00:01,silent)</onback>
		<onback>SetProperty(ResetScroll.10035," ",Home)</onback>
		<onback>AlarmClock(ResetScrollClear80,ClearProperty(ResetScroll.10035,Home),00:01,silent)</onback>
		<onback>SetProperty(ResetScroll.10135," ",Home)</onback>
		<onback>AlarmClock(ResetScrollClear81,ClearProperty(ResetScroll.10135,Home),00:01,silent)</onback>
		<onback>SetProperty(ResetScroll.10146," ",Home)</onback>
		<onback>AlarmClock(ResetScrollClear82,ClearProperty(ResetScroll.10146,Home),00:01,silent)</onback>
		<onback>SetProperty(ResetScroll.10600," ",Home)</onback>
		<onback>AlarmClock(ResetScrollClear83,ClearProperty(ResetScroll.10600,Home),00:01,silent)</onback>
		<onback>SetProperty(ResetScroll.10608," ",Home)</onback>
		<onback>AlarmClock(ResetScrollClear84,ClearProperty(ResetScroll.10608,Home),00:01,silent)</onback>
		<onback>SetProperty(ResetScroll.10609," ",Home)</onback>
		<onback>AlarmClock(ResetScrollClear85,ClearProperty(ResetScroll.10609,Home),00:01,silent)</onback>
		<onback>SetProperty(ResetScroll.10700," ",Home)</onback>
		<onback>AlarmClock(ResetScrollClear86,ClearProperty(ResetScroll.10700,Home),00:01,silent)</onback>
		<onback>SetProperty(ResetScroll.10701," ",Home)</onback>
		<onback>AlarmClock(ResetScrollClear87,ClearProperty(ResetScroll.10701,Home),00:01,silent)</onback>
		<onback>SetProperty(ResetScroll.10702," ",Home)</onback>
		<onback>AlarmClock(ResetScrollClear88,ClearProperty(ResetScroll.10702,Home),00:01,silent)</onback>
		<onback>SetProperty(ResetScroll.10704," ",Home)</onback>
		<onback>AlarmClock(ResetScrollClear89,ClearProperty(ResetScroll.10704,Home),00:01,silent)</onback>
		<onback>SetProperty(ResetScroll.12003," ",Home)</onback>
		<onback>AlarmClock(ResetScrollClear90,ClearProperty(ResetScroll.12003,Home),00:01,silent)</onback>
		<onback>SetProperty(ResetScroll.12005," ",Home)</onback>
		<onback>AlarmClock(ResetScrollClear91,ClearProperty(ResetScroll.12005,Home),00:01,silent)</onback>
		<onback>SetProperty(ResetScroll.12006Artist," ",Home)</onback>
		<onback>AlarmClock(ResetScrollClear92,ClearProperty(ResetScroll.12006Artist,Home),00:01,silent)</onback>
		<onback>SetProperty(ResetScroll.12006Album," ",Home)</onback>
		<onback>AlarmClock(ResetScrollClear93,ClearProperty(ResetScroll.12006Album,Home),00:01,silent)</onback>
		<onback>SetProperty(ResetScroll.12006PlotNow," ",Home)</onback>
		<onback>AlarmClock(ResetScrollClear94,ClearProperty(ResetScroll.12006PlotNow,Home),00:01,silent)</onback>
		<onback>SetProperty(ResetScroll.12006PlotNext," ",Home)</onback>
		<onback>AlarmClock(ResetScrollClear95,ClearProperty(ResetScroll.12006PlotNext,Home),00:01,silent)</onback>
		<onback>SetProperty(ResetScroll.12600," ",Home)</onback>
		<onback>AlarmClock(ResetScrollClear96,ClearProperty(ResetScroll.12600,Home),00:01,silent)</onback>
		<onback>SetProperty(ResetScroll.511," ",Home)</onback>
		<onback>AlarmClock(ResetScrollClear97,ClearProperty(ResetScroll.511,Home),00:01,silent)</onback>
		<onback>SetProperty(ResetScroll.522," ",Home)</onback>
		<onback>AlarmClock(ResetScrollClear98,ClearProperty(ResetScroll.522,Home),00:01,silent)</onback>
		<onback>SetProperty(ResetScroll.525," ",Home)</onback>
		<onback>AlarmClock(ResetScrollClear99,ClearProperty(ResetScroll.525,Home),00:01,silent)</onback>
		<onback>SetProperty(ResetScroll.531," ",Home)</onback>
		<onback>AlarmClock(ResetScrollClear100,ClearProperty(ResetScroll.531,Home),00:01,silent)</onback>
		<onback>SetProperty(ResetScroll.533," ",Home)</onback>
		<onback>AlarmClock(ResetScrollClear101,ClearProperty(ResetScroll.533,Home),00:01,silent)</onback>
		<onback>SetProperty(ResetScroll.536," ",Home)</onback>
		<onback>AlarmClock(ResetScrollClear102,ClearProperty(ResetScroll.536,Home),00:01,silent)</onback>
		<onback>SetProperty(ResetScroll.538," ",Home)</onback>
		<onback>AlarmClock(ResetScrollClear103,ClearProperty(ResetScroll.538,Home),00:01,silent)</onback>
	</include>

</includes>
