<?xml version="1.0" encoding="UTF-8"?>
<window>
	<!-- pvrchannels -->
	<backgroundcolor>0</backgroundcolor>
	<defaultcontrol always="true">50</defaultcontrol>
	<include content="WindowDialogFocus">
		<param name="id">50</param>
	</include>
	<views>50</views>

	<!-- Sidemenu menucontrol -->
	<include content="SidemenuMenucontrol">
		<param name="id">3000</param>
	</include>

	<controls>

		<!-- Background -->
		<include>WindowBackgroundImageVertical</include>
		
		<!-- Time -->
		<include>Time</include>

		<!-- Main group -->
		<control type="group">
			<include>WindowFadeAnimation</include>

			<!-- Episode Info -->
			<control type="group">
				<include>MyPVRChannels_coords1</include>

				<!-- Episode image -->
				<control type="group">
					<control type="image">
						<include>MyPVRChannels_coords2</include>
						<texture background="true" fallback="DefaultLiveTV.png">$VAR[PVRChannelIcon]</texture>
						<aspectratio align="center" aligny="center">keep</aspectratio>
						<fadetime>200</fadetime>
						<visible>Window.IsVisible(TVChannels)</visible>
					</control>
					
					<control type="image">
						<include>MyPVRChannels_coords2</include>
						<texture background="true" fallback="DefaultRadio.png">$VAR[PVRChannelIcon]</texture>
						<aspectratio align="center" aligny="center">keep</aspectratio>
						<fadetime>200</fadetime>
						<visible>Window.IsVisible(RadioChannels)</visible>
					</control>
				</control>

				<!-- Episode Information -->
				<control type="group">
					<include>MyPVRChannels_coords3</include>
					<visible>!Integer.IsEqual(Container(50).NumItems,0)</visible>
					<include>VisibleFadeAnimation</include>
					<control type="textbox">
						<include>MyPVRChannels_coords4</include>
						<font>Font27</font>
						<align>left</align>
						<label>$VAR[PVRDescription]</label>
						<textcolor>$VAR[TextColorFO]</textcolor>
						<autoscroll delay="5000" time="1400" repeat="10000">true</autoscroll>
						<visible>Skin.String(PlotFont,S)</visible>
					</control>
					<control type="textbox">
						<include>MyPVRChannels_coords5</include>
						<font>Font30</font>
						<align>left</align>
						<label>$VAR[PVRDescription]</label>
						<textcolor>$VAR[TextColorFO]</textcolor>
						<autoscroll delay="5000" time="1300" repeat="10000">true</autoscroll>
						<visible>Skin.String(PlotFont,M)</visible>
					</control>
					<control type="textbox">
						<include>MyPVRChannels_coords6</include>
						<font>Font33</font>
						<align>left</align>
						<label>$VAR[PVRDescription]</label>
						<textcolor>$VAR[TextColorFO]</textcolor>
						<autoscroll delay="5000" time="1200" repeat="10000">true</autoscroll>
						<visible>Skin.String(PlotFont,L)</visible>
					</control>
				</control>

			</control>

			<!-- List -->
			<control type="fixedlist" id="50">
				<include>MyPVRChannels_coords7</include>
				<onup>50</onup>
				<ondown>50</ondown>
				<onleft>60</onleft>
				<pagecontrol>60</pagecontrol>
				<focusposition>3</focusposition>
				<orientation>vertical</orientation>
				<viewtype label="535">list</viewtype>
				<scrolltime tween="sine" easing="out">240</scrolltime>

				<include>MyPVRChannels_coords8</include>

				<include>MyPVRChannels_coords9</include>

			</control>

			<!-- Scrollbar (list) -->
			<control type="scrollbar" id="60">
				<include>MyPVRChannels_coords10</include>
				<onleft condition="!Skin.HasSetting(KioskMode)">3000</onleft>
				<onright>50</onright>
				<showonepage>false</showonepage>
				<orientation>vertical</orientation>
				<colordiffuse>$VAR[OverlayColorNF]</colordiffuse>
				<include>BackgroundOverlayStyleScrollbarVertical</include>
				<texturesliderbarfocus border="8,1,6,1" colordiffuse="$VAR[OverlayColorFO]">common/ScrollbarGripFO.png</texturesliderbarfocus>
				<textureslidernib></textureslidernib>
				<textureslidernibfocus></textureslidernibfocus>
				<visible>!Skin.HasSetting(Scrollbars)</visible>
			</control>

			<!-- Channel count -->
			<control type="fadelabel">
				<include>MyPVRChannels_coords11</include>
				<visible>!Skin.HasSetting(ItemCount)</visible>
				<align>right</align>
				<label>$INFO[Container(50).NumItems]$VAR[ContentType, ,]</label>
				<font>Font30</font>
				<textcolor>$VAR[TextColorNF]</textcolor>
				<animation effect="fade" start="100" end="0" time="200" condition="Integer.IsEqual(Container(50).NumItems,0) + Window.IsVisible(busydialog)">Conditional</animation>
			</control>

		</control>
		
		<!-- Submenu indicator -->
		<control type="group">
			<visible>!Skin.HasSetting(KioskMode)</visible>
			<visible>!ControlGroup(9002).HasFocus + !Window.IsVisible(shutdownmenu) + !Window.IsVisible(contextmenu)</visible>
			<include>VisibleFadeAnimation</include>
			<animation effect="slide" time="200" start="-200,0" end="0,0">WindowOpen</animation>
			<animation effect="slide" time="200" start="0,0" end="-200,0">WindowClose</animation>
			<control type="image">
				<left>10</left>
				<centertop>50%</centertop>
				<width>30</width>
				<height>30</height>
				<texture colordiffuse="$VAR[OverlayColorNF]">sub-menu-left.png</texture>
				<animation effect="fade" start="100" end="0" time="200" condition="Integer.IsEqual(Container(50).NumItems,0) + Window.IsVisible(busydialog)">Conditional</animation>
			</control>
		</control>

		<!-- Options -->
		<control type="group" id="9002">
			<include>NotificationDepth</include>
			<visible>!Skin.HasSetting(KioskMode)</visible>
			<control type="image">
				<include>FullscreenDimensions</include>
				<texture colordiffuse="$VAR[DarkenColor]">common/DimOverlay.png</texture>
				<include>VisibleFadeAnimation</include>
				<visible>ControlGroup(9002).HasFocus</visible>
				<include>BackgroundDepth</include>
			</control>
			<control type="group">
				<left>-460</left>
				<top>0</top>
				<animation effect="slide" start="0,0" end="460,0" time="200" condition="ControlGroup(9002).HasFocus">Conditional</animation>
				<control type="button">
					<include>OptionsSideMenu1</include>
					<texturefocus>noop</texturefocus>
				</control>
				
				<control type="image">
					<include>OptionsSideMenu1</include>
					<texture colordiffuse="$VAR[MenuOSDColor]">common/Background2.png</texture>
				</control>

				<!-- Look controls -->
				<control type="grouplist" id="3000">
					<include>OptionsSideMenu3</include>
					<onleft>50</onleft>
					<onright>50</onright>
					<onback>50</onback>
					<scrolltime>200</scrolltime>
					<orientation>vertical</orientation>
					<itemgap>0</itemgap>
					<defaultcontrol always="true">3</defaultcontrol>

					<include content="SideMenuAnimation">
						<param name="containerID">3000</param>
					</include>
					
					<!-- Sort by -->
					<control type="button" id="3">
						<height>52</height>
						<label>103</label>
						<visible>Control.IsEnabled(3)</visible>
					</control>
					<!-- Sort ascending/descending -->
					<control type="togglebutton" id="4">
						<height>52</height>
						<label>$LOCALIZE[31234] $LOCALIZE[584]</label>
						<altlabel>$LOCALIZE[31234] $LOCALIZE[585]</altlabel>
						<usealttexture>Container.SortDirection(Descending)</usealttexture>
						<visible>Control.IsEnabled(4)</visible>
					</control>
					<!-- Channel Groups -->
					<control type="button" id="28">
						<height>52</height>
						<label></label>
						<visible>Control.IsEnabled(28)</visible>
					</control>
					<!-- Group recording items by folder structure -->
					<control type="radiobutton" id="5">
						<height>52</height>
						<label>19270</label>
						<visible>Window.IsActive(TVRecordings) | Window.IsActive(RadioRecordings)</visible>
					</control>
					<!-- Show hidden channels -->
					<control type="radiobutton" id="6">
						<height>52</height>
						<label>19051</label>
					</control>
					<!-- Filter -->
					<control type="radiobutton" id="31">
						<height>52</height>
						<label>587</label>
					</control>

					<control type="image" id="80">
						<left>0</left>
						<top>0</top>
						<width>410</width>
						<height>10</height>
						<texture>transparent.png</texture>
					</control>

					<!-- Channels -->
					<control type="button" id="100">
						<height>52</height>
						<onclick condition="String.IsEmpty(Window.Property(IsRadio))">ActivateWindow(TVChannels)</onclick>
						<onclick condition="!String.IsEmpty(Window.Property(IsRadio))">ActivateWindow(RadioChannels)</onclick>
						<onclick>SetFocus(10)</onclick>
						<label>19019</label>
						<visible>Window.IsActive(TVGuide) | Window.IsActive(RadioGuide) | Window.IsActive(TVRecordings) | Window.IsActive(RadioRecordings) | Window.IsActive(TVTimers) | Window.IsActive(RadioTimers) | Window.IsActive(TVTimerRules) | Window.IsActive(RadioTimerRules) | Window.IsActive(TVSearch) | Window.IsActive(RadioSearch)</visible>
					</control>
					<!-- Guide -->
					<control type="button" id="102">
						<height>52</height>
						<label>22020</label>
						<onclick condition="String.IsEmpty(Window.Property(IsRadio))">ActivateWindow(TVGuide)</onclick>
						<onclick condition="!String.IsEmpty(Window.Property(IsRadio))">ActivateWindow(RadioGuide)</onclick>
						<onclick>SetFocus(10)</onclick>
						<visible>Window.IsActive(TVChannels) | Window.IsActive(RadioChannels) | Window.IsActive(TVRecordings) | Window.IsActive(RadioRecordings) | Window.IsActive(TVTimers) | Window.IsActive(RadioTimers) | Window.IsActive(TVTimerRules) | Window.IsActive(RadioTimerRules) | Window.IsActive(TVSearch) | Window.IsActive(RadioSearch)</visible>
					</control>
					<!-- Recordings -->
					<control type="button" id="103">
						<height>52</height>
						<onclick condition="String.IsEmpty(Window.Property(IsRadio))">ActivateWindow(TVRecordings)</onclick>
						<onclick condition="!String.IsEmpty(Window.Property(IsRadio))">ActivateWindow(RadioRecordings)</onclick>
						<onclick>SetFocus(10)</onclick>
						<label>19163</label>
						<visible>Window.IsActive(TVChannels) | Window.IsActive(RadioChannels) | Window.IsActive(TVGuide) | Window.IsActive(RadioGuide) | Window.IsActive(TVTimers) | Window.IsActive(RadioTimers) | Window.IsActive(TVTimerRules) | Window.IsActive(RadioTimerRules) | Window.IsActive(TVSearch) | Window.IsActive(RadioSearch)</visible>
					</control>
					<!-- Timers -->
					<control type="button" id="35">
						<height>52</height>
						<onclick condition="String.IsEmpty(Window.Property(IsRadio))">ActivateWindow(TVTimers)</onclick>
						<onclick condition="!String.IsEmpty(Window.Property(IsRadio))">ActivateWindow(RadioTimers)</onclick>
						<onclick>SetFocus(50)</onclick>
						<label>19040</label>
						<visible>Window.IsActive(TVChannels) | Window.IsActive(RadioChannels) | Window.IsActive(TVGuide) | Window.IsActive(RadioGuide) | Window.IsActive(TVRecordings) | Window.IsActive(RadioRecordings) | Window.IsActive(TVTimerRules) | Window.IsActive(RadioTimerRules) | Window.IsActive(TVSearch) | Window.IsActive(RadioSearch)</visible>
					</control>
					<!-- Rules -->
					<control type="button" id="36">
						<height>52</height>
						<onclick condition="String.IsEmpty(Window.Property(IsRadio))">ActivateWindow(TVTimerRules)</onclick>
						<onclick condition="!String.IsEmpty(Window.Property(IsRadio))">ActivateWindow(RadioTimerRules)</onclick>
						<onclick>SetFocus(50)</onclick>
						<label>$LOCALIZE[31022]</label>
						<visible>Window.IsActive(TVChannels) | Window.IsActive(RadioChannels) | Window.IsActive(TVGuide) | Window.IsActive(RadioGuide) | Window.IsActive(TVRecordings) | Window.IsActive(RadioRecordings) | Window.IsActive(TVTimers) | Window.IsActive(RadioTimers) | Window.IsActive(TVSearch) | Window.IsActive(RadioSearch)</visible>
					</control>
					<!-- Search -->
					<control type="button" id="37">
						<height>52</height>
						<onclick condition="String.IsEmpty(Window.Property(IsRadio))">ActivateWindow(TVSearch)</onclick>
						<onclick condition="!String.IsEmpty(Window.Property(IsRadio))">ActivateWindow(RadioSearch)</onclick>
						<onclick>SetFocus(50)</onclick>
						<label>137</label>
						<visible>Window.IsActive(TVChannels) | Window.IsActive(RadioChannels) | Window.IsActive(TVGuide) | Window.IsActive(RadioGuide) | Window.IsActive(TVRecordings) | Window.IsActive(RadioRecordings) | Window.IsActive(TVTimers) | Window.IsActive(RadioTimers) | Window.IsActive(TVTimerRules) | Window.IsActive(RadioTimerRules)</visible>
					</control>
					
					<include>SideMenuControls</include>
					
				</control>
			</control>
		</control>
		
		<control type="label" id="29">
			<left>-10000</left>
			<top>-10000</top>
			<width>1620</width>
			<height>72</height>
			<font>Font72</font>
			<textcolor>$VAR[TextColorFO]</textcolor>
			<label></label>
		</control>

		<include>MaskingBars</include>

	</controls>

</window>