<?xml version="1.0" encoding="UTF-8"?>
<window>
	<!-- script-skin_helper_service-ColorPicker -->
	<defaultcontrol always="true">3110</defaultcontrol>
	<onload>SetProperty(scriptdialog,script-skin_helper_service-ColorPicker.xml,10000)</onload>
	<onunload>ClearProperty(scriptdialog,10000)</onunload>
	
	<!-- Textbox scroll reset -->
	<include>ResetScroll</include>
	
	<controls>

		<!-- Dialog fanart -->
		<include>DialogBackgroundImage</include>

		<control type="group">
			<include>DialogDepth</include>
		
			<!-- Animation -->
			<include>DialogZoomAnimation</include>

			<!-- Heading -->
			<include content="Time">
				<param name="heading">$INFO[Control.GetLabel(1)]</param>
				<param name="secondary">False</param>
			</include>
			
			<control type="label" id="1">
				<font></font>
				<label></label>
			</control>
	        
			<!-- Preview-->
			<control type="grouplist">
				<include>script-skin_helper_service-ColorPicker_coords1</include>
				<itemgap>10</itemgap>
				<orientation>horizontal</orientation>
				<animation effect="fade" start="100" end="50" time="200" tween="cubic" easing="out" reversible="false" condition="!ControlGroup(9).HasFocus">Conditional</animation>
				
				<control type="image">
					<include>script-skin_helper_service-ColorPicker_coords2</include>
					<texture colordiffuse="$INFO[Window.Property(colorstring)]">common/white.png</texture>
					<visible>!String.IsEqual(Window.Property(colorstring),None) + !String.IsEmpty(Window.Property(colorstring))</visible>
				</control>
				<control type="label">
					<include>script-skin_helper_service-ColorPicker_coords3</include>
					<label>$VAR[ColorPicker-Name]</label>
					<font>Font33</font>
					<textcolor>$VAR[TextColorNF]</textcolor>
					<disabledcolor>$VAR[TextColorFO]</disabledcolor>
				</control>
			</control>
	        
			<control type="grouplist" id="9">
				<include>script-skin_helper_service-ColorPicker_coords4</include>
				<itemgap>0</itemgap>
				<onleft>9001</onleft>
				<onright>3110</onright>
				<onup>9</onup>
				<ondown>9</ondown>
				<orientation>vertical</orientation>
				<usecontrolcoords>true</usecontrolcoords>
				<scrolltime tween="sine" easing="out">240</scrolltime>
				<animation effect="fade" start="100" end="50" time="200" tween="cubic" easing="out" reversible="false" condition="!ControlGroup(9).HasFocus">Conditional</animation>

				<!-- Edit -->
				<control type="button" id="3010">
					<include>script-skin_helper_service-ColorPicker_coords6</include>
					<label>$LOCALIZE[21450]</label>
					<font>Font33</font>
					<textcolor>$VAR[TextColorNF]</textcolor>
					<focusedcolor>$VAR[TextColorFO]</focusedcolor>
				</control>

				<!-- Opacity -->
				<control type="button" id="11">
					<include>script-skin_helper_service-ColorPicker_coords5</include>
					<label>$ADDON[script.skin.helper.colorpicker 32049]:</label>
					<label2>$INFO[Control.Getlabel(3015)]</label2>
					<font>Font33</font>
					<disabledcolor>$VAR[TextColorNF]</disabledcolor>
					<enable>False</enable>
				</control>

				<control type="slider" id="3015">
					<include>script-skin_helper_service-ColorPicker_coords7</include>
				</control>

			</control>

	        <!-- Color picker panel -->
			<control type="panel" id="3110">
				<include>script-skin_helper_service-ColorPicker_coords8</include>
				<orientation>vertical</orientation>
				<onleft>9</onleft>
				<ondown>3110</ondown>
				<onup>3110</onup>
				<onright>9001</onright>
				<preloaditems>4</preloaditems>
				
				<include>script-skin_helper_service-ColorPicker_coords9</include>
				
				<include>script-skin_helper_service-ColorPicker_coords10</include>
				
	        </control>

			<!-- Buttons -->
			<control type="grouplist" id="9001">
				<include>DialogButtons</include>
				<orientation>horizontal</orientation>
				<align>center</align>
				<itemgap>30</itemgap>
				<onup>9</onup>

				<!-- Save -->
				<control type="button" id="3012">
					<width>auto</width>
					<label>190</label>
				</control>

				<!-- None -->
				<control type="button" id="3011">
					<width>auto</width>
					<label>$LOCALIZE[571]</label>
				</control>

			</control>
			
			<!-- Button indicator -->
			<include content="dialogButtonIndicator">
				<param name="visibility">!ControlGroup(9001).HasFocus + !Window.IsVisible(shutdownmenu)</param>
			</include>

		</control>

		<include>MaskingBars</include>

	</controls>
</window>
