<?xml version="1.0" encoding="UTF-8"?>
<window>
	<!-- systeminfo -->
	<backgroundcolor>0</backgroundcolor>
	<defaultcontrol always="true">95</defaultcontrol>
	
	<!-- Textbox scroll reset -->
	<include>ResetScroll</include>

	<controls>

		<!-- Background -->
		<include>WindowBackgroundImageVerticalHome</include>
		
		<!-- Time -->
		<include content="Time">
			<param name="narrow">True</param>
			<param name="wide">False</param>
		</include>

		<!-- Main group -->
		<control type="group">
			<include>WindowFadeAnimation</include>

			<!-- Main list -->
			<control type="grouplist" id="50">
				<include>SettingsSystemInfo_coords1</include>
				<itemgap>0</itemgap>
				<onleft>3001</onleft>
				<onright>noop</onright>
				<orientation>vertical</orientation>

				<!-- Summary -->
				<control type="button" id="95">
					<include>SettingsSystemInfo_coords2</include>
					<font>Font33</font>
					<label>20037</label>
					<textcolor>$VAR[TextColorNF]</textcolor>
					<focusedcolor>$VAR[TextColorFO]</focusedcolor>
					<disabledcolor>$VAR[DisabledColor]</disabledcolor>
				</control>
				<!-- Storage -->
				<control type="togglebutton" id="94">
					<include>SettingsSystemInfo_coords2</include>
					<font>Font33</font>
					<label>13277</label>
					<textcolor>$VAR[TextColorNF]</textcolor>
					<focusedcolor>$VAR[TextColorFO]</focusedcolor>
					<disabledcolor>$VAR[DisabledColor]</disabledcolor>
				</control>
				<!-- Network -->
				<control type="button" id="96">
					<include>SettingsSystemInfo_coords2</include>
					<font>Font33</font>
					<label>13279</label>
					<textcolor>$VAR[TextColorNF]</textcolor>
					<focusedcolor>$VAR[TextColorFO]</focusedcolor>
					<disabledcolor>$VAR[DisabledColor]</disabledcolor>
				</control>
				<!-- Video -->
				<control type="button" id="97">
					<include>SettingsSystemInfo_coords2</include>
					<font>Font33</font>
					<label>13280</label>
					<textcolor>$VAR[TextColorNF]</textcolor>
					<focusedcolor>$VAR[TextColorFO]</focusedcolor>
					<disabledcolor>$VAR[DisabledColor]</disabledcolor>
				</control>
				<!-- Hardware -->
				<control type="button" id="98">
					<include>SettingsSystemInfo_coords2</include>
					<font>Font33</font>
					<label>13281</label>
					<textcolor>$VAR[TextColorNF]</textcolor>
					<focusedcolor>$VAR[TextColorFO]</focusedcolor>
					<disabledcolor>$VAR[DisabledColor]</disabledcolor>
				</control>
				<!-- PVR -->
				<control type="button" id="99">
					<include>SettingsSystemInfo_coords2</include>
					<font>Font33</font>
					<label>19191</label>
					<textcolor>$VAR[TextColorNF]</textcolor>
					<focusedcolor>$VAR[TextColorFO]</focusedcolor>
					<disabledcolor>$VAR[DisabledColor]</disabledcolor>
				</control>
				<!-- Privacy -->
				<control type="button" id="100">
					<include>SettingsSystemInfo_coords2</include>
					<font>Font33</font>
					<label>12389</label>
					<textcolor>$VAR[TextColorNF]</textcolor>
					<focusedcolor>$VAR[TextColorFO]</focusedcolor>
					<disabledcolor>$VAR[DisabledColor]</disabledcolor>
				</control>

			</control>

			<!-- Privacy policy -->
			<control type="textbox" id="30">
				<include>SettingsSystemInfo_coords3</include>
				<font>Font30</font>
				<textcolor>$VAR[TextColorNF]</textcolor>
				<autoscroll delay="5000" time="1000" repeat="10000">True</autoscroll>
			</control>

			<!-- Default list -->
			<control type="grouplist" id="500">
				<include>SettingsSystemInfo_coords4</include>
				<itemgap>0</itemgap>
				<onleft>50</onleft>
				<onright>noop</onright>
				<orientation>vertical</orientation>

				<control type="label" id="2">
					<include>SettingsSystemInfo_coords5</include>
					<font>SystemInfo</font>
					<textcolor>$VAR[TextColorNF]</textcolor>
					<aligny>top</aligny>
				</control>

				<control type="label" id="3">
					<include>SettingsSystemInfo_coords5</include>
					<font>SystemInfo</font>
					<textcolor>$VAR[TextColorNF]</textcolor>
					<aligny>top</aligny>
				</control>

				<control type="label" id="4">
					<include>SettingsSystemInfo_coords5</include>
					<font>SystemInfo</font>
					<textcolor>$VAR[TextColorNF]</textcolor>
					<aligny>top</aligny>
				</control>

				<control type="label" id="5">
					<include>SettingsSystemInfo_coords5</include>
					<font>SystemInfo</font>
					<textcolor>$VAR[TextColorNF]</textcolor>
					<aligny>top</aligny>
				</control>

				<control type="label" id="6">
					<include>SettingsSystemInfo_coords5</include>
					<font>SystemInfo</font>
					<textcolor>$VAR[TextColorNF]</textcolor>
					<aligny>top</aligny>
				</control>

				<control type="label" id="7">
					<include>SettingsSystemInfo_coords5</include>
					<font>SystemInfo</font>
					<textcolor>$VAR[TextColorNF]</textcolor>
					<aligny>top</aligny>
				</control>

				<control type="label" id="8">
					<include>SettingsSystemInfo_coords5</include>
					<font>SystemInfo</font>
					<textcolor>$VAR[TextColorNF]</textcolor>
					<aligny>top</aligny>
				</control>

				<control type="label" id="9">
					<include>SettingsSystemInfo_coords5</include>
					<font>SystemInfo</font>
					<textcolor>$VAR[TextColorNF]</textcolor>
					<aligny>top</aligny>
				</control>

				<control type="label" id="10">
					<include>SettingsSystemInfo_coords5</include>
					<font>SystemInfo</font>
					<textcolor>$VAR[TextColorNF]</textcolor>
					<aligny>top</aligny>
				</control>

				<control type="label" id="11">
					<include>SettingsSystemInfo_coords5</include>
					<font>SystemInfo</font>
					<textcolor>$VAR[TextColorNF]</textcolor>
					<aligny>top</aligny>
				</control>

				<control type="label" id="12">
					<include>SettingsSystemInfo_coords5</include>
					<font>SystemInfo</font>
					<textcolor>$VAR[TextColorNF]</textcolor>
					<aligny>top</aligny>
				</control>

			</control>

			<!-- Kodi info -->
			<control type="textbox">
				<include>SettingsSystemInfo_coords6</include>
				<label>$INFO[Control.GetLabel(52)][CR]$LOCALIZE[13271] $INFO[System.CPUUsage][CR]$LOCALIZE[31059] $INFO[system.memory(used.percent)]</label>
				<textcolor>$VAR[TextColorFO]</textcolor>
				<align>right</align>
				<aligny>bottom</aligny>
			</control>
			
			<!-- Sub menu indicator -->
			<control type="group">
				<visible>!ControlGroup(9002).HasFocus + !Window.IsVisible(shutdownmenu)</visible>
				<include>VisibleFadeAnimation</include>
				<animation effect="slide" time="200" start="-200,0" end="0,0">WindowOpen</animation>
				<animation effect="slide" time="200" start="0,0" end="-200,0">WindowClose</animation>
				<control type="image">
					<include>SubMenu_coords13</include>
					<texture colordiffuse="$VAR[OverlayColorNF]">sub-menu-left.png</texture>
				</control>
			</control>
			
			<!-- Sub menu -->
			<include>SubMenu</include>
			
		</control>

		<!-- Hidden Kodi build label -->
		<control type="label" id="52">
			<font></font>
		</control>

		<include>MaskingBars</include>

	</controls>

</window>
