<?xml version="1.0" encoding="utf-8"?>
<window>
	<!-- SettingsCategory -->
	<backgroundcolor>0</backgroundcolor>
	<defaultcontrol always="true">3</defaultcontrol>
	<include content="WindowDialogFocus">
		<param name="id">3</param>
	</include>
	
	<!-- Sidemenu menucontrol -->
	<menucontrol>3001</menucontrol>
	
	<!-- Welcome screen -->
	<onload condition="String.IsEmpty(Skin.String(WelcomeDialogShown)) + !System.HasAddon(service.osmc.settings)">ActivateWindow(1101)</onload>
	
	<!-- Skin Shortcuts -->
	<onunload condition="System.HasAddon(script.skinshortcuts)">RunScript(script.skinshortcuts,type=buildxml&amp;mainmenuID=9000&amp;group=mainmenu&amp;levels=1&amp;options=noGroups)</onunload>
	
	<!-- Skin settings, background + colors -->
	<include>Onloads</include>

	<controls>

		<!-- Background -->
		<include>WindowBackgroundImageVerticalHome</include>
		
		<!-- Time -->
		<include content="Time">
			<param name="narrow">True</param>
			<param name="wide">False</param>
		</include>

		<!-- Main group -->
		<control type="group">
			<include>WindowFadeAnimation</include>

			<!-- Main list (Left) -->
			<control type="grouplist" id="3">
				<include>SettingsCategory_coords1</include>
				<itemgap>0</itemgap>
				<onleft>3001</onleft>
				<onright>5</onright>
				<ondown>20</ondown>
				<orientation>vertical</orientation>
				<scrolltime tween="sine" easing="out">240</scrolltime>
			</control>

			<!-- Sub list (Right) -->
			<control type="grouplist" id="5">
				<include>SettingsCategory_coords2</include>
				<itemgap>0</itemgap>
				<onleft>3</onleft>
				<onright>998</onright>
				<orientation>vertical</orientation>
				<scrolltime tween="sine" easing="out">240</scrolltime>
			</control>

			<!-- Settings description -->
			<control type="textbox" id="6">
				<include>SettingsCategory_coords3</include>
				<textcolor>$VAR[TextColorFO]</textcolor>
				<font>Font27</font>
				<visible>Skin.String(PlotFont,S)</visible>
			</control>
			
			<control type="textbox" id="6">
				<include>SettingsCategory_coords4</include>
				<textcolor>$VAR[TextColorFO]</textcolor>
				<font>Font30</font>
				<visible>Skin.String(PlotFont,M)</visible>
			</control>
			
			<control type="textbox" id="6">
				<include>SettingsCategory_coords5</include>
				<textcolor>$VAR[TextColorFO]</textcolor>
				<font>Font33</font>
				<visible>Skin.String(PlotFont,L)</visible>
			</control>

			<!-- Indicators -->
			<control type="group">
				<include>SettingsCategory_coords6</include>
			</control>
			
			<!-- Settings Level -->
			<control type="label">
				<include>SettingsCategory_coords7</include>
				<align>center</align>
				<label>$LOCALIZE[31016]:</label>
				<font>Font33</font>
				<textcolor>$VAR[TextColorNF]</textcolor>
			</control>
			<control type="button" id="20">
				<include>SettingsCategory_coords8</include>
				<align>center</align>
				<font>Font33</font>
				<onup>3</onup>
				<onclick>SettingsLevelChange</onclick>
				<texturefocus colordiffuse="$VAR[buttonfocus]">common/focus66c.png</texturefocus>
			</control>

			<!-- Submenu indicator -->
			<control type="group">
					<visible>!ControlGroup(9002).HasFocus + !ControlGroup(5).HasFocus + !Control.HasFocus(20)</visible>
					<include>VisibleFadeAnimation</include>
					<animation effect="slide" time="200" start="-200,0" end="0,0">WindowOpen</animation>
					<animation effect="slide" time="200" start="0,0" end="-200,0">WindowClose</animation>
					<control type="image">
						<left>10</left>
						<centertop>50%</centertop>
						<width>30</width>
						<height>30</height>
						<texture colordiffuse="$VAR[OverlayColorNF]">sub-menu-left.png</texture>
					</control>
				</control>

			<!-- Settings quick-nav -->
			<control type="group" id="9002">
				<include>NotificationDepth</include>
				<control type="image">
					<include>FullscreenDimensions</include>
					<texture colordiffuse="$VAR[DarkenColor]">common/DimOverlay.png</texture>
					<include>VisibleFadeAnimation</include>
					<visible>ControlGroup(9002).HasFocus</visible>
					<include>BackgroundDepth</include>
				</control>
				<control type="group">
					<left>-460</left>
					<top>0</top>
					<animation effect="slide" start="0,0" end="460,0" time="200" condition="ControlGroup(9002).HasFocus">Conditional</animation>
					<control type="button">
						<include>OptionsSideMenu1</include>
						<texturefocus>noop</texturefocus>
					</control>
					
					<control type="image">
						<include>OptionsSideMenu1</include>
						<texture colordiffuse="$VAR[MenuOSDColor]">common/Background2.png</texture>
					</control>

					<control type="grouplist" id="3001">
						<include>OptionsSideMenu3</include>
						<onleft>3</onleft>
						<onright>3</onright>
						<onback>3</onback>
						<scrolltime>200</scrolltime>
						<orientation>vertical</orientation>
						<itemgap>0</itemgap>
						<defaultcontrol always="true">90</defaultcontrol>

						<include content="SideMenuAnimation">
							<param name="containerID">3001</param>
						</include>

						<control type="button" id="90">
							<label>14206</label>
							<height>52</height>
							<onclick>ReplaceWindow(InterfaceSettings)</onclick>
							<texturefocus colordiffuse="$VAR[buttonfocus]">common/focus52.png</texturefocus>
							<visible>!Window.IsVisible(InterfaceSettings)</visible>
						</control>
						<control type="button" id="91">
							<label>16003</label>
							<height>52</height>
							<onclick>ReplaceWindow(PlayerSettings)</onclick>
							<texturefocus colordiffuse="$VAR[buttonfocus]">common/focus52.png</texturefocus>
							<visible>!Window.IsVisible(PlayerSettings)</visible>
						</control>
						<control type="button" id="92">
							<label>14211</label>
							<height>52</height>
							<onclick>ReplaceWindow(MediaSettings)</onclick>
							<texturefocus colordiffuse="$VAR[buttonfocus]">common/focus52.png</texturefocus>
							<visible>!Window.IsVisible(MediaSettings)</visible>
						</control>
						<control type="button" id="93">
							<label>31015</label>
							<height>52</height>
							<onclick>ReplaceWindow(PVRSettings)</onclick>
							<texturefocus colordiffuse="$VAR[buttonfocus]">common/focus52.png</texturefocus>
							<visible>!Window.IsVisible(PVRSettings)</visible>
						</control>
						<control type="button" id="94">
							<label>15016</label>
							<height>52</height>
							<onclick>ReplaceWindow(GameSettings)</onclick>
							<texturefocus colordiffuse="$VAR[buttonfocus]">common/focus52.png</texturefocus>
							<visible>!Window.IsVisible(GameSettings)</visible>
						</control>
						<control type="button" id="95">
							<label>13200</label>
							<height>52</height>
							<onclick>ReplaceWindow(Profiles)</onclick>
							<texturefocus colordiffuse="$VAR[buttonfocus]">common/focus52.png</texturefocus>
						</control>
						<control type="button" id="96">
							<label>14036</label>
							<height>52</height>
							<onclick>ReplaceWindow(ServiceSettings)</onclick>
							<texturefocus colordiffuse="$VAR[buttonfocus]">common/focus52.png</texturefocus>
							<visible>!Window.IsVisible(ServiceSettings)</visible>
						</control>
						<control type="button" id="97">
							<label>13000</label>
							<height>52</height>
							<onclick>ReplaceWindow(SystemSettings)</onclick>
							<texturefocus colordiffuse="$VAR[buttonfocus]">common/focus52.png</texturefocus>
							<visible>!Window.IsVisible(SystemSettings)</visible>
						</control>
						<control type="button" id="98">
							<label>31091</label>
							<height>52</height>
							<onclick>ReplaceWindow(Settings)</onclick>
							<onclick>RunScript(service.osmc.settings)</onclick>
							<texturefocus colordiffuse="$VAR[buttonfocus]">common/focus52.png</texturefocus>
							<visible>System.HasAddon(service.osmc.settings)</visible>
						</control>
						<control type="button" id="99">
							<label>130</label>
							<height>52</height>
							<onclick>ReplaceWindow(SystemInfo)</onclick>
							<texturefocus colordiffuse="$VAR[buttonfocus]">common/focus52.png</texturefocus>
						</control>
						<control type="button" id="100">
							<label>10040</label>
							<height>52</height>
							<onclick>ReplaceWindow(addonbrowser)</onclick>
							<texturefocus colordiffuse="$VAR[buttonfocus]">common/focus52.png</texturefocus>
						</control>
						<control type="button" id="101">
							<label>7</label>
							<height>52</height>
							<onclick>ReplaceWindow(filemanager)</onclick>
							<texturefocus colordiffuse="$VAR[buttonfocus]">common/focus52.png</texturefocus>
						</control>

						<include>SideMenuControls</include>

					</control>
				</control>
			</control>

			<!-- Default label -->
			<control type="label" id="14">
				<include>SettingsCategory_coords9</include>
				<font>Font33</font>
				<align>center</align>
				<label></label>
				<textcolor>$VAR[TextColorNF]</textcolor>
			</control>

			<!-- Default group button -->
			<control type="button" id="10">
				<include>SettingsCategory_coords10</include>
				<font>Font33</font>
				<onclick>SetFocus(5)</onclick>
				<textcolor>$VAR[TextColorNF]</textcolor>
				<focusedcolor>$VAR[settingsbuttonunfocusdim]</focusedcolor>
				<invalidcolor>$VAR[InvalidColor]</invalidcolor>
				<disabledcolor>$VAR[DisabledColor]</disabledcolor>
			</control>

			<!-- Default button -->
			<control type="button" id="7">
				<include>SettingsCategory_coords11</include>
				<font>Font33</font>
				<textcolor>$VAR[TextColorNF]</textcolor>
				<focusedcolor>$VAR[TextColorFO]</focusedcolor>
				<invalidcolor>$VAR[InvalidColor]</invalidcolor>
				<disabledcolor>$VAR[DisabledColor]</disabledcolor>
			</control>

			<!-- Default radiobutton -->
			<control type="radiobutton" id="8">
				<include>SettingsCategory_coords11</include>
				<font>Font33</font>
				<textcolor>$VAR[TextColorNF]</textcolor>
				<focusedcolor>$VAR[TextColorFO]</focusedcolor>
				<disabledcolor>$VAR[DisabledColor]</disabledcolor>
			</control>

			<!-- Default spincontrolex -->
			<control type="spincontrolex" id="9">
				<include>SettingsCategory_coords11</include>
				<font>Font33</font>
				<textcolor>$VAR[TextColorNF]</textcolor>
				<focusedcolor>$VAR[TextColorFO]</focusedcolor>
				<disabledcolor>$VAR[DisabledColor]</disabledcolor>
			</control>

			<!-- Default sliderex -->
			<control type="sliderex" id="13">
				<include>SettingsCategory_coords11</include>
				<font>Font33</font>
				<textcolor>$VAR[TextColorNF]</textcolor>
				<focusedcolor>$VAR[TextColorFO]</focusedcolor>
				<disabledcolor>$VAR[DisabledColor]</disabledcolor>
			</control>

			<!-- Default seperator -->
			<control type="image" id="11">
				<include>SettingsCategory_coords9</include>
				<texture border="2" colordiffuse="$VAR[OverlayColorNF]">common/Divider.png</texture>
			</control>

			<!-- Default edit -->
			<control type="edit" id="12">
				<include>SettingsCategory_coords9</include>
			</control>
			
		</control>

		<include>MaskingBars</include>

	</controls>

</window>