<?xml version="1.0" encoding="UTF-8"?>
<window>
	<!-- profiles -->
	<backgroundcolor>0</backgroundcolor>
	<defaultcontrol always="true">4</defaultcontrol>
	
	<!-- Textbox scroll reset -->
	<include>ResetScroll</include>

	<controls>

		<!-- Background -->
		<include>WindowBackgroundImageVerticalHome</include>
		
		<!-- Time -->
		<include content="Time">
			<param name="narrow">True</param>
			<param name="wide">False</param>
		</include>

		<!-- Main group -->
		<control type="group">
			<include>WindowFadeAnimation</include>

			<!-- Default list -->
			<control type="grouplist" id="500">
				<include>SettingsProfile_coords1</include>
				<itemgap>0</itemgap>
				<onleft>3001</onleft>
				<onright>noop</onright>
				<onup>noop</onup>
				<ondown>2</ondown>
				<orientation>vertical</orientation>
				<usecontrolcoords>true</usecontrolcoords>
				<defaultcontrol always="true">4</defaultcontrol>

				<!-- Enable login screen -->
				<control type="radiobutton" id="4">
					<include>SettingsProfile_coords2</include>
					<font>Font33</font>
					<textcolor>$VAR[TextColorNF]</textcolor>
					<focusedcolor>$VAR[TextColorFO]</focusedcolor>
					<disabledcolor>$VAR[DisabledColor]</disabledcolor>
					<label>20096</label>
				</control>

				<!-- Auto login -->
				<control type="button" id="5">
					<include>SettingsProfile_coords2</include>
					<font>Font33</font>
					<textcolor>$VAR[TextColorNF]</textcolor>
					<focusedcolor>$VAR[TextColorFO]</focusedcolor>
					<invalidcolor>$VAR[InvalidColor]</invalidcolor>
					<disabledcolor>$VAR[DisabledColor]</disabledcolor>
					<label>33084</label>
					<enable>!System.HasLoginScreen</enable>
				</control>

				<!-- Separator -->
				<control type="image" id="6">
					<include>SettingsProfile_coords3</include>
					<texture border="1,12,1,1" colordiffuse="$VAR[OverlayColorNF]">common/ScrollBackgroundHorizontal.png</texture>
				</control>

			</control>

			<!-- Profile list -->
			<control type="list" id="2">
				<include>SettingsProfile_coords4</include>
				<onleft>60</onleft>
				<onright>noop</onright>
				<onup>500</onup>
				<ondown>noop</ondown>
				<pagecontrol>60</pagecontrol>
				<orientation>vertical</orientation>

				<include>SettingsProfile_coords5</include>

				<include>SettingsProfile_coords6</include>

			</control>
			
			<!-- Scrollbar (list) -->
			<control type="scrollbar" id="60">
				<include>SettingsProfile_coords7</include>
				<onleft>3001</onleft>
				<onright>2</onright>
				<showonepage>false</showonepage>
				<orientation>vertical</orientation>
				<colordiffuse>$VAR[OverlayColorNF]</colordiffuse>
				<texturesliderbackground border="8,1,6,1">$VAR[BackgroundOverlayStyleScrollbarVertical]</texturesliderbackground>
				<texturesliderbar border="8,1,6,1" colordiffuse="$VAR[OverlayColorNF]">$VAR[BackgroundOverlayStyleSliderBarVertical]</texturesliderbar>
				<texturesliderbarfocus border="8,1,6,1" colordiffuse="$VAR[OverlayColorFO]">common/ScrollbarGripFO.png</texturesliderbarfocus>
				<textureslidernib></textureslidernib>
				<textureslidernibfocus></textureslidernibfocus>
				<visible>!Skin.HasSetting(Scrollbars)</visible>
			</control>
			
			<!-- Sub menu indicator -->
			<control type="group">
				<visible>!ControlGroup(9002).HasFocus + !Window.IsVisible(shutdownmenu) + !Window.IsVisible(contextmenu)</visible>
				<include>VisibleFadeAnimation</include>
				<animation effect="slide" time="200" start="-200,0" end="0,0">WindowOpen</animation>
				<animation effect="slide" time="200" start="0,0" end="-200,0">WindowClose</animation>
				<control type="image">
					<include>SubMenu_coords13</include>
					<texture colordiffuse="$VAR[OverlayColorNF]">sub-menu-left.png</texture>
				</control>
			</control>

			<!-- Sub menu -->
			<include>SubMenu</include>
			
		</control>

		<include>MaskingBars</include>

	</controls>

</window>
