<?xml version="1.0" encoding="UTF-8"?>
<window>
	<!-- Skin settings -->
	<backgroundcolor>0</backgroundcolor>
	<defaultcontrol always="true">9000</defaultcontrol>
	
	<!-- Textbox scroll reset -->
	<include>10035ResetScroll</include>
	
	<!-- Skin Shortcuts -->
	<onunload condition="System.HasAddon(script.skinshortcuts)">RunScript(script.skinshortcuts,type=buildxml&amp;mainmenuID=9000&amp;group=mainmenu&amp;levels=1&amp;options=noGroups)</onunload>
	
	<!-- Skin settings, background + colors -->
	<include>Onloads</include>

	<controls>
	
		<!-- Background -->
		<include>WindowBackgroundImageVerticalHome</include>
		
		<!-- Time -->
		<include content="Time">
			<param name="narrow">True</param>
			<param name="wide">False</param>
		</include>
		
		<!-- Main group -->
		<control type="group">
			<include>WindowFadeAnimation</include>

		
			<!-- Main group -->
			<control type="group">
				<include>SkinSettings_coords1</include>
				<control type="list" id="9000">
					<include>SkinSettings_coords2</include>
					<itemgap>0</itemgap>
					<onleft>noop</onleft>
					<onright>10000</onright>
					<onup>9000</onup>
					<ondown>9000</ondown>
					<orientation>vertical</orientation>
					<scrolltime tween="sine" easing="out">240</scrolltime>
					
					<include>SkinSettings_coords3</include>
					
					<include>SkinSettings_coords4</include>
					
					<content>
						<!-- General items -->
						<item id="1">
							<label>$LOCALIZE[16000]</label>
							<onclick>Control.SetFocus(100)</onclick>
						</item>
						<!-- Background -->
						<item id="2">
							<label>$LOCALIZE[33068]</label>
							<onclick>Control.SetFocus(200)</onclick>
						</item>
						<!-- Colors -->
						<item id="3">
							<label>$LOCALIZE[14078]</label>
							<onclick>Control.SetFocus(300)</onclick>
						</item>
						<!-- OSD -->
						<item id="4">
							<label>$LOCALIZE[478]</label>
							<onclick>Control.SetFocus(400)</onclick>
						</item>
						<!-- Weather -->
						<item id="5">
							<label>$LOCALIZE[8]</label>
							<onclick>Control.SetFocus(500)</onclick>
						</item>
						<!-- Advanced -->
						<item id="6">
							<label>$LOCALIZE[10038]</label>
							<onclick>Control.SetFocus(600)</onclick>
						</item>
						<!-- Add-ons -->
						<item id="7">
							<label>$LOCALIZE[24001]</label>
							<onclick>Control.SetFocus(700)</onclick>
						</item>
						<!-- Reset/Debug -->
						<item id="8">
							<label>$LOCALIZE[31107]</label>
							<onclick>Control.SetFocus(800)</onclick>
						</item>
					</content>
				</control>
			</control>
			
			<!-- Indicators -->
			<control type="group">
				<include>SkinSettings_coords5</include>
				<visible>Container(9000).HasFocus(1)</visible>
			</control>
			<control type="group">
				<include>SkinSettings_coords6</include>
				<visible>Container(9000).HasFocus(2)</visible>
			</control>
			<control type="group">
				<include>SkinSettings_coords7</include>
				<visible>Container(9000).HasFocus(3)</visible>
			</control>
				<control type="group">
				<include>SkinSettings_coords8</include>
				<visible>Container(9000).HasFocus(4)</visible>
			</control>
			<control type="group">
				<include>SkinSettings_coords9</include>
				<visible>Container(9000).HasFocus(5)</visible>
			</control>
			<control type="group">
				<include>SkinSettings_coords10</include>
				<visible>Container(9000).HasFocus(6)</visible>
			</control>
			<control type="group">
				<include>SkinSettings_coords11</include>
				<visible>Container(9000).HasFocus(7)</visible>
			</control>
			<control type="group">
				<include>SkinSettings_coords12</include>
				<visible>Container(9000).HasFocus(8)</visible>
			</control>
			<control type="group">
				<include>SkinSettings_coords13</include>
				<animation effect="fade" start="100" end="50" time="200" tween="cubic" easing="out" reversible="false" condition="ControlGroup(10000).HasFocus">Conditional</animation>
			</control>
			
			<!-- General items -->
			<control type="group" id="10000">
				<include>SkinSettings_coords14</include>
				<control type="grouplist" id="100">
					<include>SkinSettings_coords15</include>
					<itemgap>0</itemgap>
					<onleft>9000</onleft>
					<onright>noop</onright>
					<onup>100</onup>
					<ondown>100</ondown>
					<orientation>vertical</orientation>
					<usecontrolcoords>true</usecontrolcoords>
					<scrolltime tween="sine" easing="out">240</scrolltime>
					<visible>Container(9000).HasFocus(1)</visible>
					<!-- Edit menu -->
					<control type="button" id="101">
						<include>SkinSettings_coords16</include>
						<label>31049</label>
						<font>Font33</font>
						<onclick>RunScript(script.skinshortcuts,type=manage&amp;group=mainmenu)</onclick>
						<visible>System.HasAddon(script.skinshortcuts) + System.AddonIsEnabled(script.skinshortcuts)</visible>
						<focusedcolor>$VAR[TextColorFO]</focusedcolor>
						<textcolor>$VAR[TextColorNF]</textcolor>
					</control>
					<control type="button" id="102">
						<include>SkinSettings_coords16</include>
						<label>$LOCALIZE[31030]</label>
						<font>Font33</font>
						<onclick>InstallAddon(script.skinshortcuts)</onclick>
						<onclick condition="System.HasAddon(script.skinshortcuts) + !System.AddonIsEnabled(script.skinshortcuts)">EnableAddon(script.skinshortcuts)</onclick>
						<visible>!System.AddonIsEnabled(script.skinshortcuts)</visible>
						<focusedcolor>$VAR[TextColorFO]</focusedcolor>
						<textcolor>$VAR[TextColorNF]</textcolor>
					</control>
					<!-- Always show settings link -->
					<control type="radiobutton" id="103">
						<include>SkinSettings_coords16</include>
						<font>Font33</font>
						<label>$LOCALIZE[31096]</label>
						<onclick>Skin.ToggleSetting(AlwaysShowSettingsLink)</onclick>
						<selected>!Skin.HasSetting(AlwaysShowSettingsLink)</selected>
						<visible>System.HasAddon(script.skinshortcuts)</visible>
					</control>
					<!-- Show date above system time -->
					<control type="radiobutton" id="104">
						<include>SkinSettings_coords16</include>
						<font>Font33</font>
						<label>31101</label>
						<onclick>Skin.ToggleSetting(Dateaboveclock)</onclick>
						<selected>Skin.HasSetting(Dateaboveclock)</selected>
					</control>
					<!-- Toggle masking -->
					<control type="button" id="105">
						<include>SkinSettings_coords16</include>
						<font>Font33</font>
						<label>$LOCALIZE[31065]</label>
						<label2>$VAR[MaskingBars]</label2>
						<onclick condition="String.IsEqual(Skin.String(MaskingBars),2.40:1)">Skin.SetString(MaskingBars,2.35:1)</onclick>
						<onclick condition="String.IsEqual(Skin.String(MaskingBars),2.35:1)">Skin.SetString(MaskingBars,2.33:1)</onclick>
						<onclick condition="String.IsEqual(Skin.String(MaskingBars),2.33:1)">Skin.SetString(MaskingBars,2.00:1)</onclick>
						<onclick condition="String.IsEqual(Skin.String(MaskingBars),2.00:1)">Skin.SetString(MaskingBars,1.78:1)</onclick>
						<onclick condition="String.IsEqual(Skin.String(MaskingBars),1.78:1)">Skin.SetString(MaskingBars,2.40:1)</onclick>
						<focusedcolor>$VAR[TextColorFO]</focusedcolor>
						<textcolor>$VAR[TextColorNF]</textcolor>
						<visible>$EXP[Masking]</visible>
					</control>
					<!-- Automatic masking -->
					<control type="radiobutton" id="106">
						<include>SkinSettings_coords16</include>
						<font>Font33</font>
						<label>31401</label>
						<onclick>Skin.ToggleSetting(AutomaticMasking)</onclick>
						<selected>Skin.HasSetting(AutomaticMasking)</selected>
						<visible>$EXP[Masking]</visible>
					</control>
				</control>

				<!-- Background -->
				<control type="grouplist" id="200">
					<include>SkinSettings_coords15</include>
					<itemgap>0</itemgap>
					<onleft>9000</onleft>
					<onright>noop</onright>
					<onup>200</onup>
					<ondown>200</ondown>
					<orientation>vertical</orientation>
					<usecontrolcoords>true</usecontrolcoords>
					<scrolltime tween="sine" easing="out">240</scrolltime>
					<visible>Container(9000).HasFocus(2)</visible>
					<!-- Default background image -->
					<control type="radiobutton" id="201">
						<include>SkinSettings_coords16</include>
						<font>Font33</font>
						<label>$LOCALIZE[13278]</label>
						<onclick>Skin.SetString(BackgroundDefaultImage,yes)</onclick>
						<selected>String.IsEqual(Skin.String(BackgroundDefaultImage),yes)</selected>
					</control>
					<control type="button" id="202">
						<include>SkinSettings_coords16</include>
						<font>Font33</font>
						<label> - $LOCALIZE[33068]</label>
						<label2>$INFO[Skin.String(BackgroundImage)]</label2>
						<onclick condition="String.IsEqual(Skin.String(BackgroundImage),1)">Skin.SetString(BackgroundImage,2)</onclick>
						<onclick condition="String.IsEqual(Skin.String(BackgroundImage),2)">Skin.SetString(BackgroundImage,3)</onclick>
						<onclick condition="String.IsEqual(Skin.String(BackgroundImage),3)">Skin.SetString(BackgroundImage,4)</onclick>
						<onclick condition="String.IsEqual(Skin.String(BackgroundImage),4)">Skin.SetString(BackgroundImage,1)</onclick>
						<focusedcolor>$VAR[TextColorFO]</focusedcolor>
						<textcolor>$VAR[TextColorNF]</textcolor>
						<visible>String.IsEqual(Skin.String(BackgroundDefaultImage),yes)</visible>
					</control>
					<!-- Custom background image -->
					<control type="radiobutton" id="203">
						<include>SkinSettings_coords16</include>
						<font>Font33</font>
						<label>$LOCALIZE[636]</label>
						<onclick>Skin.SetString(BackgroundDefaultImage,no)</onclick>
						<selected>String.IsEqual(Skin.String(BackgroundDefaultImage),no)</selected>
					</control>
					<!-- Single custom background image -->
					<control type="radiobutton" id="204">
						<include>SkinSettings_coords16</include>
						<font>Font33</font>
						<label> - $LOCALIZE[31135]</label>
						<onclick>Skin.SetString(BackgroundSingleImage,yes)</onclick>
						<visible>String.IsEqual(Skin.String(BackgroundDefaultImage),no)</visible>
						<selected>String.IsEqual(Skin.String(BackgroundSingleImage),yes)</selected>
					</control>
					<control type="button" id="205">
						<include>SkinSettings_coords16</include>
						<font>Font33</font>
						<label>    - $LOCALIZE[1024]</label>
						<label2>$INFO[Skin.String(CustomBackground)]</label2>
						<onclick>Skin.SetImage(CustomBackground)</onclick>
						<visible>String.IsEqual(Skin.String(BackgroundDefaultImage),no) + String.IsEqual(Skin.String(BackgroundSingleImage),yes)</visible>
						<focusedcolor>$VAR[TextColorFO]</focusedcolor>
						<textcolor>$VAR[TextColorNF]</textcolor>
					</control>
					<control type="button" id="206">
						<include>SkinSettings_coords16</include>
						<font>Font33</font>
						<label>    - $LOCALIZE[31139]</label>
						<onclick>Skin.Reset(CustomBackground)</onclick>
						<onclick>Control.SetFocus(205)</onclick>
						<visible>String.IsEqual(Skin.String(BackgroundDefaultImage),no) + String.IsEqual(Skin.String(BackgroundSingleImage),yes) + !String.IsEmpty(Skin.String(CustomBackground))</visible>
					</control>
					<!-- Multiple custom background images -->
					<control type="radiobutton" id="207">
						<include>SkinSettings_coords16</include>
						<font>Font33</font>
						<label> - $LOCALIZE[31136]</label>
						<onclick>Skin.SetString(BackgroundSingleImage,no)</onclick>
						<visible>String.IsEqual(Skin.String(BackgroundDefaultImage),no)</visible>
						<selected>String.IsEqual(Skin.String(BackgroundSingleImage),no)</selected>
					</control>
					<control type="button" id="208">
						<include>SkinSettings_coords16</include>
						<font>Font33</font>
						<label>    - $LOCALIZE[1024]</label>
						<label2>$INFO[Skin.String(CustomBackgroundFolder)]</label2>
						<onclick>Skin.SetPath(CustomBackgroundFolder)</onclick>
						<visible>String.IsEqual(Skin.String(BackgroundDefaultImage),no) + String.IsEqual(Skin.String(BackgroundSingleImage),no)</visible>
						<focusedcolor>$VAR[TextColorFO]</focusedcolor>
						<textcolor>$VAR[TextColorNF]</textcolor>
					</control>
					<control type="button" id="209">
						<include>SkinSettings_coords16</include>
						<font>Font33</font>
						<label>    - $LOCALIZE[31139]</label>
						<onclick>Skin.Reset(CustomBackgroundFolder)</onclick>
						<onclick>Control.SetFocus(208)</onclick>
						<visible>String.IsEqual(Skin.String(BackgroundDefaultImage),no) + String.IsEqual(Skin.String(BackgroundSingleImage),no) + !String.IsEmpty(Skin.String(CustomBackgroundFolder))</visible>
					</control>
					<control type="button" id="210">
						<include>SkinSettings_coords16</include>
						<font>Font33</font>
						<label>    - $LOCALIZE[31137]</label>
						<label2>$INFO[Skin.String(CustomBackgroundFolderDuration)]</label2>
						<onclick condition="String.IsEqual(Skin.String(CustomBackgroundFolderDuration),1 min)">Skin.SetString(CustomBackgroundFolderDuration,5s)</onclick>
						<onclick condition="String.IsEqual(Skin.String(CustomBackgroundFolderDuration),5s)">Skin.SetString(CustomBackgroundFolderDuration,6s)</onclick>
						<onclick condition="String.IsEqual(Skin.String(CustomBackgroundFolderDuration),6s)">Skin.SetString(CustomBackgroundFolderDuration,8s)</onclick>
						<onclick condition="String.IsEqual(Skin.String(CustomBackgroundFolderDuration),8s)">Skin.SetString(CustomBackgroundFolderDuration,10s)</onclick>
						<onclick condition="String.IsEqual(Skin.String(CustomBackgroundFolderDuration),10s)">Skin.SetString(CustomBackgroundFolderDuration,15s)</onclick>
						<onclick condition="String.IsEqual(Skin.String(CustomBackgroundFolderDuration),15s)">Skin.SetString(CustomBackgroundFolderDuration,20s)</onclick>
						<onclick condition="String.IsEqual(Skin.String(CustomBackgroundFolderDuration),20s)">Skin.SetString(CustomBackgroundFolderDuration,30s)</onclick>
						<onclick condition="String.IsEqual(Skin.String(CustomBackgroundFolderDuration),30s)">Skin.SetString(CustomBackgroundFolderDuration,1 min)</onclick>
						<visible>String.IsEqual(Skin.String(BackgroundDefaultImage),no) + String.IsEqual(Skin.String(BackgroundSingleImage),no)</visible>
						<focusedcolor>$VAR[TextColorFO]</focusedcolor>
						<textcolor>$VAR[TextColorNF]</textcolor>
					</control>
					<!-- Color -->
					<control type="radiobutton" id="211">
						<include>SkinSettings_coords16</include>
						<font>Font33</font>
						<label> - $LOCALIZE[737]</label>
						<onclick>Skin.SetString(BackgroundSingleImage,solid)</onclick>
						<visible>String.IsEqual(Skin.String(BackgroundDefaultImage),no)</visible>
						<selected>String.IsEqual(Skin.String(BackgroundSingleImage),solid)</selected>
					</control>
					<control type="button" id="212">
						<include>SkinSettings_coords16</include>
						<font>Font33</font>
						<label>    - $LOCALIZE[21435]</label>
						<label2>$VAR[SolidBackgroundColor-Name]</label2>
						<onclick condition="!System.HasAddon(script.skin.helper.colorpicker)">InstallAddon(script.skin.helper.colorpicker)</onclick>
						<onclick condition="System.HasAddon(script.skin.helper.colorpicker) + !System.AddonIsEnabled(script.skin.helper.colorpicker)">EnableAddon(script.skin.helper.colorpicker)</onclick>
						<onclick condition="System.HasAddon(script.skin.helper.colorpicker) + System.AddonIsEnabled(script.skin.helper.colorpicker)">RunScript(script.skin.helper.colorpicker,skinstring=color.backgroundsolid)</onclick>
						<visible>String.IsEqual(Skin.String(BackgroundDefaultImage),no) + String.IsEqual(Skin.String(BackgroundSingleImage),solid)</visible>
						<focusedcolor>$VAR[TextColorFO]</focusedcolor>
						<textcolor>$VAR[TextColorNF]</textcolor>
					</control>
					<!-- Display fanart -->
					<control type="radiobutton" id="213">
						<include>SkinSettings_coords16</include>
						<font>Font33</font>
						<label>$LOCALIZE[31099]</label>
						<onclick>Skin.ToggleSetting(HideFanart)</onclick>
						<selected>!Skin.HasSetting(HideFanart)</selected>
					</control>
					<!-- Background video -->
					<control type="radiobutton" id="214">
						<include>SkinSettings_coords16</include>
						<font>Font33</font>
						<label>31027</label>
						<onclick>Skin.ToggleSetting(BackgroundVideo)</onclick>
						<selected>Skin.HasSetting(BackgroundVideo)</selected>
					</control>
					<!-- Background visualisation -->
					<control type="radiobutton" id="215">
						<include>SkinSettings_coords16</include>
						<font>Font33</font>
						<label>31028</label>
						<onclick>Skin.ToggleSetting(BackgroundVisualisation)</onclick>
						<selected>Skin.HasSetting(BackgroundVisualisation)</selected>
					</control>
					<!-- Enable artist slideshow -->
					<control type="radiobutton" id="216">
						<include>SkinSettings_coords16</include>
						<font>Font33</font>
						<label>31034</label>
						<onclick>Skin.ToggleSetting(EnableArtistFanart)</onclick>
						<selected>Skin.HasSetting(EnableArtistFanart)</selected>
					</control>
				</control>
				
				<!-- Colors -->
				<control type="grouplist" id="300">
					<include>SkinSettings_coords15</include>
					<itemgap>0</itemgap>
					<onleft>9000</onleft>
					<onright>noop</onright>
					<onup>300</onup>
					<ondown>300</ondown>
					<orientation>vertical</orientation>
					<usecontrolcoords>true</usecontrolcoords>
					<scrolltime tween="sine" easing="out">240</scrolltime>
					<visible>Container(9000).HasFocus(3)</visible>
					<!-- Default colors -->
					<control type="radiobutton" id="301">
						<include>SkinSettings_coords16</include>
						<font>Font33</font>
						<label>$LOCALIZE[13278]</label>
						<onclick>Skin.SetString(DefaultColors,yes)</onclick>
						<selected>String.IsEqual(Skin.String(DefaultColors),yes)</selected>
					</control>
					<!-- Default color sets -->
					<control type="button" id="302">
						<include>SkinSettings_coords16</include>
						<font>Font33</font>
						<label> - $LOCALIZE[31108]</label>
						<label2>$VAR[DefaultColorSet]</label2>
						<onclick>Skin.SelectBool(31108, 31070|DefaultColorSetOSMCLightblue, 31061|DefaultColorSetOSMCBlue, 31152|DefaultColorSetOSMCBlack, 31153|DefaultColorSetOSMCRosered, 31154|DefaultColorSetOSMCSunsetYellow, 31168|DefaultColorSetOSMCLimegreen, 31235|DefaultColorSetDarkBlue, 31319|DefaultColorSetOrange, 31413|DefaultColorSetRed, 31414|DefaultColorSetPurple)</onclick>
						<focusedcolor>$VAR[TextColorFO]</focusedcolor>
						<textcolor>$VAR[TextColorNF]</textcolor>
					</control>
					<!-- Background opacity -->
					<control type="button" id="303">
						<include>SkinSettings_coords16</include>
						<font>Font33</font>
						<label> - $LOCALIZE[31109]</label>
						<label2>$VAR[DefaultBackgroundOpacity]</label2>
						<onclick condition="String.IsEqual(Skin.String(DefaultBackgroundOpacity),High)">Skin.SetString(DefaultBackgroundOpacity,Medium)</onclick>
						<onclick condition="String.IsEqual(Skin.String(DefaultBackgroundOpacity),Medium)">Skin.SetString(DefaultBackgroundOpacity,Low)</onclick>
						<onclick condition="String.IsEqual(Skin.String(DefaultBackgroundOpacity),Low)">Skin.SetString(DefaultBackgroundOpacity,Highest)</onclick>
						<onclick condition="String.IsEqual(Skin.String(DefaultBackgroundOpacity),Highest)">Skin.SetString(DefaultBackgroundOpacity,High)</onclick>
						<focusedcolor>$VAR[TextColorFO]</focusedcolor>
						<textcolor>$VAR[TextColorNF]</textcolor>
						<visible>String.IsEqual(Skin.String(DefaultColors),yes) | [String.IsEqual(Skin.String(DefaultColors),no) + String.IsEqual(Skin.String(color.background),None)]</visible>
					</control>
					<!-- Menu/OSD opacity -->
					<control type="button" id="304">
						<include>SkinSettings_coords16</include>
						<font>Font33</font>
						<label> - $LOCALIZE[31110]</label>
						<label2>$VAR[DefaultMenuOSDOpacity]</label2>
						<onclick condition="String.IsEqual(Skin.String(DefaultMenuOSDOpacity),High)">Skin.SetString(DefaultMenuOSDOpacity,Medium)</onclick>
						<onclick condition="String.IsEqual(Skin.String(DefaultMenuOSDOpacity),Medium)">Skin.SetString(DefaultMenuOSDOpacity,Low)</onclick>
						<onclick condition="String.IsEqual(Skin.String(DefaultMenuOSDOpacity),Low)">Skin.SetString(DefaultMenuOSDOpacity,Highest)</onclick>
						<onclick condition="String.IsEqual(Skin.String(DefaultMenuOSDOpacity),Highest)">Skin.SetString(DefaultMenuOSDOpacity,High)</onclick>
						<focusedcolor>$VAR[TextColorFO]</focusedcolor>
						<textcolor>$VAR[TextColorNF]</textcolor>
						<visible>String.IsEqual(Skin.String(DefaultColors),yes) | [String.IsEqual(Skin.String(DefaultColors),no) + String.IsEqual(Skin.String(color.menuosd),None)]</visible>
					</control>
					<!-- Custom colors -->
					<control type="radiobutton" id="305">
						<include>SkinSettings_coords16</include>
						<font>Font33</font>
						<label>$LOCALIZE[636]</label>
						<onclick>Skin.SetString(DefaultColors,no)</onclick>
						<selected>String.IsEqual(Skin.String(DefaultColors),no)</selected>
					</control>
					<!-- Custom background color -->
					<control type="image" id="306">
						<include>SkinSettings_coords18</include>
						<texture colordiffuse="$VAR[BackgroundColor]">common/white.png</texture>
						<visible>String.IsEqual(Skin.String(DefaultColors),no)</visible>
					</control>
					<control type="button" id="307">
						<include>SkinSettings_coords19</include>
						<font>Font33</font>
						<label>$LOCALIZE[31162]</label>
						<label2>$VAR[BackgroundColor-Name]</label2>
						<onclick condition="!System.HasAddon(script.skin.helper.colorpicker)">InstallAddon(script.skin.helper.colorpicker)</onclick>
						<onclick condition="System.HasAddon(script.skin.helper.colorpicker) + !System.AddonIsEnabled(script.skin.helper.colorpicker)">EnableAddon(script.skin.helper.colorpicker)</onclick>
						<onclick condition="System.HasAddon(script.skin.helper.colorpicker) + System.AddonIsEnabled(script.skin.helper.colorpicker)">RunScript(script.skin.helper.colorpicker,skinstring=color.background,header=$LOCALIZE[31162],palette=rainbow)</onclick>
						<visible>String.IsEqual(Skin.String(DefaultColors),no)</visible>
						<focusedcolor>$VAR[TextColorFO]</focusedcolor>
						<textcolor>$VAR[TextColorNF]</textcolor>
					</control>
					<!-- Custom menu/OSD color -->
					<control type="image" id="308">
						<include>SkinSettings_coords18</include>
						<texture colordiffuse="$VAR[MenuOSDColor]">common/white.png</texture>
						<visible>String.IsEqual(Skin.String(DefaultColors),no)</visible>
					</control>
					<control type="button" id="309">
						<include>SkinSettings_coords19</include>
						<font>Font33</font>
						<label>$LOCALIZE[31062]</label>
						<label2>$VAR[MenuOSDColor-Name]</label2>
						<onclick condition="!System.HasAddon(script.skin.helper.colorpicker)">InstallAddon(script.skin.helper.colorpicker)</onclick>
						<onclick condition="System.HasAddon(script.skin.helper.colorpicker) + !System.AddonIsEnabled(script.skin.helper.colorpicker)">EnableAddon(script.skin.helper.colorpicker)</onclick>
						<onclick condition="System.HasAddon(script.skin.helper.colorpicker) + System.AddonIsEnabled(script.skin.helper.colorpicker)">RunScript(script.skin.helper.colorpicker,skinstring=color.menuosd,header=$LOCALIZE[31062],palette=rainbow)</onclick>
						<visible>String.IsEqual(Skin.String(DefaultColors),no)</visible>
						<focusedcolor>$VAR[TextColorFO]</focusedcolor>
						<textcolor>$VAR[TextColorNF]</textcolor>
					</control>
					<!-- Custom focus text color -->
					<control type="image" id="310">
						<include>SkinSettings_coords18</include>
						<texture colordiffuse="$VAR[TextColorFO]">common/white.png</texture>
						<visible>String.IsEqual(Skin.String(DefaultColors),no)</visible>
					</control>
					<control type="button" id="311">
						<include>SkinSettings_coords19</include>
						<font>Font33</font>
						<label>$LOCALIZE[31163]</label>
						<label2>$VAR[TextColorFO-Name]</label2>
						<onclick condition="!System.HasAddon(script.skin.helper.colorpicker)">InstallAddon(script.skin.helper.colorpicker)</onclick>
						<onclick condition="System.HasAddon(script.skin.helper.colorpicker) + !System.AddonIsEnabled(script.skin.helper.colorpicker)">EnableAddon(script.skin.helper.colorpicker)</onclick>
						<onclick condition="System.HasAddon(script.skin.helper.colorpicker) + System.AddonIsEnabled(script.skin.helper.colorpicker)">RunScript(script.skin.helper.colorpicker,skinstring=color.textfo,header=$LOCALIZE[31163],palette=rainbow)</onclick>
						<visible>String.IsEqual(Skin.String(DefaultColors),no)</visible>
						<focusedcolor>$VAR[TextColorFO]</focusedcolor>
						<textcolor>$VAR[TextColorNF]</textcolor>
					</control>
					<!-- Custom non-focus text color -->
					<control type="image" id="312">
						<include>SkinSettings_coords18</include>
						<texture colordiffuse="$VAR[TextColorNF]">common/white.png</texture>
						<visible>String.IsEqual(Skin.String(DefaultColors),no)</visible>
					</control>
					<control type="button" id="313">
						<include>SkinSettings_coords19</include>
						<font>Font33</font>
						<label>$LOCALIZE[31164]</label>
						<label2>$VAR[TextColorNF-Name]</label2>
						<onclick condition="!System.HasAddon(script.skin.helper.colorpicker)">InstallAddon(script.skin.helper.colorpicker)</onclick>
						<onclick condition="System.HasAddon(script.skin.helper.colorpicker) + !System.AddonIsEnabled(script.skin.helper.colorpicker)">EnableAddon(script.skin.helper.colorpicker)</onclick>
						<onclick condition="System.HasAddon(script.skin.helper.colorpicker) + System.AddonIsEnabled(script.skin.helper.colorpicker)">RunScript(script.skin.helper.colorpicker,skinstring=color.textnf,header=$LOCALIZE[31164],palette=rainbow)</onclick>
						<visible>String.IsEqual(Skin.String(DefaultColors),no)</visible>
						<focusedcolor>$VAR[TextColorFO]</focusedcolor>
						<textcolor>$VAR[TextColorNF]</textcolor>
					</control>
					<!-- Custom selected text color -->
					<control type="image" id="314">
						<include>SkinSettings_coords18</include>
						<texture colordiffuse="$VAR[SelectedColor]">common/white.png</texture>
						<visible>String.IsEqual(Skin.String(DefaultColors),no)</visible>
					</control>
					<control type="button" id="315">
						<include>SkinSettings_coords19</include>
						<font>Font33</font>
						<label>$LOCALIZE[31165]</label>
						<label2>$VAR[SelectedColor-Name]</label2>
						<onclick condition="!System.HasAddon(script.skin.helper.colorpicker)">InstallAddon(script.skin.helper.colorpicker)</onclick>
						<onclick condition="System.HasAddon(script.skin.helper.colorpicker) + !System.AddonIsEnabled(script.skin.helper.colorpicker)">EnableAddon(script.skin.helper.colorpicker)</onclick>
						<onclick condition="System.HasAddon(script.skin.helper.colorpicker) + System.AddonIsEnabled(script.skin.helper.colorpicker)">RunScript(script.skin.helper.colorpicker,skinstring=color.selected,header=$LOCALIZE[31165],palette=rainbow)</onclick>
						<visible>String.IsEqual(Skin.String(DefaultColors),no)</visible>
						<focusedcolor>$VAR[TextColorFO]</focusedcolor>
						<textcolor>$VAR[TextColorNF]</textcolor>
					</control>
					<!-- Custom disabled text color -->
					<control type="image" id="316">
						<include>SkinSettings_coords18</include>
						<texture colordiffuse="$VAR[DisabledColor]">common/white.png</texture>
						<visible>String.IsEqual(Skin.String(DefaultColors),no)</visible>
					</control>
					<control type="button" id="317">
						<include>SkinSettings_coords19</include>
						<font>Font33</font>
						<label>$LOCALIZE[31166]</label>
						<label2>$VAR[DisabledColor-Name]</label2>
						<onclick condition="!System.HasAddon(script.skin.helper.colorpicker)">InstallAddon(script.skin.helper.colorpicker)</onclick>
						<onclick condition="System.HasAddon(script.skin.helper.colorpicker) + !System.AddonIsEnabled(script.skin.helper.colorpicker)">EnableAddon(script.skin.helper.colorpicker)</onclick>
						<onclick condition="System.HasAddon(script.skin.helper.colorpicker) + System.AddonIsEnabled(script.skin.helper.colorpicker)">RunScript(script.skin.helper.colorpicker,skinstring=color.disabled,header=$LOCALIZE[31166],palette=rainbow)</onclick>
						<visible>String.IsEqual(Skin.String(DefaultColors),no)</visible>
						<focusedcolor>$VAR[TextColorFO]</focusedcolor>
						<textcolor>$VAR[TextColorNF]</textcolor>
					</control>
					<!-- Custom focus control color -->
					<control type="image" id="318">
						<include>SkinSettings_coords18</include>
						<texture colordiffuse="$VAR[OverlayColorFO]">common/white.png</texture>
						<visible>String.IsEqual(Skin.String(DefaultColors),no)</visible>
					</control>
					<control type="button" id="319">
						<include>SkinSettings_coords19</include>
						<font>Font33</font>
						<label>$LOCALIZE[31023]</label>
						<label2>$VAR[OverlayColorFO-Name]</label2>
						<onclick condition="!System.HasAddon(script.skin.helper.colorpicker)">InstallAddon(script.skin.helper.colorpicker)</onclick>
						<onclick condition="System.HasAddon(script.skin.helper.colorpicker) + !System.AddonIsEnabled(script.skin.helper.colorpicker)">EnableAddon(script.skin.helper.colorpicker)</onclick>
						<onclick condition="System.HasAddon(script.skin.helper.colorpicker) + System.AddonIsEnabled(script.skin.helper.colorpicker)">RunScript(script.skin.helper.colorpicker,skinstring=color.overlayfo,header=$LOCALIZE[31023],palette=rainbow)</onclick>
						<visible>String.IsEqual(Skin.String(DefaultColors),no)</visible>
						<focusedcolor>$VAR[TextColorFO]</focusedcolor>
						<textcolor>$VAR[TextColorNF]</textcolor>
					</control>
					<!-- Custom non-focus control color -->
					<control type="image" id="320">
						<include>SkinSettings_coords18</include>
						<texture colordiffuse="$VAR[OverlayColorNF]">common/white.png</texture>
						<visible>String.IsEqual(Skin.String(DefaultColors),no)</visible>
					</control>
					<control type="button" id="321">
						<include>SkinSettings_coords19</include>
						<font>Font33</font>
						<label>$LOCALIZE[31024]</label>
						<label2>$VAR[OverlayColorNF-Name]</label2>
						<onclick condition="!System.HasAddon(script.skin.helper.colorpicker)">InstallAddon(script.skin.helper.colorpicker)</onclick>
						<onclick condition="System.HasAddon(script.skin.helper.colorpicker) + !System.AddonIsEnabled(script.skin.helper.colorpicker)">EnableAddon(script.skin.helper.colorpicker)</onclick>
						<onclick condition="System.HasAddon(script.skin.helper.colorpicker) + System.AddonIsEnabled(script.skin.helper.colorpicker)">RunScript(script.skin.helper.colorpicker,skinstring=color.overlaynf,header=$LOCALIZE[31024],palette=rainbow)</onclick>
						<visible>String.IsEqual(Skin.String(DefaultColors),no)</visible>
						<focusedcolor>$VAR[TextColorFO]</focusedcolor>
						<textcolor>$VAR[TextColorNF]</textcolor>
					</control>
					<!-- Custom OSD cache bar color -->
					<control type="image" id="322">
						<include>SkinSettings_coords18</include>
						<texture colordiffuse="$VAR[OSDCacheColor]">common/white.png</texture>
						<visible>String.IsEqual(Skin.String(DefaultColors),no)</visible>
					</control>
					<control type="button" id="323">
						<include>SkinSettings_coords19</include>
						<font>Font33</font>
						<label>$LOCALIZE[31025]</label>
						<label2>$VAR[OSDCacheColor-Name]</label2>
						<onclick condition="!System.HasAddon(script.skin.helper.colorpicker)">InstallAddon(script.skin.helper.colorpicker)</onclick>
						<onclick condition="System.HasAddon(script.skin.helper.colorpicker) + !System.AddonIsEnabled(script.skin.helper.colorpicker)">EnableAddon(script.skin.helper.colorpicker)</onclick>
						<onclick condition="System.HasAddon(script.skin.helper.colorpicker) + System.AddonIsEnabled(script.skin.helper.colorpicker)">RunScript(script.skin.helper.colorpicker,skinstring=color.osdcache,header=$LOCALIZE[31025],palette=rainbow)</onclick>
						<visible>String.IsEqual(Skin.String(DefaultColors),no)</visible>
						<focusedcolor>$VAR[TextColorFO]</focusedcolor>
						<textcolor>$VAR[TextColorNF]</textcolor>
					</control>
					<!-- Custom masking color -->
					<control type="image" id="324">
						<include>SkinSettings_coords18</include>
						<texture colordiffuse="$VAR[MaskingColor]">common/white.png</texture>
						<visible>String.IsEqual(Skin.String(DefaultColors),no) + $EXP[Masking]</visible>
					</control>
					<control type="button" id="325">
						<include>SkinSettings_coords19</include>
						<font>Font33</font>
						<label>$LOCALIZE[31150]</label>
						<label2>$VAR[MaskingColor-Name]</label2>
						<onclick condition="!System.HasAddon(script.skin.helper.colorpicker)">InstallAddon(script.skin.helper.colorpicker)</onclick>
						<onclick condition="System.HasAddon(script.skin.helper.colorpicker) + !System.AddonIsEnabled(script.skin.helper.colorpicker)">EnableAddon(script.skin.helper.colorpicker)</onclick>
						<onclick condition="System.HasAddon(script.skin.helper.colorpicker) + System.AddonIsEnabled(script.skin.helper.colorpicker)">RunScript(script.skin.helper.colorpicker,skinstring=color.masking,header=$LOCALIZE[31150],palette=rainbow)</onclick>
						<visible>String.IsEqual(Skin.String(DefaultColors),no) + $EXP[Masking]</visible>
						<focusedcolor>$VAR[TextColorFO]</focusedcolor>
						<textcolor>$VAR[TextColorNF]</textcolor>
					</control>
					<!-- Background overlay style -->
					<control type="radiobutton" id="326">
						<include>SkinSettings_coords16</include>
						<font>Font33</font>
						<label>$LOCALIZE[31436]</label>
						<onclick>Skin.ToggleSetting(BackgroundOverlayStyle)</onclick>
						<selected>Skin.HasSetting(BackgroundOverlayStyle)</selected>
					</control>
				</control>
				
				<!-- OSD -->
				<control type="grouplist" id="400">
					<include>SkinSettings_coords15</include>
					<itemgap>0</itemgap>
					<onleft>9000</onleft>
					<onright>noop</onright>
					<onup>400</onup>
					<ondown>400</ondown>
					<orientation>vertical</orientation>
					<usecontrolcoords>true</usecontrolcoords>
					<scrolltime tween="sine" easing="out">240</scrolltime>
					<visible>Container(9000).HasFocus(4)</visible>
					<!-- Video OSD -->
					<control type="label" id="401">
						<include>SkinSettings_coords17</include>
						<font>Font33</font>
						<align>center</align>
						<label>$LOCALIZE[31144]</label>
						<textcolor>$VAR[TextColorNF]</textcolor>
					</control>
					<!-- OSD info video start -->
					<control type="radiobutton" id="402">
						<include>SkinSettings_coords16</include>
						<font>Font33</font>
						<label>31123</label>
						<onclick>Skin.ToggleSetting(videoinfostart)</onclick>
						<selected>Skin.HasSetting(videoinfostart)</selected>
					</control>
					<!-- Movies -->
					<control type="radiobutton" id="403">
						<include>SkinSettings_coords16</include>
						<font>Font33</font>
						<label> - $LOCALIZE[31124]</label>
						<onclick>Skin.ToggleSetting(videoinfostartmovies)</onclick>
						<selected>Skin.HasSetting(videoinfostartmovies)</selected>
						<visible>Skin.HasSetting(videoinfostart)</visible>
					</control>
					<!-- TV shows -->
					<control type="radiobutton" id="404">
						<include>SkinSettings_coords16</include>
						<font>Font33</font>
						<label> - $LOCALIZE[31125]</label>
						<onclick>Skin.ToggleSetting(videoinfostarttvshow)</onclick>
						<selected>Skin.HasSetting(videoinfostarttvshow)</selected>
						<visible>Skin.HasSetting(videoinfostart)</visible>
					</control>
					<!-- Live TV -->
					<control type="radiobutton" id="405">
						<include>SkinSettings_coords16</include>
						<font>Font33</font>
						<label> - $LOCALIZE[31126]</label>
						<onclick>Skin.ToggleSetting(videoinfostartlivetv)</onclick>
						<selected>Skin.HasSetting(videoinfostartlivetv)</selected>
						<visible>Skin.HasSetting(videoinfostart)</visible>
					</control>
					<!-- Music videos -->
					<control type="radiobutton" id="406">
						<include>SkinSettings_coords16</include>
						<font>Font33</font>
						<label> - $LOCALIZE[31127]</label>
						<onclick>Skin.ToggleSetting(videoinfostartmusicvideo)</onclick>
						<selected>Skin.HasSetting(videoinfostartmusicvideo)</selected>
						<visible>Skin.HasSetting(videoinfostart)</visible>
					</control>
					<!-- Other videos -->
					<control type="radiobutton" id="407">
						<include>SkinSettings_coords16</include>
						<font>Font33</font>
						<label> - $LOCALIZE[31128]</label>
						<onclick>Skin.ToggleSetting(videoinfostartfiles)</onclick>
						<selected>Skin.HasSetting(videoinfostartfiles)</selected>
						<visible>Skin.HasSetting(videoinfostart)</visible>
					</control>
					<!-- OSD info video start duration -->
					<control type="button" id="408">
						<include>SkinSettings_coords16</include>
						<font>Font33</font>
						<label> - $LOCALIZE[31129]</label>
						<label2>$INFO[Skin.String(videoinfostartduration)]</label2>
						<onclick condition="String.IsEqual(Skin.String(videoinfostartduration),10s)">Skin.SetString(videoinfostartduration,15s)</onclick>
						<onclick condition="String.IsEqual(Skin.String(videoinfostartduration),15s)">Skin.SetString(videoinfostartduration,20s)</onclick>
						<onclick condition="String.IsEqual(Skin.String(videoinfostartduration),20s)">Skin.SetString(videoinfostartduration,5s)</onclick>
						<onclick condition="String.IsEqual(Skin.String(videoinfostartduration),5s)">Skin.SetString(videoinfostartduration,10s)</onclick>
						<focusedcolor>$VAR[TextColorFO]</focusedcolor>
						<textcolor>$VAR[TextColorNF]</textcolor>
						<visible>Skin.HasSetting(videoinfostart)</visible>
					</control>
					<!-- OSD info video end -->
					<control type="radiobutton" id="409">
						<include>SkinSettings_coords16</include>
						<font>Font33</font>
						<label>31131</label>
						<onclick>Skin.ToggleSetting(videoinfoend)</onclick>
						<selected>Skin.HasSetting(videoinfoend)</selected>
					</control>
					<!-- Movies -->
					<control type="radiobutton" id="410">
						<include>SkinSettings_coords16</include>
						<font>Font33</font>
						<label> - $LOCALIZE[31124]</label>
						<onclick>Skin.ToggleSetting(videoinfoendmovie)</onclick>
						<selected>Skin.HasSetting(videoinfoendmovie)</selected>
						<visible>Skin.HasSetting(videoinfoend)</visible>
					</control>
					<!-- TV shows -->
					<control type="radiobutton" id="411">
						<include>SkinSettings_coords16</include>
						<font>Font33</font>
						<label> - $LOCALIZE[31125]</label>
						<onclick>Skin.ToggleSetting(videoinfoendtvshow)</onclick>
						<selected>Skin.HasSetting(videoinfoendtvshow)</selected>
						<visible>Skin.HasSetting(videoinfoend)</visible>
					</control>
					<!-- Music videos -->
					<control type="radiobutton" id="412">
						<include>SkinSettings_coords16</include>
						<font>Font33</font>
						<label> - $LOCALIZE[31127]</label>
						<onclick>Skin.ToggleSetting(videoinfoendmusicvideo)</onclick>
						<selected>Skin.HasSetting(videoinfoendmusicvideo)</selected>
						<visible>Skin.HasSetting(videoinfoend)</visible>
					</control>
					<!-- Other videos -->
					<control type="radiobutton" id="413">
						<include>SkinSettings_coords16</include>
						<font>Font33</font>
						<label> - $LOCALIZE[31128]</label>
						<onclick>Skin.ToggleSetting(videoinfoendfiles)</onclick>
						<selected>Skin.HasSetting(videoinfoendfiles)</selected>
						<visible>Skin.HasSetting(videoinfoend)</visible>
					</control>
					<!-- OSD info video start duration -->
					<control type="button" id="414">
						<include>SkinSettings_coords16</include>
						<font>Font33</font>
						<label> - $LOCALIZE[31132]</label>
						<label2>$INFO[Skin.String(videoinfoendduration)]</label2>
						<onclick condition="String.IsEqual(Skin.String(videoinfoendduration),10s)">Skin.SetString(videoinfoendduration,15s)</onclick>
						<onclick condition="String.IsEqual(Skin.String(videoinfoendduration),15s)">Skin.SetString(videoinfoendduration,20s)</onclick>
						<onclick condition="String.IsEqual(Skin.String(videoinfoendduration),20s)">Skin.SetString(videoinfoendduration,5s)</onclick>
						<onclick condition="String.IsEqual(Skin.String(videoinfoendduration),5s)">Skin.SetString(videoinfoendduration,10s)</onclick>
						<focusedcolor>$VAR[TextColorFO]</focusedcolor>
						<textcolor>$VAR[TextColorNF]</textcolor>
						<visible>Skin.HasSetting(videoinfoend)</visible>
					</control>
					<!-- Adjust OSD on-time during video pause -->
					<control type="button" id="415">
						<include>SkinSettings_coords16</include>
						<font>Font33</font>
						<label>$LOCALIZE[31102]</label>
						<label2>$VAR[HideOSD]</label2>
						<onclick condition="String.IsEqual(Skin.String(HideOSD),Always)">Skin.SetString(HideOSD,5s)</onclick>
						<onclick condition="String.IsEqual(Skin.String(HideOSD),5s)">Skin.SetString(HideOSD,10s)</onclick>
						<onclick condition="String.IsEqual(Skin.String(HideOSD),10s)">Skin.SetString(HideOSD,20s)</onclick>
						<onclick condition="String.IsEqual(Skin.String(HideOSD),20s)">Skin.SetString(HideOSD,30s)</onclick>
						<onclick condition="String.IsEqual(Skin.String(HideOSD),30s)">Skin.SetString(HideOSD,1 min)</onclick>
						<onclick condition="String.IsEqual(Skin.String(HideOSD),1 min)">Skin.SetString(HideOSD,2 min)</onclick>
						<onclick condition="String.IsEqual(Skin.String(HideOSD),2 min)">Skin.SetString(HideOSD,3 min)</onclick>
						<onclick condition="String.IsEqual(Skin.String(HideOSD),3 min)">Skin.SetString(HideOSD,5 min)</onclick>
						<onclick condition="String.IsEqual(Skin.String(HideOSD),5 min)">Skin.SetString(HideOSD,Disabled)</onclick>
						<onclick condition="String.IsEqual(Skin.String(HideOSD),Disabled)">Skin.SetString(HideOSD,Always)</onclick>
						<focusedcolor>$VAR[TextColorFO]</focusedcolor>
						<textcolor>$VAR[TextColorNF]</textcolor>
					</control>
					<!-- Divider -->
					<control type="image" id="416">
						<include>SkinSettings_coords17</include>
						<texture border="2" colordiffuse="$VAR[OverlayColorNF]">common/Divider.png</texture>
					</control>
					<!-- Music OSD -->
					<control type="label" id="417">
						<include>SkinSettings_coords17</include>
						<font>Font33</font>
						<align>center</align>
						<label>$LOCALIZE[31145]</label>
						<textcolor>$VAR[TextColorNF]</textcolor>
					</control>
					<!-- Automatically show music OSD during playback -->
					<control type="radiobutton" id="418">
						<include>SkinSettings_coords16</include>
						<font>Font33</font>
						<label>$LOCALIZE[31142]</label>
						<onclick>Skin.ToggleSetting(AutoMusicVisPlayback)</onclick>
						<selected>Skin.HasSetting(AutoMusicVisPlayback)</selected>
					</control>
					<control type="button" id="419">
						<include>SkinSettings_coords16</include>
						<font>Font33</font>
						<label> - $LOCALIZE[31143]</label>
						<label2>$INFO[Skin.String(AutoMusicVisPlaybackDuration)]</label2>
						<onclick condition="String.IsEqual(Skin.String(AutoMusicVisPlaybackDuration),1 min)">Skin.SetString(AutoMusicVisPlaybackDuration,10s)</onclick>
						<onclick condition="String.IsEqual(Skin.String(AutoMusicVisPlaybackDuration),10s)">Skin.SetString(AutoMusicVisPlaybackDuration,15s)</onclick>
						<onclick condition="String.IsEqual(Skin.String(AutoMusicVisPlaybackDuration),15s)">Skin.SetString(AutoMusicVisPlaybackDuration,20s)</onclick>
						<onclick condition="String.IsEqual(Skin.String(AutoMusicVisPlaybackDuration),20s)">Skin.SetString(AutoMusicVisPlaybackDuration,30s)</onclick>
						<onclick condition="String.IsEqual(Skin.String(AutoMusicVisPlaybackDuration),30s)">Skin.SetString(AutoMusicVisPlaybackDuration,1 min)</onclick>
						<focusedcolor>$VAR[TextColorFO]</focusedcolor>
						<textcolor>$VAR[TextColorNF]</textcolor>
						<visible>Skin.HasSetting(AutoMusicVisPlayback)</visible>
					</control>
					<!-- Never hide music OSD -->
					<control type="radiobutton" id="420">
						<include>SkinSettings_coords16</include>
						<font>Font33</font>
						<label>31040</label>
						<onclick>Skin.ToggleSetting(MusicOSD)</onclick>
						<selected>Skin.HasSetting(MusicOSD)</selected>
					</control>
				</control>

				<!-- Weather -->
				<control type="grouplist" id="500">
					<include>SkinSettings_coords15</include>
					<itemgap>0</itemgap>
					<onleft>9000</onleft>
					<onright>noop</onright>
					<onup>500</onup>
					<ondown>500</ondown>
					<orientation>vertical</orientation>
					<usecontrolcoords>true</usecontrolcoords>
					<scrolltime tween="sine" easing="out">240</scrolltime>
					<visible>Container(9000).HasFocus(5)</visible>
					<!-- Weather icons-->
					<control type="button" id="501">
						<include>SkinSettings_coords16</include>
						<font>Font33</font>
						<label>$LOCALIZE[31067]</label>
						<label2>$VAR[weather-icons]</label2>
						<onclick condition="!System.HasAddon(script.image.resource.select)">InstallAddon(script.image.resource.select)</onclick>
						<onclick condition="System.HasAddon(script.image.resource.select) + !System.AddonIsEnabled(script.image.resource.select)">EnableAddon(script.image.resource.select)</onclick>
						<onclick condition="System.HasAddon(script.image.resource.select) + System.AddonIsEnabled(script.image.resource.select)">RunScript(script.image.resource.select,property=weatherIcons&amp;type=resource.images.weathericons)</onclick>
						<focusedcolor>$VAR[TextColorFO]</focusedcolor>
						<textcolor>$VAR[TextColorNF]</textcolor>
					</control>
					<!-- Weather fanart -->
					<control type="button" id="502">
						<include>SkinSettings_coords16</include>
						<font>Font33</font>
						<onclick condition="!System.HasAddon(script.image.resource.select)">InstallAddon(script.image.resource.select)</onclick>
						<onclick condition="System.HasAddon(script.image.resource.select) + !System.AddonIsEnabled(script.image.resource.select)">EnableAddon(script.image.resource.select)</onclick>
						<onclick condition="System.HasAddon(script.image.resource.select) + System.AddonIsEnabled(script.image.resource.select)">RunScript(script.image.resource.select,property=weatherFanart&amp;type=resource.images.weatherfanart)</onclick>
						<label>$LOCALIZE[31068]</label>
						<label2>$VAR[weather-fanart]</label2>
						<focusedcolor>$VAR[TextColorFO]</focusedcolor>
						<textcolor>$VAR[TextColorNF]</textcolor>
					</control>
				</control>

				<!-- Advanced -->
				<control type="grouplist" id="600">
					<include>SkinSettings_coords15</include>
					<itemgap>0</itemgap>
					<onleft>9000</onleft>
					<onright>noop</onright>
					<onup>600</onup>
					<ondown>600</ondown>
					<orientation>vertical</orientation>
					<usecontrolcoords>true</usecontrolcoords>
					<scrolltime tween="sine" easing="out">240</scrolltime>
					<visible>Container(9000).HasFocus(6)</visible>
					<!-- Highlighting -->
					<control type="label" id="601">
						<include>SkinSettings_coords17</include>
						<font>Font33</font>
						<align>center</align>
						<label>$LOCALIZE[31173]</label>
						<textcolor>$VAR[TextColorNF]</textcolor>
					</control>
					<!-- Disable additional text highlighting -->
					<control type="radiobutton" id="602">
						<include>SkinSettings_coords16</include>
						<font>Font33</font>
						<label>31105</label>
						<onclick>Skin.ToggleSetting(TextHighlight)</onclick>
						<selected>Skin.HasSetting(TextHighlight)</selected>
					</control>
					<!-- Adjust non-focus dim opacity -->
					<control type="button" id="603">
						<include>SkinSettings_coords16</include>
						<font>Font33</font>
						<label>$LOCALIZE[31104]</label>
						<label2>$INFO[Skin.String(NFDimOpac),,%]</label2>
						<onclick condition="String.IsEqual(Skin.String(NFDimOpac),133)">Skin.SetString(NFDimOpac,100)</onclick>
						<onclick condition="String.IsEqual(Skin.String(NFDimOpac),100)">Skin.SetString(NFDimOpac,66)</onclick>
						<onclick condition="String.IsEqual(Skin.String(NFDimOpac),66)">Skin.SetString(NFDimOpac,33)</onclick>
						<onclick condition="String.IsEqual(Skin.String(NFDimOpac),33)">Skin.SetString(NFDimOpac,0)</onclick>
						<onclick condition="String.IsEqual(Skin.String(NFDimOpac),0)">Skin.SetString(NFDimOpac,133)</onclick>
						<onclick condition="String.IsEqual(Skin.String(NFDimOpac),133)">Skin.SetString(NFDimOpac,100)</onclick>
						<focusedcolor>$VAR[TextColorFO]</focusedcolor>
						<textcolor>$VAR[TextColorNF]</textcolor>
					</control>
					<!-- Adjust plot/description text font size -->
					<control type="button" id="604">
						<include>SkinSettings_coords16</include>
						<font>Font33</font>
						<label>$LOCALIZE[31100]</label>
						<label2>$VAR[PlotFont]</label2>
						<onclick condition="String.IsEqual(Skin.String(PlotFont),S)">Skin.SetString(PlotFont,M)</onclick>
						<onclick condition="String.IsEqual(Skin.String(PlotFont),M)">Skin.SetString(PlotFont,L)</onclick>
						<onclick condition="String.IsEqual(Skin.String(PlotFont),L)">Skin.SetString(PlotFont,S)</onclick>
						<focusedcolor>$VAR[TextColorFO]</focusedcolor>
						<textcolor>$VAR[TextColorNF]</textcolor>
					</control>
					<!-- Divider -->
					<control type="image" id="605">
						<include>SkinSettings_coords17</include>
						<texture border="2" colordiffuse="$VAR[OverlayColorNF]">common/Divider.png</texture>
					</control>
					<!-- Library -->
					<control type="label" id="606">
						<include>SkinSettings_coords17</include>
						<font>Font33</font>
						<align>center</align>
						<label>$LOCALIZE[14022]</label>
						<textcolor>$VAR[TextColorNF]</textcolor>
					</control>
					<!-- Disable video watched status in library -->
					<control type="radiobutton" id="607">
						<include>SkinSettings_coords16</include>
						<font>Font33</font>
						<label>31148</label>
						<onclick>Skin.ToggleSetting(VideoWatchedStatus)</onclick>
						<selected>Skin.HasSetting(VideoWatchedStatus)</selected>
					</control>
					<!-- Disable music listened to status in library -->
					<control type="radiobutton" id="608">
						<include>SkinSettings_coords16</include>
						<font>Font33</font>
						<label>31149</label>
						<onclick>Skin.ToggleSetting(MusicListenedToStatus)</onclick>
						<selected>Skin.HasSetting(MusicListenedToStatus)</selected>
					</control>
					<!-- Show description/details first -->
					<control type="button" id="609">
						<include>SkinSettings_coords16</include>
						<font>Font33</font>
						<label>$LOCALIZE[31170]</label>
						<label2>$VAR[infodialogfirstpage]</label2>
						<onclick condition="String.IsEqual(Skin.String(infodialogfirstpage),Details)">Skin.SetString(infodialogfirstpage,Description)</onclick>
						<onclick condition="String.IsEqual(Skin.String(infodialogfirstpage),Description)">Skin.SetString(infodialogfirstpage,Details)</onclick>
						<focusedcolor>$VAR[TextColorFO]</focusedcolor>
						<textcolor>$VAR[TextColorNF]</textcolor>
					</control>
					<!-- Show user rating -->
					<control type="radiobutton" id="610">
						<include>SkinSettings_coords16</include>
						<font>Font33</font>
						<label>31146</label>
						<onclick>Skin.ToggleSetting(UserRating)</onclick>
						<selected>Skin.HasSetting(UserRating)</selected>
					</control>
					<!-- Adjust representation of video duration -->
					<control type="button" id="611">
						<include>SkinSettings_coords16</include>
						<font>Font33</font>
						<label>$LOCALIZE[31134]</label>
						<label2>$VAR[videodurationformat]</label2>
						<onclick condition="String.IsEqual(Skin.String(videodurationformat),Minutes)">Skin.SetString(videodurationformat,Hours and minutes)</onclick>
						<onclick condition="String.IsEqual(Skin.String(videodurationformat),Hours and minutes)">Skin.SetString(videodurationformat,Minutes)</onclick>
						<focusedcolor>$VAR[TextColorFO]</focusedcolor>
						<textcolor>$VAR[TextColorNF]</textcolor>
					</control>
					<!-- Edit video media flags -->
					<control type="button" id="612">
						<include>SkinSettings_coords16</include>
						<font>Font33</font>
						<label>31237</label>
						<label2>$VAR[mediaflags]</label2>
						<onclick condition="String.IsEqual(Skin.String(mediaflags),File first)">Skin.SetString(mediaflags,File only)</onclick>
						<onclick condition="String.IsEqual(Skin.String(mediaflags),File only)">Skin.SetString(mediaflags,Language first)</onclick>
						<onclick condition="String.IsEqual(Skin.String(mediaflags),Language first)">Skin.SetString(mediaflags,Language only)</onclick>
						<onclick condition="String.IsEqual(Skin.String(mediaflags),Language only)">Skin.SetString(mediaflags,Duration only)</onclick>
						<onclick condition="String.IsEqual(Skin.String(mediaflags),Duration only)">Skin.SetString(mediaflags,None)</onclick>
						<onclick condition="String.IsEqual(Skin.String(mediaflags),None)">Skin.SetString(mediaflags,File first)</onclick>
						<focusedcolor>$VAR[TextColorFO]</focusedcolor>
						<textcolor>$VAR[TextColorNF]</textcolor>
					</control>
					<!-- Disable item count -->
					<control type="radiobutton" id="613">
						<include>SkinSettings_coords16</include>
						<font>Font33</font>
						<label>31390</label>
						<onclick>Skin.ToggleSetting(ItemCount)</onclick>
						<selected>Skin.HasSetting(ItemCount)</selected>
					</control>
					<!-- Set fixed video addon view -->
					<control type="radiobutton" id="614">
						<include>SkinSettings_coords16</include>
						<font>Font33</font>
						<label>31409</label>
						<onclick>Skin.ToggleSetting(FixedVideosView)</onclick>
						<selected>Skin.HasSetting(FixedVideosView)</selected>
					</control>
					<!-- Set default video addon view -->
					<control type="button" id="615">
						<include>SkinSettings_coords16</include>
						<font>Font33</font>
						<label> - $LOCALIZE[31410]</label>
						<label2>$VAR[DefaultVideosView]</label2>
						<onclick>Skin.SelectBool(31410, 535|DefaultVideosViewList, 31117|DefaultVideosViewListinfo, 31241|DefaultVideosViewWide, 31112|DefaultVideosViewWidelow, 31392|DefaultVideosViewWidelowinfo, 31078|DefaultVideosViewWall, 31133|DefaultVideosViewWallinfo, 31114|DefaultVideosViewWallsmall, 31116|DefaultVideosViewWallsmallinfo, 31113|DefaultVideosViewWalllow)</onclick>
						<focusedcolor>$VAR[TextColorFO]</focusedcolor>
						<textcolor>$VAR[TextColorNF]</textcolor>
						<visible>Skin.HasSetting(FixedVideosView)</visible>
					</control>
					<!-- Divider -->
					<control type="image" id="616">
						<include>SkinSettings_coords17</include>
						<texture border="2" colordiffuse="$VAR[OverlayColorNF]">common/Divider.png</texture>
					</control>
					<!-- Mixed -->
					<control type="label" id="617">
						<include>SkinSettings_coords17</include>
						<font>Font33</font>
						<align>center</align>
						<label>$LOCALIZE[20395]</label>
						<textcolor>$VAR[TextColorNF]</textcolor>
					</control>
					<!-- Disable scrolling label -->
					<control type="radiobutton" id="618">
						<include>SkinSettings_coords16</include>
						<font>Font33</font>
						<label>31053</label>
						<onclick>Skin.ToggleSetting(ScrollingLabel)</onclick>
						<selected>Skin.HasSetting(ScrollingLabel)</selected>
					</control>
					<!-- Disable sub-menu player controls -->
					<control type="radiobutton" id="619">
						<include>SkinSettings_coords16</include>
						<font>Font33</font>
						<label>31147</label>
						<onclick>Skin.ToggleSetting(SubMenuControls)</onclick>
						<selected>Skin.HasSetting(SubMenuControls)</selected>
					</control>
					<!-- Show lock icon for encrypted PVR channels -->
					<control type="radiobutton" id="620">
						<include>SkinSettings_coords16</include>
						<font>Font33</font>
						<label>$LOCALIZE[31174]</label>
						<onclick>Skin.ToggleSetting(PVRShowLock)</onclick>
						<selected>Skin.HasSetting(PVRShowLock)</selected>
					</control>
					<!-- Disable scrollbars -->
					<control type="radiobutton" id="621">
						<include>SkinSettings_coords16</include>
						<font>Font33</font>
						<label>31005</label>
						<onclick>Skin.ToggleSetting(Scrollbars)</onclick>
						<selected>Skin.HasSetting(Scrollbars)</selected>
					</control>
					<!-- Kiosk mode -->
					<control type="radiobutton" id="622">
						<include>SkinSettings_coords16</include>
						<font>Font33</font>
						<label>31057</label>
						<onclick>Skin.ToggleSetting(KioskMode)</onclick>
						<selected>Skin.HasSetting(KioskMode)</selected>
					</control>
				</control>

				<!-- Addons -->
				<control type="grouplist" id="700">
					<include>SkinSettings_coords15</include>
					<itemgap>0</itemgap>
					<onleft>9000</onleft>
					<onright>noop</onright>
					<onup>700</onup>
					<ondown>700</ondown>
					<orientation>vertical</orientation>
					<usecontrolcoords>true</usecontrolcoords>
					<scrolltime tween="sine" easing="out">240</scrolltime>
					<visible>Container(9000).HasFocus(7)</visible>
					<!-- Recommended -->
					<control type="label" id="701">
						<include>SkinSettings_coords17</include>
						<font>Font33</font>
						<align>center</align>
						<label>$LOCALIZE[31080]</label>
						<textcolor>$VAR[TextColorNF]</textcolor>
					</control>
					<!-- Skin Shortcuts -->
					<control type="button" id="702">
						<include>SkinSettings_coords16</include>
						<label>$LOCALIZE[31079]</label>
						<label2>$VAR[addon-skinshortcuts]</label2>
						<onclick condition="!System.HasAddon(script.skinshortcuts)">InstallAddon(script.skinshortcuts)</onclick>
						<onclick condition="System.HasAddon(script.skinshortcuts) + !System.AddonIsEnabled(script.skinshortcuts)">EnableAddon(script.skinshortcuts)</onclick>
						<onclick condition="System.HasAddon(script.skinshortcuts) + System.AddonIsEnabled(script.skinshortcuts)">Addon.OpenSettings(script.skinshortcuts)</onclick>
					</control>
					<!-- Skin Helper Service -->
					<control type="button" id="703">
						<include>SkinSettings_coords16</include>
						<label>$LOCALIZE[31081]</label>
						<label2>$VAR[addon-skinhelper]</label2>
						<onclick condition="!System.HasAddon(script.skin.helper.service)">InstallAddon(script.skin.helper.service)</onclick>
						<onclick condition="System.HasAddon(script.skin.helper.service) + !System.AddonIsEnabled(script.skin.helper.service)">EnableAddon(script.skin.helper.service)</onclick>
						<onclick condition="System.HasAddon(script.skin.helper.service) + System.AddonIsEnabled(script.skin.helper.service)">Addon.OpenSettings(script.skin.helper.service)</onclick>
					</control>
					<!-- Skin Helper Service Widgets -->
					<control type="button" id="704">
						<include>SkinSettings_coords16</include>
						<label>$LOCALIZE[31106]</label>
						<label2>$VAR[addon-skinhelperwidgets]</label2>
						<onclick condition="!System.HasAddon(script.skin.helper.widgets)">InstallAddon(script.skin.helper.widgets)</onclick>
						<onclick condition="System.HasAddon(script.skin.helper.widgets) + !System.AddonIsEnabled(script.skin.helper.widgets)">EnableAddon(script.skin.helper.widgets)</onclick>
						<onclick condition="System.HasAddon(script.skin.helper.widgets) + System.AddonIsEnabled(script.skin.helper.widgets)">Addon.OpenSettings(script.skin.helper.widgets)</onclick>
					</control>
					<!-- Skin Helper Service ColorPicker -->
					<control type="button" id="705">
						<include>SkinSettings_coords16</include>
						<label>$LOCALIZE[31405]</label>
						<label2>$VAR[addon-skinhelpercolorpicker]</label2>
						<onclick condition="!System.HasAddon(script.skin.helper.colorpicker)">InstallAddon(script.skin.helper.colorpicker)</onclick>
						<onclick condition="System.HasAddon(script.skin.helper.colorpicker) + !System.AddonIsEnabled(script.skin.helper.colorpicker)">EnableAddon(script.skin.helper.colorpicker)</onclick>
						<onclick condition="System.HasAddon(script.skin.helper.colorpicker) + System.AddonIsEnabled(script.skin.helper.colorpicker)">Addon.OpenSettings(script.skin.helper.colorpicker)</onclick>
					</control>
					<!-- Skin Helper Service Skin Backup -->
					<control type="button" id="706">
						<include>SkinSettings_coords16</include>
						<label>$LOCALIZE[31097]</label>
						<label2>$VAR[addon-skinhelperbackup]</label2>
						<onclick condition="!System.HasAddon(script.skin.helper.skinbackup)">InstallAddon(script.skin.helper.skinbackup)</onclick>
						<onclick condition="System.HasAddon(script.skin.helper.skinbackup) + !System.AddonIsEnabled(script.skin.helper.skinbackup)">EnableAddon(script.skin.helper.skinbackup)</onclick>
						<onclick condition="System.HasAddon(script.skin.helper.skinbackup) + System.AddonIsEnabled(script.skin.helper.skinbackup)">Addon.OpenSettings(script.skin.helper.skinbackup)</onclick>
					</control>
					<!-- Divider -->
					<control type="image" id="707">
						<include>SkinSettings_coords17</include>
						<texture border="2" colordiffuse="$VAR[OverlayColorNF]">common/Divider.png</texture>
					</control>
					<!-- Supported -->
					<control type="label" id="708">
						<include>SkinSettings_coords17</include>
						<font>Font33</font>
						<align>center</align>
						<label>$LOCALIZE[31084]</label>
						<textcolor>$VAR[TextColorNF]</textcolor>
					</control>
					<!-- AutoCompletion for virtual keyboard -->
					<control type="button" id="709">
						<include>SkinSettings_coords16</include>
						<label>$LOCALIZE[31082]</label>
						<label2>$VAR[addon-autocompletion]</label2>
						<onclick condition="!System.HasAddon(plugin.program.autocompletion)">InstallAddon(plugin.program.autocompletion)</onclick>
						<onclick condition="System.HasAddon(plugin.program.autocompletion) + !System.AddonIsEnabled(plugin.program.autocompletion)">EnableAddon(plugin.program.autocompletion)</onclick>
						<onclick condition="System.HasAddon(plugin.program.autocompletion) + System.AddonIsEnabled(plugin.program.autocompletion)">Addon.OpenSettings(plugin.program.autocompletion)</onclick>
					</control>
					<!-- Library Node Editor -->
					<control type="button" id="710">
						<include>SkinSettings_coords16</include>
						<label>$LOCALIZE[31406]</label>
						<label2>$VAR[addon-librarynodeeditor]</label2>
						<onclick condition="!System.HasAddon(plugin.library.node.editor)">InstallAddon(plugin.library.node.editor)</onclick>
						<onclick condition="System.HasAddon(plugin.library.node.editor) + !System.AddonIsEnabled(plugin.library.node.editor)">EnableAddon(plugin.library.node.editor)</onclick>
						<onclick condition="System.HasAddon(plugin.library.node.editor) + System.AddonIsEnabled(plugin.library.node.editor)">Addon.OpenSettings(plugin.library.node.editor)</onclick>
					</control>
					<!-- Image Resource Select -->
					<control type="button" id="711">
						<include>SkinSettings_coords16</include>
						<label>$LOCALIZE[31083]</label>
						<label2>$VAR[addon-imageselect]</label2>
						<onclick condition="!System.HasAddon(script.image.resource.select)">InstallAddon(script.image.resource.select)</onclick>
						<onclick condition="System.HasAddon(script.image.resource.select) + !System.AddonIsEnabled(script.image.resource.select)">EnableAddon(script.image.resource.select)</onclick>
						<onclick condition="System.HasAddon(script.image.resource.select) + System.AddonIsEnabled(script.image.resource.select)">Addon.OpenSettings(script.image.resource.select)</onclick>
					</control>
					<!-- Up Next -->
					<control type="button" id="712">
						<include>SkinSettings_coords16</include>
						<label>$LOCALIZE[31085]</label>
						<label2>$VAR[addon-upnext]</label2>
						<onclick condition="!System.HasAddon(service.upnext)">InstallAddon(service.upnext)</onclick>
						<onclick condition="System.HasAddon(service.upnext) + !System.AddonIsEnabled(service.upnext)">EnableAddon(service.upnext)</onclick>
						<onclick condition="System.HasAddon(service.upnext) + System.AddonIsEnabled(service.upnext)">Addon.OpenSettings(service.upnext)</onclick>
					</control>
					<!-- Artist Slideshow -->
					<control type="button" id="713">
						<include>SkinSettings_coords16</include>
						<label>$LOCALIZE[31086]</label>
						<label2>$VAR[addon-artistslideshow]</label2>
						<onclick condition="!System.HasAddon(script.artistslideshow)">InstallAddon(script.artistslideshow)</onclick>
						<onclick condition="System.HasAddon(script.artistslideshow) + !System.AddonIsEnabled(script.artistslideshow)">EnableAddon(script.artistslideshow)</onclick>
						<onclick condition="System.HasAddon(script.artistslideshow) + System.AddonIsEnabled(script.artistslideshow)">Addon.OpenSettings(script.artistslideshow)</onclick>
					</control>
				</control>

				<!-- Reset/Debug -->
				<control type="grouplist" id="800">
					<include>SkinSettings_coords15</include>
					<itemgap>0</itemgap>
					<onleft>9000</onleft>
					<onright>noop</onright>
					<onup>800</onup>
					<ondown>800</ondown>
					<orientation>vertical</orientation>
					<usecontrolcoords>true</usecontrolcoords>
					<scrolltime tween="sine" easing="out">240</scrolltime>
					<visible>Container(9000).HasFocus(8)</visible>
					<!-- Backup -->
					<control type="button" id="801">
						<include>SkinSettings_coords16</include>
						<onclick condition="!System.HasAddon(script.skin.helper.skinbackup)">InstallAddon(script.skin.helper.skinbackup)</onclick>
						<onclick condition="System.HasAddon(script.skin.helper.skinbackup) + !System.AddonIsEnabled(script.skin.helper.skinbackup)">EnableAddon(script.skin.helper.skinbackup)</onclick>
						<onclick condition="System.HasAddon(script.skin.helper.skinbackup) + System.AddonIsEnabled(script.skin.helper.skinbackup)">RunScript(script.skin.helper.skinbackup)</onclick>
						<label>31052</label>
						<focusedcolor>$VAR[TextColorFO]</focusedcolor>
						<textcolor>$VAR[TextColorNF]</textcolor>
					</control>
					<!-- Reset all home menu items -->
					<control type="button" id="802">
						<include>SkinSettings_coords16</include>
						<onclick>RunScript(script.skinshortcuts,type=resetall)</onclick>
						<label>31399</label>
						<visible>System.HasAddon(script.skinshortcuts)</visible>
						<focusedcolor>$VAR[TextColorFO]</focusedcolor>
						<textcolor>$VAR[TextColorNF]</textcolor>
					</control>
					<!-- Reset skin settings -->
					<control type="button" id="803">
						<include>SkinSettings_coords16</include>
						<label>31058</label>
						<onclick>ActivateWindow(1107)</onclick>
						<focusedcolor>$VAR[TextColorFO]</focusedcolor>
						<textcolor>$VAR[TextColorNF]</textcolor>
					</control>
					<!-- Enable Debug Grid -->
					<control type="radiobutton" id="804">
						<include>SkinSettings_coords16</include>
						<font>Font33</font>
						<label>31041</label>
						<onclick>Skin.ToggleSetting(DebugGrid)</onclick>
						<selected>Skin.HasSetting(DebugGrid)</selected>
					</control>
					<!-- Enable Debug Info -->
					<control type="radiobutton" id="805">
						<include>SkinSettings_coords16</include>
						<font>Font33</font>
						<label>31042</label>
						<onclick>Skin.ToggleSetting(DebugInfo)</onclick>
						<selected>Skin.HasSetting(DebugInfo)</selected>
					</control>
					<!-- Reload skin -->
					<control type="button" id="806">
						<include>SkinSettings_coords16</include>
						<font>Font33</font>
						<label>20183</label>
						<onclick>ReloadSkin()</onclick>
						<onclick>Control.SetFocus(9000,7,absolute)</onclick>
						<onclick>Control.SetFocus(806,absolute)</onclick>
						<focusedcolor>$VAR[TextColorFO]</focusedcolor>
						<textcolor>$VAR[TextColorNF]</textcolor>
					</control>
				</control>
			</control>

			<!-- Settings explanation -->
			<control type="textbox">
				<include>SkinSettings_coords20</include>
				<label>$VAR[SkinSettingsExplanation]$INFO[Window(Home).Property(ResetScroll.10035)]</label>
				<textcolor>$VAR[TextColorFO]</textcolor>
				<font>Font27</font>
				<visible>Skin.String(PlotFont,S)</visible>
			</control>
			
			<control type="textbox">
				<include>SkinSettings_coords21</include>
				<label>$VAR[SkinSettingsExplanation]</label>
				<textcolor>$VAR[TextColorFO]</textcolor>
				<font>Font30</font>
				<visible>Skin.String(PlotFont,M)</visible>
			</control>
			
			<control type="textbox">
				<include>SkinSettings_coords22</include>
				<label>$VAR[SkinSettingsExplanation]</label>
				<textcolor>$VAR[TextColorFO]</textcolor>
				<font>Font33</font>
				<visible>Skin.String(PlotFont,L)</visible>
			</control>
			
		</control>
		
		<include>MaskingBars</include>
		
	</controls>

</window>
