<?xml version="1.0" encoding="UTF-8"?>
<includes>

	<!-- Settings categories description -->
	<variable name="SettingsExplanation">
		<value condition="String.IsEqual(Container(9000).CurrentItem,1)">$LOCALIZE[166] &#8226; $LOCALIZE[14222] &#8226; $LOCALIZE[360] &#8226; $LOCALIZE[12360] &#8226; $LOCALIZE[14224]</value>
		<value condition="String.IsEqual(Container(9000).CurrentItem,2)">$LOCALIZE[14215] &#8226; $LOCALIZE[14216] &#8226; $LOCALIZE[14087] &#8226; $LOCALIZE[14217] &#8226; $LOCALIZE[14218] &#8226; $LOCALIZE[37032]</value>
		<value condition="String.IsEqual(Container(9000).CurrentItem,3)">$LOCALIZE[14022] &#8226; $LOCALIZE[16000] &#8226; $LOCALIZE[14215] &#8226; $LOCALIZE[14216] &#8226; $LOCALIZE[14217]</value>
		<value condition="String.IsEqual(Container(9000).CurrentItem,4)">$LOCALIZE[16000] &#8226; $LOCALIZE[19181] &#8226; $LOCALIZE[19222] &#8226; $LOCALIZE[14086] &#8226; $LOCALIZE[19043] &#8226; $LOCALIZE[19215] &#8226; $LOCALIZE[14095] &#8226; $LOCALIZE[19259] &#8226; $LOCALIZE[19279]</value>
		<value condition="String.IsEqual(Container(9000).CurrentItem,5)">$LOCALIZE[16000]</value>
		<value condition="String.IsEqual(Container(9000).CurrentItem,7)">$LOCALIZE[16000] &#8226; $LOCALIZE[14223] &#8226; $LOCALIZE[20187] &#8226; $LOCALIZE[1273] &#8226; $LOCALIZE[8]</value>
		<value condition="String.IsEqual(Container(9000).CurrentItem,8)">$LOCALIZE[131] &#8226; $LOCALIZE[292] &#8226; $LOCALIZE[14125] &#8226; $LOCALIZE[798] &#8226; $LOCALIZE[14095] &#8226; $LOCALIZE[24001] &#8226; $LOCALIZE[14092]</value>
		<value condition="String.IsEqual(Container(9000).CurrentItem,9) + System.HasAddon(service.osmc.settings) + System.HasAddon(script.module.osmcsetting.pi)">$LOCALIZE[31103] &#8226; $LOCALIZE[31111] &#8226; $LOCALIZE[31262] &#8226; $LOCALIZE[31263] &#8226; $LOCALIZE[31264] &#8226; $LOCALIZE[31265] &#8226; $LOCALIZE[31266]</value>
		<value condition="String.IsEqual(Container(9000).CurrentItem,9) + System.HasAddon(service.osmc.settings) + !System.HasAddon(script.module.osmcsetting.pi)">$LOCALIZE[31103] &#8226; $LOCALIZE[31262] &#8226; $LOCALIZE[31263] &#8226; $LOCALIZE[31264] &#8226; $LOCALIZE[31265] &#8226; $LOCALIZE[31266]</value>
		<value condition="String.IsEqual(Container(9000).CurrentItem,9) + !System.HasAddon(service.osmc.settings)">$LOCALIZE[20037] &#8226; $LOCALIZE[13277] &#8226; $LOCALIZE[13279] &#8226; $LOCALIZE[13280] &#8226; $LOCALIZE[13281] &#8226; $LOCALIZE[19191] &#8226; $LOCALIZE[12389]</value>
		<value condition="String.IsEqual(Container(9000).CurrentItem,10) + System.HasAddon(service.osmc.settings)">$LOCALIZE[20037] &#8226; $LOCALIZE[13277] &#8226; $LOCALIZE[13279] &#8226; $LOCALIZE[13280] &#8226; $LOCALIZE[13281] &#8226; $LOCALIZE[19191] &#8226; $LOCALIZE[12389]</value>
		<value condition="String.IsEqual(Container(9000).CurrentItem,10) + !System.HasAddon(service.osmc.settings)">$LOCALIZE[24998] &#8226; $LOCALIZE[36605] &#8226; $LOCALIZE[24033] &#8226; $LOCALIZE[24041] &#8226; $LOCALIZE[137]</value>
		<value condition="String.IsEqual(Container(9000).CurrentItem,11) + System.HasAddon(service.osmc.settings)">$LOCALIZE[24998] &#8226; $LOCALIZE[36605] &#8226; $LOCALIZE[24033] &#8226; $LOCALIZE[24041] &#8226; $LOCALIZE[137]</value>
	</variable>

	<!-- Skin settings explanation -->
	<variable name="SkinSettingsExplanation">
		<value condition="Container(9000).HasFocus(1) + !ControlGroup(10000).HasFocus">$LOCALIZE[31098]</value>
		<value condition="Control.HasFocus(101)">$LOCALIZE[31140]</value>
		<value condition="Control.HasFocus(102)">$LOCALIZE[31267]</value>
		<value condition="Control.HasFocus(103) + Skin.HasSetting(AlwaysShowSettingsLink)">[B]$LOCALIZE[31051][/B]</value>
		<value condition="Control.HasFocus(103) + !Skin.HasSetting(AlwaysShowSettingsLink)">$LOCALIZE[31268]</value>
		<value condition="Control.HasFocus(104)">$LOCALIZE[31269]</value>
		<value condition="Control.HasFocus(105)">$LOCALIZE[31270]</value>
		<value condition="Control.HasFocus(106)">$LOCALIZE[31402]</value>
		<value condition="Container(9000).HasFocus(2) + !ControlGroup(10000).HasFocus">$LOCALIZE[31271]</value>
		<value condition="Control.HasFocus(201)">$LOCALIZE[31272]</value>
		<value condition="Control.HasFocus(202)">$LOCALIZE[31273]</value>
		<value condition="Control.HasFocus(203)">$LOCALIZE[31274]</value>
		<value condition="Control.HasFocus(204)">$LOCALIZE[31275]</value>
		<value condition="Control.HasFocus(205)">$LOCALIZE[31276]</value>
		<value condition="Control.HasFocus(206)">$LOCALIZE[31277]</value>
		<value condition="Control.HasFocus(207)">$LOCALIZE[31278]</value>
		<value condition="Control.HasFocus(208)">$LOCALIZE[31279]</value>
		<value condition="Control.HasFocus(209)">$LOCALIZE[31280]</value>
		<value condition="Control.HasFocus(210)">$LOCALIZE[31281]</value>
		<value condition="Control.HasFocus(211)">$LOCALIZE[31282]</value>
		<value condition="Control.HasFocus(212)">$LOCALIZE[31283]</value>
		<value condition="Control.HasFocus(213)">$LOCALIZE[31284]</value>
		<value condition="Control.HasFocus(214)">$LOCALIZE[31285]</value>
		<value condition="Control.HasFocus(215)">$LOCALIZE[31286]</value>
		<value condition="Control.HasFocus(216)">$LOCALIZE[31287]</value>
		<value condition="Container(9000).HasFocus(3) + !ControlGroup(10000).HasFocus">$LOCALIZE[31288]</value>
		<value condition="Control.HasFocus(301)">$LOCALIZE[31289]</value>
		<value condition="Control.HasFocus(302)">$LOCALIZE[31290]</value>
		<value condition="Control.HasFocus(303)">$LOCALIZE[31291]</value>
		<value condition="Control.HasFocus(304)">$LOCALIZE[31296]</value>
		<value condition="Control.HasFocus(305)">$LOCALIZE[31294]</value>
		<value condition="Control.HasFocus(307)">$LOCALIZE[31295]</value>
		<value condition="Control.HasFocus(309)">$LOCALIZE[31435]</value>
		<value condition="Control.HasFocus(311)">$LOCALIZE[31297]</value>
		<value condition="Control.HasFocus(313)">$LOCALIZE[31298]</value>
		<value condition="Control.HasFocus(315)">$LOCALIZE[31299]</value>
		<value condition="Control.HasFocus(317)">$LOCALIZE[31300]</value>
		<value condition="Control.HasFocus(319)">$LOCALIZE[31026]</value>
		<value condition="Control.HasFocus(321)">$LOCALIZE[31037]</value>
		<value condition="Control.HasFocus(323)">$LOCALIZE[31050]</value>
		<value condition="Control.HasFocus(325)">$LOCALIZE[31060]</value>
		<value condition="Control.HasFocus(326)">$LOCALIZE[31437]</value>
		<value condition="Container(9000).HasFocus(4) + !ControlGroup(10000).HasFocus">$LOCALIZE[31301]</value>
		<value condition="Control.HasFocus(402)">$LOCALIZE[31302]</value>
		<value condition="Control.HasFocus(403)">$LOCALIZE[31303]</value>
		<value condition="Control.HasFocus(404)">$LOCALIZE[31304]</value>
		<value condition="Control.HasFocus(405)">$LOCALIZE[31305]</value>
		<value condition="Control.HasFocus(406)">$LOCALIZE[31306]</value>
		<value condition="Control.HasFocus(407)">$LOCALIZE[31307]</value>
		<value condition="Control.HasFocus(408)">$LOCALIZE[31308]</value>
		<value condition="Control.HasFocus(409)">$LOCALIZE[31309]</value>
		<value condition="Control.HasFocus(410)">$LOCALIZE[31310]</value>
		<value condition="Control.HasFocus(411)">$LOCALIZE[31311]</value>
		<value condition="Control.HasFocus(412)">$LOCALIZE[31312]</value>
		<value condition="Control.HasFocus(413)">$LOCALIZE[31313]</value>
		<value condition="Control.HasFocus(414)">$LOCALIZE[31314]</value>
		<value condition="Control.HasFocus(415)">$LOCALIZE[31315]</value>
		<value condition="Control.HasFocus(418)">$LOCALIZE[31316]</value>
		<value condition="Control.HasFocus(419)">$LOCALIZE[31317]</value>
		<value condition="Control.HasFocus(420)">$LOCALIZE[31318]</value>
		<value condition="Container(9000).HasFocus(5) + !ControlGroup(10000).HasFocus">$LOCALIZE[31320]</value>
		<value condition="Control.HasFocus(501)">$LOCALIZE[31321]</value>
		<value condition="Control.HasFocus(502)">$LOCALIZE[31322]</value>
		<value condition="Container(9000).HasFocus(6) + !ControlGroup(10000).HasFocus">$LOCALIZE[31323]</value>
		<value condition="Control.HasFocus(602)">$LOCALIZE[31324]</value>
		<value condition="Control.HasFocus(603)">$LOCALIZE[31325]</value>
		<value condition="Control.HasFocus(604)">$LOCALIZE[31326]</value>
		<value condition="Control.HasFocus(607)">$LOCALIZE[31327]</value>
		<value condition="Control.HasFocus(608)">$LOCALIZE[31328]</value>
		<value condition="Control.HasFocus(609)">$LOCALIZE[31329]</value>
		<value condition="Control.HasFocus(610)">$LOCALIZE[31330]</value>
		<value condition="Control.HasFocus(611)">$LOCALIZE[31331]</value>
		<value condition="Control.HasFocus(612)">$LOCALIZE[31332]</value>
		<value condition="Control.HasFocus(613)">$LOCALIZE[31391]</value>
		<value condition="Control.HasFocus(614)">$LOCALIZE[31411]</value>
		<value condition="Control.HasFocus(615)">$LOCALIZE[31412]</value>
		<value condition="Control.HasFocus(618)">$LOCALIZE[31333] $LOCALIZE[551], $LOCALIZE[561], $LOCALIZE[558], $LOCALIZE[557], $LOCALIZE[556], $LOCALIZE[563], $LOCALIZE[566]</value>
		<value condition="Control.HasFocus(619)">$LOCALIZE[31334]</value>
		<value condition="Control.HasFocus(620)">$LOCALIZE[31335]</value>
		<value condition="Control.HasFocus(621)">$LOCALIZE[31336]</value>
		<value condition="Control.HasFocus(622)">$LOCALIZE[31337]</value>
		<value condition="Container(9000).HasFocus(7) + !ControlGroup(10000).HasFocus">$LOCALIZE[31338]</value>
		<value condition="Control.HasFocus(702)">$LOCALIZE[31339]</value>
		<value condition="Control.HasFocus(703)">$LOCALIZE[31340]</value>
		<value condition="Control.HasFocus(704)">$LOCALIZE[31341]</value>
		<value condition="Control.HasFocus(705)">$LOCALIZE[31407]</value>
		<value condition="Control.HasFocus(706)">$LOCALIZE[31342]</value>
		<value condition="Control.HasFocus(709)">$LOCALIZE[31343]</value>
		<value condition="Control.HasFocus(710)">$LOCALIZE[31408]</value>
		<value condition="Control.HasFocus(711)">$LOCALIZE[31344]</value>
		<value condition="Control.HasFocus(712)">$LOCALIZE[31393]</value>
		<value condition="Control.HasFocus(713)">$LOCALIZE[31345]</value>
		<value condition="Container(9000).HasFocus(8) + !ControlGroup(10000).HasFocus">$LOCALIZE[31346]</value>
		<value condition="Control.HasFocus(801)">$LOCALIZE[31347]</value>
		<value condition="Control.HasFocus(802)">$LOCALIZE[31348]</value>
		<value condition="Control.HasFocus(803)">$LOCALIZE[31349]</value>
		<value condition="Control.HasFocus(804)">$LOCALIZE[31350]</value>
		<value condition="Control.HasFocus(805)">$LOCALIZE[31351]</value>
		<value condition="Control.HasFocus(806)">$LOCALIZE[31352]</value>
	</variable>
	
	<!-- Skin Shortcuts explanation -->
	<variable name="SkinShortcutsExplanation1">
		<value condition="[Control.HasFocus(304) | Control.HasFocus(303)] + ![ControlGroup(9000).HasFocus | ControlGroup(9001).HasFocus]">$LOCALIZE[31353]</value>
		<value condition="String.IsEqual(Window.Property(groupname),mainmenu) + Control.HasFocus(401)">$LOCALIZE[31354]</value>
		<value condition="String.IsEqual(Window.Property(groupname),mainmenu) + Control.HasFocus(305)">$LOCALIZE[31355]</value>
		<value condition="String.IsEqual(Window.Property(groupname),mainmenu) + Control.HasFocus(307)">$LOCALIZE[31356]</value>
		<value condition="String.IsEqual(Window.Property(groupname),mainmenu) + Control.HasFocus(310)">$LOCALIZE[31357]</value>
		<value condition="String.IsEqual(Window.Property(groupname),mainmenu) + Control.HasFocus(210)">$LOCALIZE[31358]</value>
		<value condition="String.IsEqual(Window.Property(groupname),mainmenu) + Control.HasFocus(405)">$LOCALIZE[31359]</value>
		<value condition="String.IsEqual(Window.Property(groupname),mainmenu) + Control.HasFocus(406)">$LOCALIZE[31360]</value>
		<value condition="String.IsEqual(Window.Property(groupname),mainmenu) + Control.HasFocus(313)">$LOCALIZE[31361]</value>
		<value condition="String.IsEqual(Window.Property(groupname),mainmenu) + Control.HasFocus(302)">$LOCALIZE[31362]</value>
		<value condition="String.IsEqual(Window.Property(groupname),mainmenu) + Control.HasFocus(301)">$LOCALIZE[31378]</value>
		<value condition="String.IsEqual(Window.Property(groupname),mainmenu) + Control.HasFocus(308)">$LOCALIZE[31381]</value>
		<value condition="!String.IsEqual(Window.Property(groupname),mainmenu) + !String.EndsWith(Window.Property(groupname),.1) + Control.HasFocus(401)">$LOCALIZE[31363]</value>
		<value condition="!String.IsEqual(Window.Property(groupname),mainmenu) + !String.EndsWith(Window.Property(groupname),.1) + Control.HasFocus(305)">$LOCALIZE[31364]</value>
		<value condition="!String.IsEqual(Window.Property(groupname),mainmenu) + !String.EndsWith(Window.Property(groupname),.1) + Control.HasFocus(307)">$LOCALIZE[31365]</value>
		<value condition="!String.IsEqual(Window.Property(groupname),mainmenu) + !String.EndsWith(Window.Property(groupname),.1) + Control.HasFocus(313)">$LOCALIZE[31366]</value>
		<value condition="!String.IsEqual(Window.Property(groupname),mainmenu) + !String.EndsWith(Window.Property(groupname),.1) + Control.HasFocus(302)">$LOCALIZE[31367]</value>
		<value condition="!String.IsEqual(Window.Property(groupname),mainmenu) + !String.EndsWith(Window.Property(groupname),.1) + Control.HasFocus(301)">$LOCALIZE[31379]</value>
		<value condition="!String.IsEqual(Window.Property(groupname),mainmenu) + !String.EndsWith(Window.Property(groupname),.1) + Control.HasFocus(308)">$LOCALIZE[31382]</value>
		<value condition="String.EndsWith(Window.Property(groupname),.1) + Control.HasFocus(312)">$LOCALIZE[31368]</value>
		<value condition="String.EndsWith(Window.Property(groupname),.1) + Control.HasFocus(604)">$LOCALIZE[31369]</value>
		<value condition="String.EndsWith(Window.Property(groupname),.1) + Control.HasFocus(601)">$LOCALIZE[31370]</value>
		<value condition="String.EndsWith(Window.Property(groupname),.1) + Control.HasFocus(602)">$LOCALIZE[31371]</value>
		<value condition="String.EndsWith(Window.Property(groupname),.1) + Control.HasFocus(603)">$LOCALIZE[31372]</value>
		<value condition="String.EndsWith(Window.Property(groupname),.1) + Control.HasFocus(502)">$LOCALIZE[31373]</value>
		<value condition="String.EndsWith(Window.Property(groupname),.1) + Control.HasFocus(503)">$LOCALIZE[31374]</value>
		<value condition="String.EndsWith(Window.Property(groupname),.1) + Control.HasFocus(504)">$LOCALIZE[31375]</value>
		<value condition="String.EndsWith(Window.Property(groupname),.1) + Control.HasFocus(313)">$LOCALIZE[31376]</value>
		<value condition="String.EndsWith(Window.Property(groupname),.1) + Control.HasFocus(302)">$LOCALIZE[31377]</value>
		<value condition="String.EndsWith(Window.Property(groupname),.1) + Control.HasFocus(301)">$LOCALIZE[31380]</value>
		<value condition="String.EndsWith(Window.Property(groupname),.1) + Control.HasFocus(308)">$LOCALIZE[31385]</value>
	</variable>
	
	<variable name="SkinShortcutsExplanation2">
		<value condition="String.IsEqual(Window(1106).Property(Window),Mainmenu) + !String.IsEmpty(Window(1106).Property(HelpPage))">$LOCALIZE[31384]</value>
		<value condition="String.IsEqual(Window(1106).Property(Window),Mainmenu) + String.IsEmpty(Window(1106).Property(HelpPage))">$LOCALIZE[31385]</value>
		<value condition="String.IsEqual(Window(1106).Property(Window),Submenu) + !String.IsEmpty(Window(1106).Property(HelpPage))">$LOCALIZE[31386]</value>
		<value condition="String.IsEqual(Window(1106).Property(Window),Submenu) + String.IsEmpty(Window(1106).Property(HelpPage))">$LOCALIZE[31387]</value>
		<value condition="String.IsEqual(Window(1106).Property(Window),Widgetmenu) + !String.IsEmpty(Window(1106).Property(HelpPage))">$LOCALIZE[31388]</value>
		<value condition="String.IsEqual(Window(1106).Property(Window),Widgetmenu) + String.IsEmpty(Window(1106).Property(HelpPage))">$LOCALIZE[31389]</value>
	</variable>
	
	<!-- Skin Settings label2 -->
	<variable name="MaskingBars">
		<value condition="String.IsEqual(Skin.String(MaskingBars),2.40:1)">$LOCALIZE[31428]</value>
		<value condition="String.IsEqual(Skin.String(MaskingBars),2.35:1)">$LOCALIZE[31429]</value>
		<value condition="String.IsEqual(Skin.String(MaskingBars),2.33:1)">$LOCALIZE[31430]</value>
		<value condition="String.IsEqual(Skin.String(MaskingBars),2.00:1)">$LOCALIZE[31431]</value>
		<value condition="String.IsEqual(Skin.String(MaskingBars),1.78:1)">$LOCALIZE[31432]</value>
	</variable>
	
	<variable name="DefaultColorSet">
		<value condition="Skin.HasSetting(DefaultColorSetOSMCBlue)">$LOCALIZE[31061]</value>
		<value condition="Skin.HasSetting(DefaultColorSetOSMCLightblue)">$LOCALIZE[31070]</value>
		<value condition="Skin.HasSetting(DefaultColorSetOSMCBlack)">$LOCALIZE[31152]</value>
		<value condition="Skin.HasSetting(DefaultColorSetOSMCRosered)">$LOCALIZE[31153]</value>
		<value condition="Skin.HasSetting(DefaultColorSetOSMCSunsetYellow)">$LOCALIZE[31154]</value>
		<value condition="Skin.HasSetting(DefaultColorSetOSMCLimegreen)">$LOCALIZE[31168]</value>
		<value condition="Skin.HasSetting(DefaultColorSetDarkBlue)">$LOCALIZE[31235]</value>
		<value condition="Skin.HasSetting(DefaultColorSetOrange)">$LOCALIZE[31319]</value>
		<value condition="Skin.HasSetting(DefaultColorSetRed)">$LOCALIZE[31413]</value>
		<value condition="Skin.HasSetting(DefaultColorSetPurple)">$LOCALIZE[31414]</value>
	</variable>
	
	<variable name="DefaultBackgroundOpacity">
		<value condition="String.IsEqual(Skin.String(DefaultBackgroundOpacity),Highest)">$LOCALIZE[31415]</value>
		<value condition="String.IsEqual(Skin.String(DefaultBackgroundOpacity),High)">$LOCALIZE[31416]</value>
		<value condition="String.IsEqual(Skin.String(DefaultBackgroundOpacity),Medium)">$LOCALIZE[31417]</value>
		<value condition="String.IsEqual(Skin.String(DefaultBackgroundOpacity),Low)">$LOCALIZE[31418]</value>
	</variable>
	
	<variable name="DefaultMenuOSDOpacity">
		<value condition="String.IsEqual(Skin.String(DefaultMenuOSDOpacity),Highest)">$LOCALIZE[31415]</value>
		<value condition="String.IsEqual(Skin.String(DefaultMenuOSDOpacity),High)">$LOCALIZE[31416]</value>
		<value condition="String.IsEqual(Skin.String(DefaultMenuOSDOpacity),Medium)">$LOCALIZE[31417]</value>
		<value condition="String.IsEqual(Skin.String(DefaultMenuOSDOpacity),Low)">$LOCALIZE[31418]</value>
	</variable>
	
	<variable name="HideOSD">
		<value condition="String.IsEqual(Skin.String(HideOSD),Always)">$LOCALIZE[13108]</value>
		<value condition="String.IsEqual(Skin.String(HideOSD),5s)">5s</value>
		<value condition="String.IsEqual(Skin.String(HideOSD),10s)">10s</value>
		<value condition="String.IsEqual(Skin.String(HideOSD),20s)">20s</value>
		<value condition="String.IsEqual(Skin.String(HideOSD),30s)">30s</value>
		<value condition="String.IsEqual(Skin.String(HideOSD),1 min)">1 min</value>
		<value condition="String.IsEqual(Skin.String(HideOSD),2 min)">2 min</value>
		<value condition="String.IsEqual(Skin.String(HideOSD),3 min)">3 min</value>
		<value condition="String.IsEqual(Skin.String(HideOSD),5 min)">5 min</value>
		<value condition="String.IsEqual(Skin.String(HideOSD),Disabled)">$LOCALIZE[13113]</value>
	</variable>
	
	<variable name="PlotFont">
		<value condition="String.IsEqual(Skin.String(PlotFont),S light)">$LOCALIZE[289] S (light)</value>
		<value condition="String.IsEqual(Skin.String(PlotFont),S)">$LOCALIZE[289] S</value>
		<value condition="String.IsEqual(Skin.String(PlotFont),M light)">$LOCALIZE[289] M (light)</value>
		<value condition="String.IsEqual(Skin.String(PlotFont),M)">$LOCALIZE[289] M</value>
		<value condition="String.IsEqual(Skin.String(PlotFont),L light)">$LOCALIZE[289] L (light)</value>
		<value condition="String.IsEqual(Skin.String(PlotFont),L)">$LOCALIZE[289] L</value>
		<value condition="String.IsEqual(Skin.String(PlotFont),XL light)">$LOCALIZE[289] XL (light)</value>
		<value condition="String.IsEqual(Skin.String(PlotFont),XL)">$LOCALIZE[289] XL</value>
	</variable>
	
	<variable name="infodialogfirstpage">
		<value condition="String.IsEqual(Skin.String(infodialogfirstpage),Details)">$LOCALIZE[31419]</value>
		<value condition="String.IsEqual(Skin.String(infodialogfirstpage),Description)">$LOCALIZE[31420]</value>
	</variable>
	
	<variable name="videodurationformat">
		<value condition="String.IsEqual(Skin.String(videodurationformat),Minutes)">$LOCALIZE[31421]</value>
		<value condition="String.IsEqual(Skin.String(videodurationformat),Hours and minutes)">$LOCALIZE[31422]</value>
	</variable>
	
	<variable name="mediaflags">
		<value condition="String.IsEqual(Skin.String(mediaflags),File first)">$LOCALIZE[31423]</value>
		<value condition="String.IsEqual(Skin.String(mediaflags),File only)">$LOCALIZE[31424]</value>
		<value condition="String.IsEqual(Skin.String(mediaflags),Language first)">$LOCALIZE[31425]</value>
		<value condition="String.IsEqual(Skin.String(mediaflags),Language only)">$LOCALIZE[31426]</value>
		<value condition="String.IsEqual(Skin.String(mediaflags),Duration only)">$LOCALIZE[31427]</value>
		<value condition="String.IsEqual(Skin.String(mediaflags),None)">$LOCALIZE[13113]</value>
	</variable>
	
	<variable name="DefaultVideosView">
		<value condition="Skin.HasSetting(DefaultVideosViewList)">$LOCALIZE[535]</value>
		<value condition="Skin.HasSetting(DefaultVideosViewListinfo)">$LOCALIZE[31117]</value>
		<value condition="Skin.HasSetting(DefaultVideosViewWide)">$LOCALIZE[31241]</value>
		<value condition="Skin.HasSetting(DefaultVideosViewWidelow)">$LOCALIZE[31112]</value>
		<value condition="Skin.HasSetting(DefaultVideosViewWidelowinfo)">$LOCALIZE[31392]</value>
		<value condition="Skin.HasSetting(DefaultVideosViewWall)">$LOCALIZE[31078]</value>
		<value condition="Skin.HasSetting(DefaultVideosViewWallinfo)">$LOCALIZE[31133]</value>
		<value condition="Skin.HasSetting(DefaultVideosViewWallsmall)">$LOCALIZE[31114]</value>
		<value condition="Skin.HasSetting(DefaultVideosViewWallsmallinfo)">$LOCALIZE[31116]</value>
		<value condition="Skin.HasSetting(DefaultVideosViewWalllow)">$LOCALIZE[31113]</value>
	</variable>
	
	<!-- Skin Settings - Weather Art -->
	<variable name="weather-icons">
		<value condition="!String.IsEmpty(Skin.String(weatherIcons.name))">$INFO[Skin.String(weatherIcons.name)]</value>
		<value>$LOCALIZE[571]</value>
	</variable>
	<variable name="weather-fanart">
		<value condition="!String.IsEmpty(Skin.String(weatherFanart.name))">$INFO[Skin.String(weatherFanart.name)]</value>
		<value>$LOCALIZE[231]</value>
	</variable>

	<!-- Skin Settings - Addons -->
	<variable name="addon-skinshortcuts">
		<value condition="System.HasAddon(script.skinshortcuts) + System.AddonIsEnabled(script.skinshortcuts)">[COLOR lightgreen]v$INFO[System.AddonVersion(script.skinshortcuts)] $LOCALIZE[31093][/COLOR]</value>
		<value condition="System.HasAddon(script.skinshortcuts) + !System.AddonIsEnabled(script.skinshortcuts)">[COLOR orange]$LOCALIZE[31119][/COLOR]</value>
		<value>[COLOR red]$LOCALIZE[31092][/COLOR]</value>
	</variable>
	<variable name="addon-skinhelper">
		<value condition="System.HasAddon(script.skin.helper.service) + System.AddonIsEnabled(script.skin.helper.service)">[COLOR lightgreen]v$INFO[System.AddonVersion(script.skin.helper.service)] $LOCALIZE[31093][/COLOR]</value>
		<value condition="System.HasAddon(script.skin.helper.service) + !System.AddonIsEnabled(script.skin.helper.service)">[COLOR orange]$LOCALIZE[31119][/COLOR]</value>
		<value>[COLOR red]$LOCALIZE[31092][/COLOR]</value>
	</variable>
	<variable name="addon-skinhelperbackgrounds">
		<value condition="System.HasAddon(script.skin.helper.backgrounds) + System.AddonIsEnabled(script.skin.helper.backgrounds)">[COLOR lightgreen]v$INFO[System.AddonVersion(script.skin.helper.backgrounds)] $LOCALIZE[31093][/COLOR]</value>
		<value condition="System.HasAddon(script.skin.helper.backgrounds) + !System.AddonIsEnabled(script.skin.helper.backgrounds)">[COLOR orange]$LOCALIZE[31119][/COLOR]</value>
		<value>[COLOR red]$LOCALIZE[31092][/COLOR]</value>
	</variable>
	<variable name="addon-skinhelperwidgets">
		<value condition="System.HasAddon(script.skin.helper.widgets) + System.AddonIsEnabled(script.skin.helper.widgets)">[COLOR lightgreen]v$INFO[System.AddonVersion(script.skin.helper.widgets)] $LOCALIZE[31093][/COLOR]</value>
		<value condition="System.HasAddon(script.skin.helper.widgets) + !System.AddonIsEnabled(script.skin.helper.widgets)">[COLOR orange]$LOCALIZE[31119][/COLOR]</value>
		<value>[COLOR red]$LOCALIZE[31092][/COLOR]</value>
	</variable>
	<variable name="addon-skinhelpercolorpicker">
		<value condition="System.HasAddon(script.skin.helper.colorpicker) + System.AddonIsEnabled(script.skin.helper.colorpicker)">[COLOR lightgreen]v$INFO[System.AddonVersion(script.skin.helper.colorpicker)] $LOCALIZE[31093][/COLOR]</value>
		<value condition="System.HasAddon(script.skin.helper.colorpicker) + !System.AddonIsEnabled(script.skin.helper.colorpicker)">[COLOR orange]$LOCALIZE[31119][/COLOR]</value>
		<value>[COLOR red]$LOCALIZE[31092][/COLOR]</value>
	</variable>
	<variable name="addon-skinhelperbackup">
		<value condition="System.HasAddon(script.skin.helper.skinbackup) + System.AddonIsEnabled(script.skin.helper.skinbackup)">[COLOR lightgreen]v$INFO[System.AddonVersion(script.skin.helper.skinbackup)] $LOCALIZE[31093][/COLOR]</value>
		<value condition="System.HasAddon(script.skin.helper.skinbackup) + !System.AddonIsEnabled(script.skin.helper.skinbackup)">[COLOR orange]$LOCALIZE[31119][/COLOR]</value>
		<value>[COLOR red]$LOCALIZE[31092][/COLOR]</value>
	</variable>
	<variable name="addon-autocompletion">
		<value condition="System.HasAddon(plugin.program.autocompletion) + System.AddonIsEnabled(plugin.program.autocompletion)">[COLOR lightgreen]v$INFO[System.AddonVersion(plugin.program.autocompletion)] $LOCALIZE[31093][/COLOR]</value>
		<value condition="System.HasAddon(plugin.program.autocompletion) + !System.AddonIsEnabled(plugin.program.autocompletion)">[COLOR orange]$LOCALIZE[31119][/COLOR]</value>
		<value>[COLOR red]$LOCALIZE[31092][/COLOR]</value>
	</variable>
	<variable name="addon-librarynodeeditor">
		<value condition="System.HasAddon(plugin.library.node.editor) + System.AddonIsEnabled(plugin.library.node.editor)">[COLOR lightgreen]v$INFO[System.AddonVersion(plugin.library.node.editor)] $LOCALIZE[31093][/COLOR]</value>
		<value condition="System.HasAddon(plugin.library.node.editor) + !System.AddonIsEnabled(plugin.library.node.editor)">[COLOR orange]$LOCALIZE[31119][/COLOR]</value>
		<value>[COLOR red]$LOCALIZE[31092][/COLOR]</value>
	</variable>
	<variable name="addon-imageselect">
		<value condition="System.HasAddon(script.image.resource.select) + System.AddonIsEnabled(script.image.resource.select)">[COLOR lightgreen]v$INFO[System.AddonVersion(script.image.resource.select)] $LOCALIZE[31093][/COLOR]</value>
		<value condition="System.HasAddon(script.image.resource.select) + !System.AddonIsEnabled(script.image.resource.select)">[COLOR orange]$LOCALIZE[31119][/COLOR]</value>
		<value>[COLOR red]$LOCALIZE[31092][/COLOR]</value>
	</variable>
	<variable name="addon-upnext">
		<value condition="System.HasAddon(service.upnext) + System.AddonIsEnabled(service.upnext)">[COLOR lightgreen]v$INFO[System.AddonVersion(service.upnext)] $LOCALIZE[31093][/COLOR]</value>
		<value condition="System.HasAddon(service.upnext) + !System.AddonIsEnabled(service.upnext)">[COLOR orange]$LOCALIZE[31119][/COLOR]</value>
		<value>[COLOR red]$LOCALIZE[31092][/COLOR]</value>
	</variable>
	<variable name="addon-artistslideshow">
		<value condition="System.HasAddon(script.artistslideshow) + System.AddonIsEnabled(script.artistslideshow)">[COLOR lightgreen]v$INFO[System.AddonVersion(script.artistslideshow)] $LOCALIZE[31093][/COLOR]</value>
		<value condition="System.HasAddon(script.artistslideshow) + !System.AddonIsEnabled(script.artistslideshow)">[COLOR orange]$LOCALIZE[31119][/COLOR]</value>
		<value>[COLOR red]$LOCALIZE[31092][/COLOR]</value>
	</variable>

</includes>
