<?xml version="1.0" encoding="UTF-8"?>
<window>
	<!-- videoosd -->
	<defaultcontrol always="true">5</defaultcontrol>
	<include content="WindowDialogFocus">
		<param name="id">5</param>
	</include>
	<onload>ClearProperty(VideoOSDFresh,12005)</onload>
	<onload>ClearProperty(VideoOSDSlider,12005)</onload>
	<onload condition="!Window.IsVisible(seekbar) + !Window.IsVisible(fullscreeninfo)">SetProperty(VideoOSDFresh,True,12005)</onload>
	<onunload>ClearProperty(VideoOSDFresh,12005)</onunload>
	<onunload>ClearProperty(VideoOSDSlider,12005)</onunload>

	<controls>

		<!-- Seek slider -->
		<control type="slider">
			<include>VideoOSD_coords1</include>
			<texturesliderbar />
			<textureslidernib />
			<textureslidernibfocus />
			<action>seek</action>
		</control>
		
		<control type="button" id="100">
			<include>VideoOSD_coords1</include>
			<onup>5</onup>
			<ondown>5</ondown>
			<onleft>StepBack</onleft>
			<onright condition="!Player.Paused">StepForward</onright>
			<onright condition="Player.Paused">PlayerControl(FrameAdvance(1))</onright>
			<onfocus>SetProperty(VideoOSDSlider,True,12005)</onfocus>
			<onunfocus>ClearProperty(VideoOSDSlider,12005)</onunfocus>
			<texturefocus />
			<texturenofocus />
		</control>

		<control type="group">
			<include>DialogDepth</include>
			<include>VideoOSD_coords2</include>
			<visible>!Window.IsActive(playerprocessinfo) + !Window.IsVisible(VideoBookmarks) + !Window.IsVisible(DialogSettings.xml) + !Window.IsVisible(PVRChannelGuide) + !Window.IsVisible(pvrosdchannels) + !Window.IsVisible(teletext) + !Window.IsVisible(DialogSelect.xml) + !Window.IsVisible(DialogPVRInfo.xml) + !Window.IsVisible(shutdownmenu) + !Window.IsVisible(1105) + String.IsEmpty(Window(home).Property(service.upnext.dialog))</visible>
			<include>OSDVisibleHiddenAnimation</include>
			<animation type="WindowOpen" condition="Window.IsVisible(fullscreeninfo) | Window.IsVisible(seekbar)">
				<effect type="zoom" start="90" end="100" center="auto" tween="back" easing="out" time="200" delay="200" />
				<effect type="fade" start="0" end="100" time="200" delay="200" />
			</animation>
			<animation type="WindowOpen" condition="!Window.IsVisible(fullscreeninfo) + !Window.IsVisible(seekbar)">
				<effect type="zoom" start="90" end="100" center="auto" tween="back" easing="out" time="200" />
				<effect type="fade" start="0" end="100" time="200" />
			</animation>
			<animation type="WindowClose">
				<effect type="zoom" start="100" end="90" center="auto" easing="in" time="200" />
				<effect type="fade" start="100" end="0" time="200" />
			</animation>

			<!-- Background -->
			<control type="image">
				<include>VideoOSD_coords3</include>
				<texture colordiffuse="$VAR[MenuOSDColor]">common/Background2.png</texture>
			</control>

			<!-- Controls -->
			<control type="grouplist">
				<include>VideoOSD_coords4</include>
				<itemgap>0</itemgap>
				<onleft>26</onleft>
				<onright>12</onright>
				<onup condition="!Player.SeekEnabled">30</onup>
				<onup condition="Player.SeekEnabled">100</onup>
				<ondown>30</ondown>
				<onback condition="Player.ShowInfo">Info</onback>
				<orientation>horizontal</orientation>

				<!-- Spacer -->
				<control type="image" id="40">
					<include>VideoOSD_coords5</include>
					<texture>transparent.png</texture>
				</control>

				<!-- Skip Back -->
				<control type="button" id="1">
					<include>VideoOSD_coords6</include>
					<onleft>2</onleft>
					<onright>4</onright>
					<texturefocus colordiffuse="$VAR[OverlayColorFO]">osd/OSDTrickBackwardEnd.png</texturefocus>
					<texturenofocus colordiffuse="$VAR[OverlayColorNF]">osd/OSDTrickBackwardEnd.png</texturenofocus>
					<onclick>PlayerControl(Previous)</onclick>
					<visible>Player.SeekEnabled</visible>
				</control>
				
				<!-- Rewind -->
				<control type="togglebutton" id="2">
					<include>VideoOSD_coords7</include>
					<onleft>8</onleft>
					<onright>10</onright>
					<texturefocus colordiffuse="$VAR[OverlayColorFO]">osd/OSDTrickBackward.png</texturefocus>
					<texturenofocus colordiffuse="$VAR[OverlayColorNF]">osd/OSDTrickBackward.png</texturenofocus>
					<alttexturefocus colordiffuse="$VAR[OverlayColorFO]">osd/OSDTrickBackward.png</alttexturefocus>
					<alttexturenofocus colordiffuse="$VAR[OverlayColorFO]">osd/OSDTrickBackward.png</alttexturenofocus>
					<usealttexture>Control.HasFocus(1)</usealttexture>
					<onclick>PlayerControl(Rewind)</onclick>
					<visible>Player.SeekEnabled</visible>
				</control>
				
				<!-- Tempo Down -->
				<control type="togglebutton" id="3">
					<include>VideoOSD_coords7</include>
					<onleft>8</onleft>
					<onright>10</onright>
					<texturefocus colordiffuse="$VAR[OverlayColorFO]">osd/OSDTrickBackward.png</texturefocus>
					<texturenofocus colordiffuse="$VAR[OverlayColorNF]">osd/OSDTrickBackward.png</texturenofocus>
					<alttexturefocus colordiffuse="$VAR[OverlayColorFO]">osd/OSDTrickBackward.png</alttexturefocus>
					<alttexturenofocus colordiffuse="$VAR[OverlayColorFO]">osd/OSDTrickBackward.png</alttexturenofocus>
					<usealttexture>Control.HasFocus(1) | Control.HasFocus(2)</usealttexture>
					<onclick>PlayerControl(TempoDown)</onclick>
					<visible>Player.SeekEnabled</visible>
					<enable>Player.TempoEnabled</enable>
				</control>

				<!-- Spacer -->
				<control type="image" id="41">
					<include>VideoOSD_coords5</include>
					<texture>transparent.png</texture>
				</control>

				<!-- Up -->
				<control type="button" id="4">
					<include>VideoOSD_coords8</include>
					<onleft>4</onleft>
					<onright>6</onright>
					<texturefocus colordiffuse="$VAR[OverlayColorFO]">osd/OSDUpNF.png</texturefocus>
					<texturenofocus colordiffuse="$VAR[OverlayColorNF]">osd/OSDUpNF.png</texturenofocus>
					<onclick>Action(ChannelUp)</onclick>
					<visible>Pvr.IsPlayingTv</visible>
				</control>

				<!-- Play/Pause -->
				<include condition="Player.PauseEnabled">OSDPlayStopButtons</include>
				<!-- Stop -->
				<include condition="!Player.PauseEnabled">OSDStopButton</include>

				<!-- Down -->
				<control type="button" id="7">
					<include>VideoOSD_coords8</include>
					<onleft>5</onleft>
					<onright>7</onright>
					<texturefocus colordiffuse="$VAR[OverlayColorFO]">osd/OSDDownNF.png</texturefocus>
					<texturenofocus colordiffuse="$VAR[OverlayColorNF]">osd/OSDDownNF.png</texturenofocus>
					<onclick>Action(ChannelDown)</onclick>
					<visible>Pvr.IsPlayingTv</visible>
				</control>

				<!-- Spacer -->
				<control type="image" id="42">
					<include>VideoOSD_coords5</include>
					<texture>transparent.png</texture>
				</control>

				<!-- Tempo Up -->
				<control type="togglebutton" id="8">
					<include>VideoOSD_coords7</include>
					<onleft>8</onleft>
					<onright>10</onright>
					<texturefocus colordiffuse="$VAR[OverlayColorFO]">osd/OSDTrickForward.png</texturefocus>
					<texturenofocus colordiffuse="$VAR[OverlayColorNF]">osd/OSDTrickForward.png</texturenofocus>
					<alttexturefocus colordiffuse="$VAR[OverlayColorFO]">osd/OSDTrickForward.png</alttexturefocus>
					<alttexturenofocus colordiffuse="$VAR[OverlayColorFO]">osd/OSDTrickForward.png</alttexturenofocus>
					<usealttexture>Control.HasFocus(9) | Control.HasFocus(10)</usealttexture>
					<onclick>PlayerControl(TempoUp)</onclick>
					<visible>Player.SeekEnabled</visible>
					<enable>Player.TempoEnabled</enable>
				</control>
				
				<!-- Fast Forward -->
				<control type="togglebutton" id="9">
					<include>VideoOSD_coords7</include>
					<onleft>8</onleft>
					<onright>10</onright>
					<texturefocus colordiffuse="$VAR[OverlayColorFO]">osd/OSDTrickForward.png</texturefocus>
					<texturenofocus colordiffuse="$VAR[OverlayColorNF]">osd/OSDTrickForward.png</texturenofocus>
					<alttexturefocus colordiffuse="$VAR[OverlayColorFO]">osd/OSDTrickForward.png</alttexturefocus>
					<alttexturenofocus colordiffuse="$VAR[OverlayColorFO]">osd/OSDTrickForward.png</alttexturenofocus>
					<usealttexture>Control.HasFocus(10)</usealttexture>
					<onclick>PlayerControl(Forward)</onclick>
					<visible>Player.SeekEnabled</visible>
				</control>
				
				<!-- Next -->
				<control type="button" id="10">
					<include>VideoOSD_coords6</include>
					<onleft>7</onleft>
					<onright>9</onright>
					<texturefocus colordiffuse="$VAR[OverlayColorFO]">osd/OSDTrickForwardEnd.png</texturefocus>
					<texturenofocus colordiffuse="$VAR[OverlayColorNF]">osd/OSDTrickForwardEnd.png</texturenofocus>
					<onclick>PlayerControl(Next)</onclick>
					<visible>Player.SeekEnabled</visible>
				</control>

				<!-- Spacer -->
				<control type="image" id="43">
					<include>VideoOSD_coords5</include>
					<texture>transparent.png</texture>
				</control>

				<!-- Record -->
				<control type="togglebutton" id="11">
					<include>VideoOSD_coords8</include>
					<onleft>8</onleft>
					<onright>10</onright>
					<texturefocus colordiffuse="$VAR[OverlayColorFO]">osd/OSDRecordOffNF.png</texturefocus>
					<texturenofocus colordiffuse="$VAR[OverlayColorNF]">osd/OSDRecordOffNF.png</texturenofocus>
					<alttexturefocus colordiffuse="$VAR[OverlayColorFO]">osd/OSDRecordOnNF.png</alttexturefocus>
					<alttexturenofocus colordiffuse="$VAR[OverlayColorNF]">osd/OSDRecordOnNF.png</alttexturenofocus>
					<usealttexture>PVR.IsRecordingPlayingChannel</usealttexture>
					<onclick>PVR.ToggleRecordPlayingChannel</onclick>
					<visible>PVR.CanRecordPlayingChannel</visible>
				</control>

			</control>

			<!-- Options -->
			<control type="grouplist" id="30">
				<include>VideoOSD_coords9</include>
				<align>right</align>
				<itemgap>0</itemgap>
				<onleft>11</onleft>
				<onright>1</onright>
				<onup condition="!Player.SeekEnabled">5</onup>
				<onup condition="Player.SeekEnabled">100</onup>
				<ondown>5</ondown>
				<onback condition="Player.ShowInfo">Info</onback>
				<orientation>horizontal</orientation>
				
				<!-- Repeat -->
				<control type="button" id="12">
					<include>VideoOSD_coords8</include>
					<texturefocus></texturefocus>
					<texturenofocus></texturenofocus>
					<onclick>PlayerControl(Repeat)</onclick>
					<visible>!Pvr.IsPlayingTv</visible>
				</control>
				
				<!-- Random -->
				<control type="togglebutton" id="13">
					<include>VideoOSD_coords8</include>
					<texturefocus colordiffuse="$VAR[OverlayColorFO]">osd/OSDRandomOffNF.png</texturefocus>
					<texturenofocus colordiffuse="$VAR[OverlayColorNF]">osd/OSDRandomOffNF.png</texturenofocus>
					<usealttexture>Playlist.IsRandom</usealttexture>
					<alttexturefocus colordiffuse="$VAR[OverlayColorFO]">osd/OSDRandomOnNF.png</alttexturefocus>
					<alttexturenofocus colordiffuse="$VAR[OverlayColorNF]">osd/OSDRandomOnNF.png</alttexturenofocus>
					<onclick>PlayerControl(Random)</onclick>
					<visible>!Pvr.IsPlayingTv</visible>
					<visible>Integer.IsGreater(VideoPlayer.PlaylistLength,1)</visible>
				</control>
				
				<!-- 3D mode -->
				<control type="button" id="14">
					<include>VideoOSD_coords8</include>
					<texturefocus colordiffuse="$VAR[OverlayColorFO]">osd/OSD3DNF.png</texturefocus>
					<texturenofocus colordiffuse="$VAR[OverlayColorNF]">osd/OSD3DNF.png</texturenofocus>
					<onclick>StereoMode</onclick>
					<visible>VideoPlayer.IsStereoscopic</visible>
				</control>
				
				<!-- Video Settings -->
				<control type="button" id="15">
					<include>VideoOSD_coords8</include>
					<texturefocus colordiffuse="$VAR[OverlayColorFO]">osd/OSDVideoNF.png</texturefocus>
					<texturenofocus colordiffuse="$VAR[OverlayColorNF]">osd/OSDVideoNF.png</texturenofocus>
					<onclick>ActivateWindow(123)</onclick>
				</control>
				
				<!-- Audio Settings -->
				<control type="button" id="16">
					<include>VideoOSD_coords8</include>
					<texturefocus colordiffuse="$VAR[OverlayColorFO]">osd/OSDAudioNF.png</texturefocus>
					<texturenofocus colordiffuse="$VAR[OverlayColorNF]">osd/OSDAudioNF.png</texturenofocus>
					<onclick>ActivateWindow(124)</onclick>
				</control>
				
				<!-- Subtitles -->
				<control type="button" id="17">
					<include>VideoOSD_coords8</include>
					<texturefocus colordiffuse="$VAR[OverlayColorFO]">osd/OSDSubtitlesNF.png</texturefocus>
					<texturenofocus colordiffuse="$VAR[OverlayColorNF]">osd/OSDSubtitlesNF.png</texturenofocus>
					<onclick>ActivateWindow(159)</onclick>
				</control>
				
				<!-- Information -->
				<control type="button" id="18">
					<include>VideoOSD_coords8</include>
					<texturefocus colordiffuse="$VAR[OverlayColorFO]">osd/OSDInfoNF.png</texturefocus>
					<texturenofocus colordiffuse="$VAR[OverlayColorNF]">osd/OSDInfoNF.png</texturenofocus>
					<onclick condition="!Window.IsVisible(fullscreeninfo)">Info</onclick>
					<onclick condition="Window.IsVisible(fullscreeninfo)">Dialog.Close(fullscreeninfo)</onclick>
				</control>
				
				<!-- Bookmarks -->
				<control type="button" id="19">
					<include>VideoOSD_coords8</include>
					<texturefocus colordiffuse="$VAR[OverlayColorFO]">osd/OSDBookmarksNF.png</texturefocus>
					<texturenofocus colordiffuse="$VAR[OverlayColorNF]">osd/OSDBookmarksNF.png</texturenofocus>
					<onclick>ActivateWindow(125)</onclick>
					<visible>!Pvr.IsPlayingTv</visible>
				</control>
				
				<!-- Playlist -->
				<control type="button" id="20">
					<include>VideoOSD_coords8</include>
					<texturefocus colordiffuse="$VAR[OverlayColorFO]">osd/OSDPlaylistNF.png</texturefocus>
					<texturenofocus colordiffuse="$VAR[OverlayColorNF]">osd/OSDPlaylistNF.png</texturenofocus>
					<onclick>Dialog.Close(all, true)</onclick>
					<onclick>ActivateWindow(VideoPlaylist)</onclick>
					<visible>Integer.IsGreater(Playlist.Length(video),1)</visible>
				</control>
				
				<!-- Channels -->
				<control type="button" id="21">
					<include>VideoOSD_coords8</include>
					<texturefocus colordiffuse="$VAR[OverlayColorFO]">osd/OSDChannelNF.png</texturefocus>
					<texturenofocus colordiffuse="$VAR[OverlayColorNF]">osd/OSDChannelNF.png</texturenofocus>
					<onclick>ActivateWindow(PVROSDChannels)</onclick>
					<visible>Pvr.IsPlayingTv</visible>
				</control>
				
				<!-- Channel EPG -->
				<control type="button" id="22">
					<include>VideoOSD_coords8</include>
					<texturefocus colordiffuse="$VAR[OverlayColorFO]">osd/OSDEPGNF.png</texturefocus>
					<texturenofocus colordiffuse="$VAR[OverlayColorNF]">osd/OSDEPGNF.png</texturenofocus>
					<onclick>ActivateWindow(PVRChannelGuide)</onclick>
					<visible>Pvr.IsPlayingTv + VideoPlayer.HasEpg</visible>
				</control>
				
				<!-- Teletext -->
				<control type="button" id="23">
					<include>VideoOSD_coords8</include>
					<texturefocus colordiffuse="$VAR[OverlayColorFO]">osd/OSDTextNF.png</texturefocus>
					<texturenofocus colordiffuse="$VAR[OverlayColorNF]">osd/OSDTextNF.png</texturenofocus>
					<onclick>ActivateWindow(Teletext)</onclick>
					<visible>Pvr.IsPlayingTv</visible>
				</control>
				
				<!-- DVD menu -->
				<control type="button" id="24">
					<include>VideoOSD_coords8</include>
					<texturefocus colordiffuse="$VAR[OverlayColorFO]">osd/OSDDvdNF.png</texturefocus>
					<texturenofocus colordiffuse="$VAR[OverlayColorNF]">osd/OSDDvdNF.png</texturenofocus>
					<onclick>PlayerControl(ShowVideoMenu)</onclick>
					<visible>VideoPlayer.HasMenu</visible>
				</control>
				
				<!-- Resolution select -->
				<control type="button" id="25">
					<include>VideoOSD_coords8</include>
					<texturefocus colordiffuse="$VAR[OverlayColorFO]">osd/OSDResNF.png</texturefocus>
					<texturenofocus colordiffuse="$VAR[OverlayColorNF]">osd/OSDResNF.png</texturenofocus>
					<onclick>PlayerResolutionSelect</onclick>
					<visible>Player.HasResolutions</visible>
				</control>

				<!-- Masking -->
				<control type="button" id="26">
					<include>VideoOSD_coords8</include>
					<texturefocus></texturefocus>
					<texturenofocus></texturenofocus>
					<onclick>ActivateWindow(1105)</onclick>
					<visible>$EXP[Masking]</visible>
				</control>

			</control>
			
			<!-- Repeat images -->
			<control type="group">
				<include>VideoOSD_coords10</include>
				<visible>!Pvr.IsPlayingTv</visible>
				<animation effect="slide" end="120,0" time="0" condition="!Integer.IsGreater(VideoPlayer.PlaylistLength,1)">Conditional</animation>
				<animation effect="slide" end="60,0" time="0" condition="!Control.IsVisible(26)">Conditional</animation>
				<animation effect="slide" end="60,0" time="0" condition="!Control.IsVisible(25)">Conditional</animation>
				<animation effect="slide" end="60,0" time="0" condition="!Control.IsVisible(24)">Conditional</animation>
				<animation effect="slide" end="60,0" time="0" condition="!Control.IsVisible(14)">Conditional</animation>

				<control type="image">
					<include>VideoOSD_coords8</include>
					<texture colordiffuse="$VAR[OverlayColorNF]">osd/OSDRepeatNF.png</texture>
					<visible>!Playlist.IsRepeat + !Playlist.IsRepeatOne</visible>
					<visible>!Control.HasFocus(12)</visible>
				</control>
				<control type="image">
					<include>VideoOSD_coords8</include>
					<texture colordiffuse="$VAR[OverlayColorFO]">osd/OSDRepeatNF.png</texture>
					<visible>!Playlist.IsRepeat + !Playlist.IsRepeatOne</visible>
					<visible>Control.HasFocus(12)</visible>
				</control>
				<control type="image">
					<include>VideoOSD_coords8</include>
					<texture colordiffuse="$VAR[OverlayColorNF]">osd/OSDRepeatOneNF.png</texture>
					<visible>Playlist.IsRepeatOne</visible>
					<visible>!Control.HasFocus(12)</visible>
				</control>
				<control type="image">
					<include>VideoOSD_coords8</include>
					<texture colordiffuse="$VAR[OverlayColorFO]">osd/OSDRepeatOneNF.png</texture>
					<visible>Playlist.IsRepeatOne</visible>
					<visible>Control.HasFocus(12)</visible>
				</control>
				<control type="image">
					<include>VideoOSD_coords8</include>
					<texture colordiffuse="$VAR[OverlayColorNF]">osd/OSDRepeatAllNF.png</texture>
					<visible>Playlist.IsRepeat</visible>
					<visible>!Control.HasFocus(12)</visible>
				</control>
				<control type="image">
					<include>VideoOSD_coords8</include>
					<texture colordiffuse="$VAR[OverlayColorFO]">osd/OSDRepeatAllNF.png</texture>
					<visible>Playlist.IsRepeat</visible>
					<visible>Control.HasFocus(12)</visible>
				</control>

			</control>
			
			<!-- Masking images -->
			<control type="group">
				<include>VideoOSD_coords11</include>
				<visible>Control.IsVisible(26)</visible>

				<control type="image">
					<include>VideoOSD_coords8</include>
					<texture colordiffuse="$VAR[OverlayColorNF]">osd/OSDMask240NF.png</texture>
					<visible>String.IsEqual(Skin.String(MaskingBars),2.40:1) + [!Skin.HasSetting(AutomaticMasking) | Skin.HasSetting(AutomaticMasking) + !String.Contains(Player.FileName,-AR178-) + !String.Contains(Player.FileName,-AR178.) + !String.Contains(Player.FileName,-AR178_) + !String.Contains(Player.FileName,.AR178-) + !String.Contains(Player.FileName,.AR178.) + !String.Contains(Player.FileName,.AR178_) + !String.Contains(Player.FileName,_AR178-) + !String.Contains(Player.FileName,_AR178.) + !String.Contains(Player.FileName,_AR178_) + !String.Contains(Player.FileName,-AR200-) + !String.Contains(Player.FileName,-AR200.) + !String.Contains(Player.FileName,-AR200_) + !String.Contains(Player.FileName,.AR200-) + !String.Contains(Player.FileName,.AR200.) + !String.Contains(Player.FileName,.AR200_) + !String.Contains(Player.FileName,_AR200-) + !String.Contains(Player.FileName,_AR200.) + !String.Contains(Player.FileName,_AR200_) + !String.Contains(Player.FileName,-AR233-) + !String.Contains(Player.FileName,-AR233.) + !String.Contains(Player.FileName,-AR233_) + !String.Contains(Player.FileName,.AR233-) + !String.Contains(Player.FileName,.AR233.) + !String.Contains(Player.FileName,.AR233_) + !String.Contains(Player.FileName,_AR233-) + !String.Contains(Player.FileName,_AR233.) + !String.Contains(Player.FileName,_AR233_) + !String.Contains(Player.FileName,-AR235-) + !String.Contains(Player.FileName,-AR235.) + !String.Contains(Player.FileName,-AR235_) + !String.Contains(Player.FileName,.AR235-) + !String.Contains(Player.FileName,.AR235.) + !String.Contains(Player.FileName,.AR235_) + !String.Contains(Player.FileName,_AR235-) + !String.Contains(Player.FileName,_AR235.) + !String.Contains(Player.FileName,_AR235_) + !String.Contains(Player.FileName,-AR240-) + !String.Contains(Player.FileName,-AR240.) + !String.Contains(Player.FileName,-AR240_) + !String.Contains(Player.FileName,.AR240-) + !String.Contains(Player.FileName,.AR240.) + !String.Contains(Player.FileName,.AR240_) + !String.Contains(Player.FileName,_AR240-) + !String.Contains(Player.FileName,_AR240.) + !String.Contains(Player.FileName,_AR240_)]</visible>
					<visible>!Control.HasFocus(26)</visible>
				</control>
				<control type="image">
					<include>VideoOSD_coords8</include>
					<texture colordiffuse="$VAR[OverlayColorFO]">osd/OSDMask240NF.png</texture>
					<visible>String.IsEqual(Skin.String(MaskingBars),2.40:1) + [!Skin.HasSetting(AutomaticMasking) | Skin.HasSetting(AutomaticMasking) + !String.Contains(Player.FileName,-AR178-) + !String.Contains(Player.FileName,-AR178.) + !String.Contains(Player.FileName,-AR178_) + !String.Contains(Player.FileName,.AR178-) + !String.Contains(Player.FileName,.AR178.) + !String.Contains(Player.FileName,.AR178_) + !String.Contains(Player.FileName,_AR178-) + !String.Contains(Player.FileName,_AR178.) + !String.Contains(Player.FileName,_AR178_) + !String.Contains(Player.FileName,-AR200-) + !String.Contains(Player.FileName,-AR200.) + !String.Contains(Player.FileName,-AR200_) + !String.Contains(Player.FileName,.AR200-) + !String.Contains(Player.FileName,.AR200.) + !String.Contains(Player.FileName,.AR200_) + !String.Contains(Player.FileName,_AR200-) + !String.Contains(Player.FileName,_AR200.) + !String.Contains(Player.FileName,_AR200_) + !String.Contains(Player.FileName,-AR233-) + !String.Contains(Player.FileName,-AR233.) + !String.Contains(Player.FileName,-AR233_) + !String.Contains(Player.FileName,.AR233-) + !String.Contains(Player.FileName,.AR233.) + !String.Contains(Player.FileName,.AR233_) + !String.Contains(Player.FileName,_AR233-) + !String.Contains(Player.FileName,_AR233.) + !String.Contains(Player.FileName,_AR233_) + !String.Contains(Player.FileName,-AR235-) + !String.Contains(Player.FileName,-AR235.) + !String.Contains(Player.FileName,-AR235_) + !String.Contains(Player.FileName,.AR235-) + !String.Contains(Player.FileName,.AR235.) + !String.Contains(Player.FileName,.AR235_) + !String.Contains(Player.FileName,_AR235-) + !String.Contains(Player.FileName,_AR235.) + !String.Contains(Player.FileName,_AR235_) + !String.Contains(Player.FileName,-AR240-) + !String.Contains(Player.FileName,-AR240.) + !String.Contains(Player.FileName,-AR240_) + !String.Contains(Player.FileName,.AR240-) + !String.Contains(Player.FileName,.AR240.) + !String.Contains(Player.FileName,.AR240_) + !String.Contains(Player.FileName,_AR240-) + !String.Contains(Player.FileName,_AR240.) + !String.Contains(Player.FileName,_AR240_)]</visible>
					<visible>Control.HasFocus(26)</visible>
				</control>
				<control type="image">
					<include>VideoOSD_coords8</include>
					<texture colordiffuse="$VAR[OverlayColorNF]">osd/OSDMask235NF.png</texture>
					<visible>String.IsEqual(Skin.String(MaskingBars),2.35:1) + [!Skin.HasSetting(AutomaticMasking) | Skin.HasSetting(AutomaticMasking) + !String.Contains(Player.FileName,-AR178-) + !String.Contains(Player.FileName,-AR178.) + !String.Contains(Player.FileName,-AR178_) + !String.Contains(Player.FileName,.AR178-) + !String.Contains(Player.FileName,.AR178.) + !String.Contains(Player.FileName,.AR178_) + !String.Contains(Player.FileName,_AR178-) + !String.Contains(Player.FileName,_AR178.) + !String.Contains(Player.FileName,_AR178_) + !String.Contains(Player.FileName,-AR200-) + !String.Contains(Player.FileName,-AR200.) + !String.Contains(Player.FileName,-AR200_) + !String.Contains(Player.FileName,.AR200-) + !String.Contains(Player.FileName,.AR200.) + !String.Contains(Player.FileName,.AR200_) + !String.Contains(Player.FileName,_AR200-) + !String.Contains(Player.FileName,_AR200.) + !String.Contains(Player.FileName,_AR200_) + !String.Contains(Player.FileName,-AR233-) + !String.Contains(Player.FileName,-AR233.) + !String.Contains(Player.FileName,-AR233_) + !String.Contains(Player.FileName,.AR233-) + !String.Contains(Player.FileName,.AR233.) + !String.Contains(Player.FileName,.AR233_) + !String.Contains(Player.FileName,_AR233-) + !String.Contains(Player.FileName,_AR233.) + !String.Contains(Player.FileName,_AR233_) + !String.Contains(Player.FileName,-AR235-) + !String.Contains(Player.FileName,-AR235.) + !String.Contains(Player.FileName,-AR235_) + !String.Contains(Player.FileName,.AR235-) + !String.Contains(Player.FileName,.AR235.) + !String.Contains(Player.FileName,.AR235_) + !String.Contains(Player.FileName,_AR235-) + !String.Contains(Player.FileName,_AR235.) + !String.Contains(Player.FileName,_AR235_) + !String.Contains(Player.FileName,-AR240-) + !String.Contains(Player.FileName,-AR240.) + !String.Contains(Player.FileName,-AR240_) + !String.Contains(Player.FileName,.AR240-) + !String.Contains(Player.FileName,.AR240.) + !String.Contains(Player.FileName,.AR240_) + !String.Contains(Player.FileName,_AR240-) + !String.Contains(Player.FileName,_AR240.) + !String.Contains(Player.FileName,_AR240_)]</visible>
					<visible>!Control.HasFocus(26)</visible>
				</control>
				<control type="image">
					<include>VideoOSD_coords8</include>
					<texture colordiffuse="$VAR[OverlayColorFO]">osd/OSDMask235NF.png</texture>
					<visible>String.IsEqual(Skin.String(MaskingBars),2.35:1) + [!Skin.HasSetting(AutomaticMasking) | Skin.HasSetting(AutomaticMasking) + !String.Contains(Player.FileName,-AR178-) + !String.Contains(Player.FileName,-AR178.) + !String.Contains(Player.FileName,-AR178_) + !String.Contains(Player.FileName,.AR178-) + !String.Contains(Player.FileName,.AR178.) + !String.Contains(Player.FileName,.AR178_) + !String.Contains(Player.FileName,_AR178-) + !String.Contains(Player.FileName,_AR178.) + !String.Contains(Player.FileName,_AR178_) + !String.Contains(Player.FileName,-AR200-) + !String.Contains(Player.FileName,-AR200.) + !String.Contains(Player.FileName,-AR200_) + !String.Contains(Player.FileName,.AR200-) + !String.Contains(Player.FileName,.AR200.) + !String.Contains(Player.FileName,.AR200_) + !String.Contains(Player.FileName,_AR200-) + !String.Contains(Player.FileName,_AR200.) + !String.Contains(Player.FileName,_AR200_) + !String.Contains(Player.FileName,-AR233-) + !String.Contains(Player.FileName,-AR233.) + !String.Contains(Player.FileName,-AR233_) + !String.Contains(Player.FileName,.AR233-) + !String.Contains(Player.FileName,.AR233.) + !String.Contains(Player.FileName,.AR233_) + !String.Contains(Player.FileName,_AR233-) + !String.Contains(Player.FileName,_AR233.) + !String.Contains(Player.FileName,_AR233_) + !String.Contains(Player.FileName,-AR235-) + !String.Contains(Player.FileName,-AR235.) + !String.Contains(Player.FileName,-AR235_) + !String.Contains(Player.FileName,.AR235-) + !String.Contains(Player.FileName,.AR235.) + !String.Contains(Player.FileName,.AR235_) + !String.Contains(Player.FileName,_AR235-) + !String.Contains(Player.FileName,_AR235.) + !String.Contains(Player.FileName,_AR235_) + !String.Contains(Player.FileName,-AR240-) + !String.Contains(Player.FileName,-AR240.) + !String.Contains(Player.FileName,-AR240_) + !String.Contains(Player.FileName,.AR240-) + !String.Contains(Player.FileName,.AR240.) + !String.Contains(Player.FileName,.AR240_) + !String.Contains(Player.FileName,_AR240-) + !String.Contains(Player.FileName,_AR240.) + !String.Contains(Player.FileName,_AR240_)]</visible>
					<visible>Control.HasFocus(26)</visible>
				</control>
				<control type="image">
					<include>VideoOSD_coords8</include>
					<texture colordiffuse="$VAR[OverlayColorNF]">osd/OSDMask233NF.png</texture>
					<visible>String.IsEqual(Skin.String(MaskingBars),2.33:1) + [!Skin.HasSetting(AutomaticMasking) | Skin.HasSetting(AutomaticMasking) + !String.Contains(Player.FileName,-AR178-) + !String.Contains(Player.FileName,-AR178.) + !String.Contains(Player.FileName,-AR178_) + !String.Contains(Player.FileName,.AR178-) + !String.Contains(Player.FileName,.AR178.) + !String.Contains(Player.FileName,.AR178_) + !String.Contains(Player.FileName,_AR178-) + !String.Contains(Player.FileName,_AR178.) + !String.Contains(Player.FileName,_AR178_) + !String.Contains(Player.FileName,-AR200-) + !String.Contains(Player.FileName,-AR200.) + !String.Contains(Player.FileName,-AR200_) + !String.Contains(Player.FileName,.AR200-) + !String.Contains(Player.FileName,.AR200.) + !String.Contains(Player.FileName,.AR200_) + !String.Contains(Player.FileName,_AR200-) + !String.Contains(Player.FileName,_AR200.) + !String.Contains(Player.FileName,_AR200_) + !String.Contains(Player.FileName,-AR233-) + !String.Contains(Player.FileName,-AR233.) + !String.Contains(Player.FileName,-AR233_) + !String.Contains(Player.FileName,.AR233-) + !String.Contains(Player.FileName,.AR233.) + !String.Contains(Player.FileName,.AR233_) + !String.Contains(Player.FileName,_AR233-) + !String.Contains(Player.FileName,_AR233.) + !String.Contains(Player.FileName,_AR233_) + !String.Contains(Player.FileName,-AR235-) + !String.Contains(Player.FileName,-AR235.) + !String.Contains(Player.FileName,-AR235_) + !String.Contains(Player.FileName,.AR235-) + !String.Contains(Player.FileName,.AR235.) + !String.Contains(Player.FileName,.AR235_) + !String.Contains(Player.FileName,_AR235-) + !String.Contains(Player.FileName,_AR235.) + !String.Contains(Player.FileName,_AR235_) + !String.Contains(Player.FileName,-AR240-) + !String.Contains(Player.FileName,-AR240.) + !String.Contains(Player.FileName,-AR240_) + !String.Contains(Player.FileName,.AR240-) + !String.Contains(Player.FileName,.AR240.) + !String.Contains(Player.FileName,.AR240_) + !String.Contains(Player.FileName,_AR240-) + !String.Contains(Player.FileName,_AR240.) + !String.Contains(Player.FileName,_AR240_)]</visible>
					<visible>!Control.HasFocus(26)</visible>
				</control>
				<control type="image">
					<include>VideoOSD_coords8</include>
					<texture colordiffuse="$VAR[OverlayColorFO]">osd/OSDMask233NF.png</texture>
					<visible>String.IsEqual(Skin.String(MaskingBars),2.33:1) + [!Skin.HasSetting(AutomaticMasking) | Skin.HasSetting(AutomaticMasking) + !String.Contains(Player.FileName,-AR178-) + !String.Contains(Player.FileName,-AR178.) + !String.Contains(Player.FileName,-AR178_) + !String.Contains(Player.FileName,.AR178-) + !String.Contains(Player.FileName,.AR178.) + !String.Contains(Player.FileName,.AR178_) + !String.Contains(Player.FileName,_AR178-) + !String.Contains(Player.FileName,_AR178.) + !String.Contains(Player.FileName,_AR178_) + !String.Contains(Player.FileName,-AR200-) + !String.Contains(Player.FileName,-AR200.) + !String.Contains(Player.FileName,-AR200_) + !String.Contains(Player.FileName,.AR200-) + !String.Contains(Player.FileName,.AR200.) + !String.Contains(Player.FileName,.AR200_) + !String.Contains(Player.FileName,_AR200-) + !String.Contains(Player.FileName,_AR200.) + !String.Contains(Player.FileName,_AR200_) + !String.Contains(Player.FileName,-AR233-) + !String.Contains(Player.FileName,-AR233.) + !String.Contains(Player.FileName,-AR233_) + !String.Contains(Player.FileName,.AR233-) + !String.Contains(Player.FileName,.AR233.) + !String.Contains(Player.FileName,.AR233_) + !String.Contains(Player.FileName,_AR233-) + !String.Contains(Player.FileName,_AR233.) + !String.Contains(Player.FileName,_AR233_) + !String.Contains(Player.FileName,-AR235-) + !String.Contains(Player.FileName,-AR235.) + !String.Contains(Player.FileName,-AR235_) + !String.Contains(Player.FileName,.AR235-) + !String.Contains(Player.FileName,.AR235.) + !String.Contains(Player.FileName,.AR235_) + !String.Contains(Player.FileName,_AR235-) + !String.Contains(Player.FileName,_AR235.) + !String.Contains(Player.FileName,_AR235_) + !String.Contains(Player.FileName,-AR240-) + !String.Contains(Player.FileName,-AR240.) + !String.Contains(Player.FileName,-AR240_) + !String.Contains(Player.FileName,.AR240-) + !String.Contains(Player.FileName,.AR240.) + !String.Contains(Player.FileName,.AR240_) + !String.Contains(Player.FileName,_AR240-) + !String.Contains(Player.FileName,_AR240.) + !String.Contains(Player.FileName,_AR240_)]</visible>
					<visible>Control.HasFocus(26)</visible>
				</control>
				<control type="image">
					<include>VideoOSD_coords8</include>
					<texture colordiffuse="$VAR[OverlayColorNF]">osd/OSDMask200NF.png</texture>
					<visible>String.IsEqual(Skin.String(MaskingBars),2.00:1) + [!Skin.HasSetting(AutomaticMasking) | Skin.HasSetting(AutomaticMasking) + !String.Contains(Player.FileName,-AR178-) + !String.Contains(Player.FileName,-AR178.) + !String.Contains(Player.FileName,-AR178_) + !String.Contains(Player.FileName,.AR178-) + !String.Contains(Player.FileName,.AR178.) + !String.Contains(Player.FileName,.AR178_) + !String.Contains(Player.FileName,_AR178-) + !String.Contains(Player.FileName,_AR178.) + !String.Contains(Player.FileName,_AR178_) + !String.Contains(Player.FileName,-AR200-) + !String.Contains(Player.FileName,-AR200.) + !String.Contains(Player.FileName,-AR200_) + !String.Contains(Player.FileName,.AR200-) + !String.Contains(Player.FileName,.AR200.) + !String.Contains(Player.FileName,.AR200_) + !String.Contains(Player.FileName,_AR200-) + !String.Contains(Player.FileName,_AR200.) + !String.Contains(Player.FileName,_AR200_) + !String.Contains(Player.FileName,-AR233-) + !String.Contains(Player.FileName,-AR233.) + !String.Contains(Player.FileName,-AR233_) + !String.Contains(Player.FileName,.AR233-) + !String.Contains(Player.FileName,.AR233.) + !String.Contains(Player.FileName,.AR233_) + !String.Contains(Player.FileName,_AR233-) + !String.Contains(Player.FileName,_AR233.) + !String.Contains(Player.FileName,_AR233_) + !String.Contains(Player.FileName,-AR235-) + !String.Contains(Player.FileName,-AR235.) + !String.Contains(Player.FileName,-AR235_) + !String.Contains(Player.FileName,.AR235-) + !String.Contains(Player.FileName,.AR235.) + !String.Contains(Player.FileName,.AR235_) + !String.Contains(Player.FileName,_AR235-) + !String.Contains(Player.FileName,_AR235.) + !String.Contains(Player.FileName,_AR235_) + !String.Contains(Player.FileName,-AR240-) + !String.Contains(Player.FileName,-AR240.) + !String.Contains(Player.FileName,-AR240_) + !String.Contains(Player.FileName,.AR240-) + !String.Contains(Player.FileName,.AR240.) + !String.Contains(Player.FileName,.AR240_) + !String.Contains(Player.FileName,_AR240-) + !String.Contains(Player.FileName,_AR240.) + !String.Contains(Player.FileName,_AR240_)]</visible>
					<visible>!Control.HasFocus(26)</visible>
				</control>
				<control type="image">
					<include>VideoOSD_coords8</include>
					<texture colordiffuse="$VAR[OverlayColorFO]">osd/OSDMask200NF.png</texture>
					<visible>String.IsEqual(Skin.String(MaskingBars),2.00:1) + [!Skin.HasSetting(AutomaticMasking) | Skin.HasSetting(AutomaticMasking) + !String.Contains(Player.FileName,-AR178-) + !String.Contains(Player.FileName,-AR178.) + !String.Contains(Player.FileName,-AR178_) + !String.Contains(Player.FileName,.AR178-) + !String.Contains(Player.FileName,.AR178.) + !String.Contains(Player.FileName,.AR178_) + !String.Contains(Player.FileName,_AR178-) + !String.Contains(Player.FileName,_AR178.) + !String.Contains(Player.FileName,_AR178_) + !String.Contains(Player.FileName,-AR200-) + !String.Contains(Player.FileName,-AR200.) + !String.Contains(Player.FileName,-AR200_) + !String.Contains(Player.FileName,.AR200-) + !String.Contains(Player.FileName,.AR200.) + !String.Contains(Player.FileName,.AR200_) + !String.Contains(Player.FileName,_AR200-) + !String.Contains(Player.FileName,_AR200.) + !String.Contains(Player.FileName,_AR200_) + !String.Contains(Player.FileName,-AR233-) + !String.Contains(Player.FileName,-AR233.) + !String.Contains(Player.FileName,-AR233_) + !String.Contains(Player.FileName,.AR233-) + !String.Contains(Player.FileName,.AR233.) + !String.Contains(Player.FileName,.AR233_) + !String.Contains(Player.FileName,_AR233-) + !String.Contains(Player.FileName,_AR233.) + !String.Contains(Player.FileName,_AR233_) + !String.Contains(Player.FileName,-AR235-) + !String.Contains(Player.FileName,-AR235.) + !String.Contains(Player.FileName,-AR235_) + !String.Contains(Player.FileName,.AR235-) + !String.Contains(Player.FileName,.AR235.) + !String.Contains(Player.FileName,.AR235_) + !String.Contains(Player.FileName,_AR235-) + !String.Contains(Player.FileName,_AR235.) + !String.Contains(Player.FileName,_AR235_) + !String.Contains(Player.FileName,-AR240-) + !String.Contains(Player.FileName,-AR240.) + !String.Contains(Player.FileName,-AR240_) + !String.Contains(Player.FileName,.AR240-) + !String.Contains(Player.FileName,.AR240.) + !String.Contains(Player.FileName,.AR240_) + !String.Contains(Player.FileName,_AR240-) + !String.Contains(Player.FileName,_AR240.) + !String.Contains(Player.FileName,_AR240_)]</visible>
					<visible>Control.HasFocus(26)</visible>
				</control>
				<control type="image">
					<include>VideoOSD_coords8</include>
					<texture colordiffuse="$VAR[OverlayColorNF]">osd/OSDMask178NF.png</texture>
					<visible>String.IsEqual(Skin.String(MaskingBars),1.78:1) + [!Skin.HasSetting(AutomaticMasking) | Skin.HasSetting(AutomaticMasking) + !String.Contains(Player.FileName,-AR178-) + !String.Contains(Player.FileName,-AR178.) + !String.Contains(Player.FileName,-AR178_) + !String.Contains(Player.FileName,.AR178-) + !String.Contains(Player.FileName,.AR178.) + !String.Contains(Player.FileName,.AR178_) + !String.Contains(Player.FileName,_AR178-) + !String.Contains(Player.FileName,_AR178.) + !String.Contains(Player.FileName,_AR178_) + !String.Contains(Player.FileName,-AR200-) + !String.Contains(Player.FileName,-AR200.) + !String.Contains(Player.FileName,-AR200_) + !String.Contains(Player.FileName,.AR200-) + !String.Contains(Player.FileName,.AR200.) + !String.Contains(Player.FileName,.AR200_) + !String.Contains(Player.FileName,_AR200-) + !String.Contains(Player.FileName,_AR200.) + !String.Contains(Player.FileName,_AR200_) + !String.Contains(Player.FileName,-AR233-) + !String.Contains(Player.FileName,-AR233.) + !String.Contains(Player.FileName,-AR233_) + !String.Contains(Player.FileName,.AR233-) + !String.Contains(Player.FileName,.AR233.) + !String.Contains(Player.FileName,.AR233_) + !String.Contains(Player.FileName,_AR233-) + !String.Contains(Player.FileName,_AR233.) + !String.Contains(Player.FileName,_AR233_) + !String.Contains(Player.FileName,-AR235-) + !String.Contains(Player.FileName,-AR235.) + !String.Contains(Player.FileName,-AR235_) + !String.Contains(Player.FileName,.AR235-) + !String.Contains(Player.FileName,.AR235.) + !String.Contains(Player.FileName,.AR235_) + !String.Contains(Player.FileName,_AR235-) + !String.Contains(Player.FileName,_AR235.) + !String.Contains(Player.FileName,_AR235_) + !String.Contains(Player.FileName,-AR240-) + !String.Contains(Player.FileName,-AR240.) + !String.Contains(Player.FileName,-AR240_) + !String.Contains(Player.FileName,.AR240-) + !String.Contains(Player.FileName,.AR240.) + !String.Contains(Player.FileName,.AR240_) + !String.Contains(Player.FileName,_AR240-) + !String.Contains(Player.FileName,_AR240.) + !String.Contains(Player.FileName,_AR240_)]</visible>
					<visible>!Control.HasFocus(26)</visible>
				</control>
				<control type="image">
					<include>VideoOSD_coords8</include>
					<texture colordiffuse="$VAR[OverlayColorFO]">osd/OSDMask178NF.png</texture>
					<visible>String.IsEqual(Skin.String(MaskingBars),1.78:1) + [!Skin.HasSetting(AutomaticMasking) | Skin.HasSetting(AutomaticMasking) + !String.Contains(Player.FileName,-AR178-) + !String.Contains(Player.FileName,-AR178.) + !String.Contains(Player.FileName,-AR178_) + !String.Contains(Player.FileName,.AR178-) + !String.Contains(Player.FileName,.AR178.) + !String.Contains(Player.FileName,.AR178_) + !String.Contains(Player.FileName,_AR178-) + !String.Contains(Player.FileName,_AR178.) + !String.Contains(Player.FileName,_AR178_) + !String.Contains(Player.FileName,-AR200-) + !String.Contains(Player.FileName,-AR200.) + !String.Contains(Player.FileName,-AR200_) + !String.Contains(Player.FileName,.AR200-) + !String.Contains(Player.FileName,.AR200.) + !String.Contains(Player.FileName,.AR200_) + !String.Contains(Player.FileName,_AR200-) + !String.Contains(Player.FileName,_AR200.) + !String.Contains(Player.FileName,_AR200_) + !String.Contains(Player.FileName,-AR233-) + !String.Contains(Player.FileName,-AR233.) + !String.Contains(Player.FileName,-AR233_) + !String.Contains(Player.FileName,.AR233-) + !String.Contains(Player.FileName,.AR233.) + !String.Contains(Player.FileName,.AR233_) + !String.Contains(Player.FileName,_AR233-) + !String.Contains(Player.FileName,_AR233.) + !String.Contains(Player.FileName,_AR233_) + !String.Contains(Player.FileName,-AR235-) + !String.Contains(Player.FileName,-AR235.) + !String.Contains(Player.FileName,-AR235_) + !String.Contains(Player.FileName,.AR235-) + !String.Contains(Player.FileName,.AR235.) + !String.Contains(Player.FileName,.AR235_) + !String.Contains(Player.FileName,_AR235-) + !String.Contains(Player.FileName,_AR235.) + !String.Contains(Player.FileName,_AR235_) + !String.Contains(Player.FileName,-AR240-) + !String.Contains(Player.FileName,-AR240.) + !String.Contains(Player.FileName,-AR240_) + !String.Contains(Player.FileName,.AR240-) + !String.Contains(Player.FileName,.AR240.) + !String.Contains(Player.FileName,.AR240_) + !String.Contains(Player.FileName,_AR240-) + !String.Contains(Player.FileName,_AR240.) + !String.Contains(Player.FileName,_AR240_)]</visible>
					<visible>Control.HasFocus(26)</visible>
				</control>
				<control type="image">
					<include>VideoOSD_coords8</include>
					<texture colordiffuse="$VAR[OverlayColorNF]">osd/OSDMaskAutoNF.png</texture>
					<visible>Skin.HasSetting(AutomaticMasking) + [String.Contains(Player.FileName,-AR178-) | String.Contains(Player.FileName,-AR178.) | String.Contains(Player.FileName,-AR178_) | String.Contains(Player.FileName,.AR178-) | String.Contains(Player.FileName,.AR178.) | String.Contains(Player.FileName,.AR178_) | String.Contains(Player.FileName,_AR178-) | String.Contains(Player.FileName,_AR178.) | String.Contains(Player.FileName,_AR178_) | String.Contains(Player.FileName,-AR235-) | String.Contains(Player.FileName,-AR235.) | String.Contains(Player.FileName,-AR235_) | String.Contains(Player.FileName,.AR235-) | String.Contains(Player.FileName,.AR235.) | String.Contains(Player.FileName,.AR235_) | String.Contains(Player.FileName,_AR235-) | String.Contains(Player.FileName,_AR235.) | String.Contains(Player.FileName,_AR235_) | String.Contains(Player.FileName,-AR233-) | String.Contains(Player.FileName,-AR233.) | String.Contains(Player.FileName,-AR233_) | String.Contains(Player.FileName,.AR233-) | String.Contains(Player.FileName,.AR233.) | String.Contains(Player.FileName,.AR233_) | String.Contains(Player.FileName,_AR233-) | String.Contains(Player.FileName,_AR233.) | String.Contains(Player.FileName,_AR233_) | String.Contains(Player.FileName,-AR200-) | String.Contains(Player.FileName,-AR200.) | String.Contains(Player.FileName,-AR200_) | String.Contains(Player.FileName,.AR200-) | String.Contains(Player.FileName,.AR200.) | String.Contains(Player.FileName,.AR200_) | String.Contains(Player.FileName,_AR200-) | String.Contains(Player.FileName,_AR200.) | String.Contains(Player.FileName,_AR200_) | String.Contains(Player.FileName,-AR240-) | String.Contains(Player.FileName,-AR240.) | String.Contains(Player.FileName,-AR240_) | String.Contains(Player.FileName,.AR240-) | String.Contains(Player.FileName,.AR240.) | String.Contains(Player.FileName,.AR240_) | String.Contains(Player.FileName,_AR240-) | String.Contains(Player.FileName,_AR240.) | String.Contains(Player.FileName,_AR240_)]</visible>
					<visible>!Control.HasFocus(26)</visible>
				</control>
				<control type="image">
					<include>VideoOSD_coords8</include>
					<texture colordiffuse="$VAR[OverlayColorFO]">osd/OSDMaskAutoNF.png</texture>
					<visible>Skin.HasSetting(AutomaticMasking) + [String.Contains(Player.FileName,-AR178-) | String.Contains(Player.FileName,-AR178.) | String.Contains(Player.FileName,-AR178_) | String.Contains(Player.FileName,.AR178-) | String.Contains(Player.FileName,.AR178.) | String.Contains(Player.FileName,.AR178_) | String.Contains(Player.FileName,_AR178-) | String.Contains(Player.FileName,_AR178.) | String.Contains(Player.FileName,_AR178_) | String.Contains(Player.FileName,-AR235-) | String.Contains(Player.FileName,-AR235.) | String.Contains(Player.FileName,-AR235_) | String.Contains(Player.FileName,.AR235-) | String.Contains(Player.FileName,.AR235.) | String.Contains(Player.FileName,.AR235_) | String.Contains(Player.FileName,_AR235-) | String.Contains(Player.FileName,_AR235.) | String.Contains(Player.FileName,_AR235_) | String.Contains(Player.FileName,-AR233-) | String.Contains(Player.FileName,-AR233.) | String.Contains(Player.FileName,-AR233_) | String.Contains(Player.FileName,.AR233-) | String.Contains(Player.FileName,.AR233.) | String.Contains(Player.FileName,.AR233_) | String.Contains(Player.FileName,_AR233-) | String.Contains(Player.FileName,_AR233.) | String.Contains(Player.FileName,_AR233_) | String.Contains(Player.FileName,-AR200-) | String.Contains(Player.FileName,-AR200.) | String.Contains(Player.FileName,-AR200_) | String.Contains(Player.FileName,.AR200-) | String.Contains(Player.FileName,.AR200.) | String.Contains(Player.FileName,.AR200_) | String.Contains(Player.FileName,_AR200-) | String.Contains(Player.FileName,_AR200.) | String.Contains(Player.FileName,_AR200_) | String.Contains(Player.FileName,-AR240-) | String.Contains(Player.FileName,-AR240.) | String.Contains(Player.FileName,-AR240_) | String.Contains(Player.FileName,.AR240-) | String.Contains(Player.FileName,.AR240.) | String.Contains(Player.FileName,.AR240_) | String.Contains(Player.FileName,_AR240-) | String.Contains(Player.FileName,_AR240.) | String.Contains(Player.FileName,_AR240_)]</visible>
					<visible>Control.HasFocus(26)</visible>
				</control>

			</control>
			
		</control>

	</controls>

</window>
