<?xml version="1.0" encoding="UTF-8"?>
<includes>

	<include name="Viewtype511">

		<!-- List info -->
		<control type="group">
			<visible>Control.IsVisible(511)</visible>

			<!-- Media images -->
			
			<!-- Movies -->
			<include content="image-511">
				<param name="fallback">DefaultMovies.png</param>
				<param name="visible">Container.Content(movies) | Container.Content(sets)</param>
			</include>
			<!-- TV shows -->
			<include content="image-511">
				<param name="fallback">DefaultTVShows.png</param>
				<param name="visible">Container.Content(tvshows)</param>
			</include>
			<!-- TV show episodes -->
			<include content="image-511-episodes">
				<param name="fallback">DefaultTVShows.png</param>
				<param name="visible">Container.Content(episodes)</param>
			</include>
			<!-- Videos -->
			<include content="image-511">
				<param name="fallback">DefaultVideo.png</param>
				<param name="visible">Container.Content(videos)</param>
			</include>
			
			<!-- Plot -->
			<control type="group">
				<include>Viewtype511_coords3</include>
				<visible>Container.Content(movies) | Container.Content(sets) | Container.Content(tvshows) | Container.Content(videos)</visible>
				<control type="textbox">
					<include>Viewtype511_coords4</include>
					<align>left</align>
					<font>Font27</font>
					<label>$VAR[VideoInfoListPlot]</label>
					<textcolor>$VAR[TextColorFO]</textcolor>
					<autoscroll delay="5000" time="1400" repeat="10000">true</autoscroll>
					<visible>Skin.String(PlotFont,S)</visible>
				</control>
				<control type="textbox">
					<include>Viewtype511_coords5</include>
					<align>left</align>
					<font>Font30</font>
					<label>$VAR[VideoInfoListPlot]</label>
					<textcolor>$VAR[TextColorFO]</textcolor>
					<autoscroll delay="5000" time="1300" repeat="10000">true</autoscroll>
					<visible>Skin.String(PlotFont,M)</visible>
				</control>
				<control type="textbox">
					<include>Viewtype511_coords6</include>
					<align>left</align>
					<font>Font33</font>
					<label>$VAR[VideoInfoListPlot]</label>
					<textcolor>$VAR[TextColorFO]</textcolor>
					<autoscroll delay="5000" time="1200" repeat="10000">true</autoscroll>
					<visible>Skin.String(PlotFont,L)</visible>
				</control>
			</control>
			
			<!-- Episode Info -->
			<control type="group">
				<include>Viewtype511_coords7</include>
				<visible>Container.Content(episodes)</visible>

				<!-- Season & Episode Info -->
				<control type="fadelabel">
					<include>Viewtype511_coords8</include>
					<font>Font42</font>
					<label>$INFO[ListItem.TVShowTitle]</label>
					<textcolor>$VAR[TextColorFO]</textcolor>
				</control>
				<control type="fadelabel">
					<include>Viewtype511_coords9</include>
					<font>Font33</font>
					<textcolor>$VAR[TextColorFO]</textcolor>
					<label>$INFO[ListItem.Title]</label>
				</control>
				<control type="fadelabel">
					<include>Viewtype511_coords10</include>
					<font>Font30</font>
					<textcolor>$VAR[TextColorFO]</textcolor>
					<label>$VAR[SEListView]</label>
				</control>
				
				<!-- Episode Plot -->
				<control type="group">
					<include>Viewtype511_coords11</include>
					<control type="textbox">
						<include>Viewtype511_coords12</include>
						<align>left</align>
						<font>Font27</font>
						<label>$INFO[ListItem.Plot]</label>
						<textcolor>$VAR[TextColorFO]</textcolor>
						<autoscroll delay="5000" time="1400" repeat="10000">true</autoscroll>
						<visible>Skin.String(PlotFont,S)</visible>
					</control>
					<control type="textbox">
					<include>Viewtype511_coords13</include>
						<align>left</align>
						<font>Font30</font>
						<label>$INFO[ListItem.Plot]</label>
						<textcolor>$VAR[TextColorFO]</textcolor>
						<autoscroll delay="5000" time="1300" repeat="10000">true</autoscroll>
						<visible>Skin.String(PlotFont,M)</visible>
					</control>
					<control type="textbox">
					<include>Viewtype511_coords14</include>
						<align>left</align>
						<font>Font33</font>
						<label>$INFO[ListItem.Plot]</label>
						<textcolor>$VAR[TextColorFO]</textcolor>
						<autoscroll delay="5000" time="1200" repeat="10000">true</autoscroll>
						<visible>Skin.String(PlotFont,L)</visible>
					</control>
				</control>

			</control>

			<!-- List -->
			<control type="fixedlist" id="511">
				<include>Viewtype511_coords15</include>
				<onup>511</onup>
				<ondown>511</ondown>
				<onleft>60</onleft>
				<pagecontrol>60</pagecontrol>
				<focusposition>4</focusposition>
				<orientation>vertical</orientation>
				<viewtype label="$LOCALIZE[31117]">list</viewtype>
				<scrolltime tween="sine" easing="out">240</scrolltime>
				<visible>Container.Content(movies) | Container.Content(sets) | Container.Content(tvshows) | Container.Content(episodes) | Container.Content(videos)</visible>
				<include>DefaultView</include>

				<include>Viewtype511_coords16</include>

				<include>Viewtype511_coords17</include>

			</control>
			
			<!-- Hidden label -->
			<control type="label" id="5110">
				<font></font>
				<label>$VAR[Label2]</label>
			</control>

		</control>

	</include>

	<include name="image-511">
		<param name="fallback">DefaultVideos.png</param>
		<param name="visible">False</param>
		<definition>
			<control type="image">
				<include>Viewtype511_coords18</include>
				<fadetime>200</fadetime>
				<texture fallback="$PARAM[fallback]" background="true">$VAR[mediaImages]</texture>
				<aspectratio align="center" aligny="center">keep</aspectratio>
				<visible>$PARAM[visible]</visible>
				<visible>!Integer.IsEqual(Container.NumItems,0) | [Integer.IsEqual(Container.NumItems,0) + ListItem.IsParentFolder]</visible>
			</control>
		</definition>
	</include>
	
	<include name="image-511-episodes">
		<param name="fallback">DefaultVideos.png</param>
		<param name="visible">False</param>
		<definition>
			<control type="image">
				<include>Viewtype511_coords19</include>
				<fadetime>200</fadetime>
				<texture fallback="$PARAM[fallback]" background="true">$VAR[mediaImages]</texture>
				<aspectratio align="center" aligny="center">keep</aspectratio>
				<visible>$PARAM[visible]</visible>
				<visible>!Integer.IsEqual(Container.NumItems,0) | [Integer.IsEqual(Container.NumItems,0) + ListItem.IsParentFolder]</visible>
			</control>
		</definition>
	</include>

</includes>