<?xml version="1.0" encoding="UTF-8"?>
<addon id="plugin.video.cc.com" version="1.0.0-alpha" name="Comedy Central" provider-name="nixxo">
    <requires>
        <import addon="xbmc.python" version="3.0.0"/>
        <import addon="script.module.simplecache" version="1.0.0"/>
        <import addon="script.module.phate89" version="1.2.1+matrix.1"/>
        <import addon="script.module.youtube.dl" version="21.0.0"/>
    </requires>
    <extension point="xbmc.python.pluginsource" library="default.py">
        <provides>video</provides>
    </extension>
    <extension point="xbmc.addon.metadata">
        <summary lang="en_GB">Watch full episodes and clips from your favorite Comedy Central shows.</summary>
        <description lang="en_GB">Comedy Central brings you the funniest stuff on the planet. Watch hit shows like Workaholics, Tosh.0, The Daily Show with Trevor Noah, Key and Peele @midnight and Broad City, plus cutting-edge stand-up comedy you won't find anywhere else. Head to CC.com for full episodes, exclusives, previews and more.</description>
        <platform>all</platform>
        <license>GNU GENERAL PUBLIC LICENSE. Version 3, June 2007</license>
        <source>https://github.com/nixxo/plugin.video.cc.com</source>
        <website>https://www.cc.com/</website>
        <news>v1.0.0
- first release</news>
        <forum>https://forum.kodi.tv/showthread.php?tid=326986</forum>
        <assets>
            <icon>resources/icon.png</icon>
            <fanart>resources/fanart.png</fanart>
        </assets>
    </extension>
</addon>
