<?xml version='1.0' encoding='UTF-8'?>
<addons><addon id="plugin.video.cc.com" version="0.0.6" name="Comedy Central" provider-name="nixxo">
    <requires>
        <import addon="xbmc.python" version="3.0.0" />
        <import addon="script.module.simplecache" version="2.0.0" />
        <import addon="script.module.inputstreamhelper" version="0.5.8" optional="true" />
        <import addon="script.module.web-pdb" version="1.5.6" optional="true" />
    </requires>
    <extension point="xbmc.python.pluginsource" library="addon.py">
        <provides>video</provides>
    </extension>
    <extension point="xbmc.addon.metadata">
        <summary lang="en_GB">Watch full episodes and clips from your favorite Comedy Central shows.</summary>
        <description lang="en_GB">Comedy Central brings you the funniest stuff on the planet. Watch hit shows like Workaholics, Tosh.0, The Daily Show with Trevor Noah, Key and Peele @midnight and Broad City, plus cutting-edge stand-up comedy you won't find anywhere else. Head to CC.com for full episodes, exclusives, previews and more.</description>
        <platform>all</platform>
        <license>GNU GENERAL PUBLIC LICENSE. Version 3, June 2007</license>
        <source>https://github.com/nixxo/plugin.video.cc.com</source>
        <website>https://www.cc.com/</website>
        <news>[B]v0.0.6[/B]
- improved translations
- made settings.xml with kodi19 conventions
- implemented better quality selection
- added "Full Episodes" menu item

[B]v0.0.5[/B]
- added inputstream helper option
- fixed single video title
- settings cleanup

[B]v0.0.4[/B]
- using cache to save video info
- added duration/airdate to videos
- code improvements and cleanup

[B]v0.0.3[/B]
- yt-dlp updated to 2021.10.22
- pull listitem infos to set plot on all playlist elements
- improved settings and localization

[B]v0.0.2[/B]
- playlist index fix
- strptime workaround

[B]v0.0.1[/B]
- first release</news>
        <assets>
            <icon>resources/icon.png</icon>
            <fanart>resources/fanart.png</fanart>
        </assets>
    </extension>
</addon><addon id="plugin.video.skyvideoitalia" name="Sky Video Italia" version="1.0.3" provider-name="nixxo">
    <requires>
        <import addon="xbmc.python" version="3.0.0" />
        <import addon="script.module.simplecache" version="2.0.0" />
        <import addon="script.module.requests" version="2.25.0" />
    </requires>
    <extension point="xbmc.python.pluginsource" library="addon.py">
        <provides>video</provides>
    </extension>
    <extension point="xbmc.addon.metadata">
        <summary lang="it_IT">Visualizza contenuti di Sky Video Italia</summary>
        <description lang="it_IT">Visualizza contenuti video del portale di Sky Italia (video.sky.it). Notizie, sport, intrattenimento e tanto altro.</description>
        <summary lang="en_GB">Show content from Sky Video Italia</summary>
        <description lang="en_GB">Show video content from the website of Sky Italia (video.sky.it). News, sport, entertainment and much more.</description>
        <language>it</language>
        <platform>all</platform>
        <license>GPL-3.0-or-later</license>
        <website>https://www.github.com/nixxo</website>
        <source>https://www.github.com/nixxo/plugin.video.skyvideoitalia</source>
        <news>[B]1.0.3[/B]
- solved a bug when setting certain icons

[B]1.0.2[/B]
- added live streams
- fix localization

[B]1.0.1[/B]
- added missing logos
- code improvements

[B]1.0.0[/B]
- first public release
- code cleanup</news>
        <assets>
            <icon>resources/icon.png</icon>
            <fanart>resources/fanart.png</fanart>
        </assets>
    </extension>
</addon><addon id="plugin.video.vvvvid" version="0.0.2" name="VVVVID" provider-name="nixxo">
    <requires>
        <import addon="xbmc.python" version="3.0.0" />
        <import addon="script.module.requests" />
        <import addon="script.module.web-pdb" version="1.5.6" optional="true" />
    </requires>
    <extension point="xbmc.python.pluginsource" library="addon.py">
        <provides>video</provides>
    </extension>
    <extension point="xbmc.addon.metadata">
        <summary lang="en_GB">VVVVID</summary>
        <summary lang="it_IT">VVVVID</summary>
        <description lang="en_GB">Addon to view vvvvid.it content.</description>
        <description lang="it_IT">Addon per vedere i contenduti del sito vvvvid.it.</description>
        <disclaimer>The author does not host or distribute any of the content displayed by this addon. The author does not have any affiliation with the content provider.</disclaimer>
        <platform>all</platform>
        <source>https://github.com/nixxo/plugin.video.vvvvid</source>
		<website>https://www.vvvvid.it</website>
        <news>[b]v0.0.2[/b]
- rewritten the plugin almost from scratch
- kodi19+ compatible
- removed routing
- improved settings
- improved playback
- added translations support

[b]v0.0.1[/b]
- initial release from evilsephiroth code</news>
        <assets>
            <icon>resources/icon.png</icon>
            <fanart>resources/fanart.png</fanart>
        </assets>
    </extension>
</addon><addon id="repository.nixxo" name="Nixxo's Repository" version="1.0.1" provider-name="nixxo">
    <extension point="xbmc.addon.repository" name="Nixxo's Repository">
        <info compressed="false">https://raw.githubusercontent.com/nixxo/repository.nixxo/main/repository/addons.xml</info>
        <checksum>https://raw.githubusercontent.com/nixxo/repository.nixxo/main/repository/addons.xml.md5</checksum>
        <datadir zip="true">https://raw.githubusercontent.com/nixxo/repository.nixxo/main/repository/</datadir>
    </extension>
    <extension point="xbmc.addon.metadata">
        <summary>Nixxo's Repository</summary>
        <description>A repository of add-ons that nixxo developed for a personal Kodi system</description>
        <disclaimer />
        <news>1.0.1
- fixed datadir
1.0.0
- First release</news>
        <platform>all</platform>
        <language />
        <license>GPL-3.0-or-later</license>
        <forum />
        <website />
        <source>https://github.com/nixxo</source>
        <assets>
            <icon>icon.png</icon>
        </assets>
    </extension>
</addon><addon id="script.common.resume.strm.playback" name="Resume STRM playback" version="0.0.3" provider-name="nixxo">
    <requires>
        <import addon="xbmc.python" version="3.0.0" />
        <import addon="script.module.web-pdb" version="1.5.6" optional="true" />
    </requires>
    <extension point="xbmc.python.script" library="default.py">
        <provides>executable</provides>
    </extension>
    <extension point="xbmc.addon.metadata">
        <summary lang="it_IT">Riprendi visione dei file STRM</summary>
        <description lang="it_IT">Aggiungi manualmente "plugin://script.common.resume.strm.playback/?" nei file STRM davanti all'URL che contengono.</description>
        <summary lang="en_GB">Resume STRM playback</summary>
        <description lang="en_GB">Manually add "plugin://script.common.resume.strm.playback/?" in yout STRM files as a prefix to the URL in them.</description>
        <language>en</language>
        <platform>all</platform>
        <license>GPL-3.0-or-later</license>
        <website>https://www.github.com/nixxo</website>
        <source>https://www.github.com/nixxo/script.common.resume.strm.playback</source>
        <news>[B]v0.0.3[/B]
- added subtitle loading support

[B]v0.0.2[/B]
- improved bahavior in widgets

[B]v0.0.1[/B]
- first release</news>
        <assets>
            <icon>icon.png</icon>
        </assets>
    </extension>
</addon></addons>