<?xml version="1.0" encoding="UTF-8"?>
<includes>

	<include name="DialogBusy_coords1">
		<include condition="$EXP[NonMaskedCoordinates]">DialogBusy_coords1_16:9</include>
		<include condition="String.IsEqual(Skin.AspectRatio,21:9)">DialogBusy_coords1_21:9</include>
		<include condition="$EXP[MaskedCoordinates]">DialogBusy_coords1_21:9_masked</include>
		<include condition="String.IsEqual(Skin.AspectRatio,4:3)">DialogBusy_coords1_4:3</include>
	</include>
	<include name="DialogBusy_coords1_16:9">
		<centerleft>50%</centerleft>
		<centertop>50%</centertop>
		<width>680</width>
		<height>220</height>
	</include>
	<include name="DialogBusy_coords1_21:9">
		<centerleft>50%</centerleft>
		<centertop>50%</centertop>
		<width>680</width>
		<height>220</height>
	</include>
	<include name="DialogBusy_coords1_21:9_masked">
		<centerleft>50%</centerleft>
		<centertop>50%</centertop>
		<width>680</width>
		<height>220</height>
	</include>
	<include name="DialogBusy_coords1_4:3">
		<centerleft>50%</centerleft>
		<centertop>50%</centertop>
		<width>680</width>
		<height>220</height>
	</include>
	
	<include name="DialogBusy_coords2">
		<include condition="$EXP[NonMaskedCoordinates]">DialogBusy_coords2_16:9</include>
		<include condition="String.IsEqual(Skin.AspectRatio,21:9)">DialogBusy_coords2_21:9</include>
		<include condition="$EXP[MaskedCoordinates]">DialogBusy_coords2_21:9_masked</include>
		<include condition="String.IsEqual(Skin.AspectRatio,4:3)">DialogBusy_coords2_4:3</include>
	</include>
	<include name="DialogBusy_coords2_16:9">
		<centerleft>50%</centerleft>
		<centertop>50%</centertop>
		<width>150</width>
		<height>150</height>
	</include>
	<include name="DialogBusy_coords2_21:9">
		<centerleft>50%</centerleft>
		<centertop>50%</centertop>
		<width>150</width>
		<height>150</height>
	</include>
	<include name="DialogBusy_coords2_21:9_masked">
		<centerleft>50%</centerleft>
		<centertop>50%</centertop>
		<width>150</width>
		<height>150</height>
	</include>
	<include name="DialogBusy_coords2_4:3">
		<centerleft>50%</centerleft>
		<centertop>50%</centertop>
		<width>150</width>
		<height>150</height>
	</include>

</includes>