<?xml version="1.0" encoding="UTF-8"?>
<includes>

	<include name="script-skin_helper_service-ColorPicker_coords1">
		<include condition="$EXP[NonMaskedCoordinates]">script-skin_helper_service-ColorPicker_coords1_16:9</include>
		<include condition="String.IsEqual(Skin.AspectRatio,21:9)">script-skin_helper_service-ColorPicker_coords1_21:9</include>
		<include condition="$EXP[MaskedCoordinates]">script-skin_helper_service-ColorPicker_coords1_21:9_masked</include>
		<include condition="String.IsEqual(Skin.AspectRatio,4:3)">script-skin_helper_service-ColorPicker_coords1_4:3</include>
	</include>
	<include name="script-skin_helper_service-ColorPicker_coords1_16:9">
		<left>150</left>
		<top>228</top>
		<width>360</width>
		<height>66</height>
	</include>
	<include name="script-skin_helper_service-ColorPicker_coords1_21:9">
		<left>150</left>
		<top>228</top>
		<width>360</width>
		<height>660</height>
	</include>
	<include name="script-skin_helper_service-ColorPicker_coords1_21:9_masked">
		<left>150</left>
		<top>408</top>
		<width>360</width>
		<height>660</height>
	</include>
	<include name="script-skin_helper_service-ColorPicker_coords1_4:3">
		<left>150</left>
		<top>228</top>
		<width>360</width>
		<height>66</height>
	</include>
	
	<include name="script-skin_helper_service-ColorPicker_coords2">
		<include condition="$EXP[NonMaskedCoordinates]">script-skin_helper_service-ColorPicker_coords2_16:9</include>
		<include condition="String.IsEqual(Skin.AspectRatio,21:9)">script-skin_helper_service-ColorPicker_coords2_21:9</include>
		<include condition="$EXP[MaskedCoordinates]">script-skin_helper_service-ColorPicker_coords2_21:9_masked</include>
		<include condition="String.IsEqual(Skin.AspectRatio,4:3)">script-skin_helper_service-ColorPicker_coords2_4:3</include>
	</include>
	<include name="script-skin_helper_service-ColorPicker_coords2_16:9">
		<width>50</width>
		<height>50</height>
	</include>
	<include name="script-skin_helper_service-ColorPicker_coords2_21:9">
		<width>50</width>
		<height>50</height>
	</include>
	<include name="script-skin_helper_service-ColorPicker_coords2_21:9_masked">
		<width>50</width>
		<height>50</height>
	</include>
	<include name="script-skin_helper_service-ColorPicker_coords2_4:3">
		<width>50</width>
		<height>50</height>
	</include>
	
	<include name="script-skin_helper_service-ColorPicker_coords3">
		<include condition="$EXP[NonMaskedCoordinates]">script-skin_helper_service-ColorPicker_coords3_16:9</include>
		<include condition="String.IsEqual(Skin.AspectRatio,21:9)">script-skin_helper_service-ColorPicker_coords3_21:9</include>
		<include condition="$EXP[MaskedCoordinates]">script-skin_helper_service-ColorPicker_coords3_21:9_masked</include>
		<include condition="String.IsEqual(Skin.AspectRatio,4:3)">script-skin_helper_service-ColorPicker_coords3_4:3</include>
	</include>
	<include name="script-skin_helper_service-ColorPicker_coords3_16:9">
		<height>58</height>
	</include>
	<include name="script-skin_helper_service-ColorPicker_coords3_21:9">
		<height>58</height>
	</include>
	<include name="script-skin_helper_service-ColorPicker_coords3_21:9_masked">
		<height>58</height>
	</include>
	<include name="script-skin_helper_service-ColorPicker_coords3_4:3">
		<height>58</height>
	</include>
	
	<include name="script-skin_helper_service-ColorPicker_coords4">
		<include condition="$EXP[NonMaskedCoordinates]">script-skin_helper_service-ColorPicker_coords4_16:9</include>
		<include condition="String.IsEqual(Skin.AspectRatio,21:9)">script-skin_helper_service-ColorPicker_coords4_21:9</include>
		<include condition="$EXP[MaskedCoordinates]">script-skin_helper_service-ColorPicker_coords4_21:9_masked</include>
		<include condition="String.IsEqual(Skin.AspectRatio,4:3)">script-skin_helper_service-ColorPicker_coords4_4:3</include>
	</include>
	<include name="script-skin_helper_service-ColorPicker_coords4_16:9">
		<left>150</left>
		<top>294</top>
		<width>360</width>
		<height>198</height>
	</include>
	<include name="script-skin_helper_service-ColorPicker_coords4_21:9">
		<left>150</left>
		<top>294</top>
		<width>360</width>
		<height>198</height>
	</include>
	<include name="script-skin_helper_service-ColorPicker_coords4_21:9_masked">
		<left>150</left>
		<top>474</top>
		<width>360</width>
		<height>198</height>
	</include>
	<include name="script-skin_helper_service-ColorPicker_coords4_4:3">
		<left>150</left>
		<top>294</top>
		<width>360</width>
		<height>198</height>
	</include>
	
	<include name="script-skin_helper_service-ColorPicker_coords5">
		<include condition="$EXP[NonMaskedCoordinates]">script-skin_helper_service-ColorPicker_coords5_16:9</include>
		<include condition="String.IsEqual(Skin.AspectRatio,21:9)">script-skin_helper_service-ColorPicker_coords5_21:9</include>
		<include condition="$EXP[MaskedCoordinates]">script-skin_helper_service-ColorPicker_coords5_21:9_masked</include>
		<include condition="String.IsEqual(Skin.AspectRatio,4:3)">script-skin_helper_service-ColorPicker_coords5_4:3</include>
	</include>
	<include name="script-skin_helper_service-ColorPicker_coords5_16:9">
		<width>360</width>
		<height>66</height>
	</include>
	<include name="script-skin_helper_service-ColorPicker_coords5_21:9">
		<width>360</width>
		<height>66</height>
	</include>
	<include name="script-skin_helper_service-ColorPicker_coords5_21:9_masked">
		<width>360</width>
		<height>66</height>
	</include>
	<include name="script-skin_helper_service-ColorPicker_coords5_4:3">
		<width>360</width>
		<height>66</height>
	</include>
	
	<include name="script-skin_helper_service-ColorPicker_coords6">
		<include condition="$EXP[NonMaskedCoordinates]">script-skin_helper_service-ColorPicker_coords6_16:9</include>
		<include condition="String.IsEqual(Skin.AspectRatio,21:9)">script-skin_helper_service-ColorPicker_coords6_21:9</include>
		<include condition="$EXP[MaskedCoordinates]">script-skin_helper_service-ColorPicker_coords6_21:9_masked</include>
		<include condition="String.IsEqual(Skin.AspectRatio,4:3)">script-skin_helper_service-ColorPicker_coords6_4:3</include>
	</include>
	<include name="script-skin_helper_service-ColorPicker_coords6_16:9">
		<width>360</width>
		<height>66</height>
	</include>
	<include name="script-skin_helper_service-ColorPicker_coords6_21:9">
		<width>360</width>
		<height>66</height>
	</include>
	<include name="script-skin_helper_service-ColorPicker_coords6_21:9_masked">
		<width>360</width>
		<height>66</height>
	</include>
	<include name="script-skin_helper_service-ColorPicker_coords6_4:3">
		<width>360</width>
		<height>66</height>
	</include>
	
	<include name="script-skin_helper_service-ColorPicker_coords7">
		<include condition="$EXP[NonMaskedCoordinates]">script-skin_helper_service-ColorPicker_coords7_16:9</include>
		<include condition="String.IsEqual(Skin.AspectRatio,21:9)">script-skin_helper_service-ColorPicker_coords7_21:9</include>
		<include condition="$EXP[MaskedCoordinates]">script-skin_helper_service-ColorPicker_coords7_21:9_masked</include>
		<include condition="String.IsEqual(Skin.AspectRatio,4:3)">script-skin_helper_service-ColorPicker_coords7_4:3</include>
	</include>
	<include name="script-skin_helper_service-ColorPicker_coords7_16:9">
		<width>360</width>
		<height>20</height>
	</include>
	<include name="script-skin_helper_service-ColorPicker_coords7_21:9">
		<width>360</width>
		<height>20</height>
	</include>
	<include name="script-skin_helper_service-ColorPicker_coords7_21:9_masked">
		<width>360</width>
		<height>20</height>
	</include>
	<include name="script-skin_helper_service-ColorPicker_coords7_4:3">
		<width>360</width>
		<height>20</height>
	</include>
	
	<include name="script-skin_helper_service-ColorPicker_coords8">
		<include condition="$EXP[NonMaskedCoordinates]">script-skin_helper_service-ColorPicker_coords8_16:9</include>
		<include condition="String.IsEqual(Skin.AspectRatio,21:9)">script-skin_helper_service-ColorPicker_coords8_21:9</include>
		<include condition="$EXP[MaskedCoordinates]">script-skin_helper_service-ColorPicker_coords8_21:9_masked</include>
		<include condition="String.IsEqual(Skin.AspectRatio,4:3)">script-skin_helper_service-ColorPicker_coords8_4:3</include>
	</include>
	<include name="script-skin_helper_service-ColorPicker_coords8_16:9">
		<right>150</right>
		<centertop>50%</centertop>
		<width>1209</width>
		<height>624</height>
	</include>
	<include name="script-skin_helper_service-ColorPicker_coords8_21:9">
		<right>150</right>
		<centertop>50%</centertop>
		<width>1798</width>
		<height>638</height>
	</include>
	<include name="script-skin_helper_service-ColorPicker_coords8_21:9_masked">
		<right>150</right>
		<centertop>50%</centertop>
		<width>1798</width>
		<height>638</height>
	</include>
	<include name="script-skin_helper_service-ColorPicker_coords8_4:3">
		<right>150</right>
		<centertop>50%</centertop>
		<width>713</width>
		<height>621</height>
	</include>
	
	<include name="script-skin_helper_service-ColorPicker_coords9">
		<include condition="$EXP[NonMaskedCoordinates]">script-skin_helper_service-ColorPicker_coords9_16:9</include>
		<include condition="String.IsEqual(Skin.AspectRatio,21:9)">script-skin_helper_service-ColorPicker_coords9_21:9</include>
		<include condition="$EXP[MaskedCoordinates]">script-skin_helper_service-ColorPicker_coords9_21:9_masked</include>
		<include condition="String.IsEqual(Skin.AspectRatio,4:3)">script-skin_helper_service-ColorPicker_coords9_4:3</include>
	</include>
	<include name="script-skin_helper_service-ColorPicker_coords9_16:9">
		<itemlayout height="39" width="39">
			<control type="image">
				<top>6</top>
				<left>6</left>
				<width>70%</width>
				<height>70%</height>
				<texture>$INFO[ListItem.Icon]</texture>
				<colordiffuse>$VAR[DiffusePosterNF]</colordiffuse>
			</control>
		</itemlayout>
	</include>
	<include name="script-skin_helper_service-ColorPicker_coords9_21:9">
		<itemlayout height="58" width="58">
			<control type="image">
				<top>9</top>
				<left>8</left>
				<width>70%</width>
				<height>70%</height>
				<texture>$INFO[ListItem.Icon]</texture>
				<colordiffuse>$VAR[DiffusePosterNF]</colordiffuse>
			</control>
		</itemlayout>
	</include>
	<include name="script-skin_helper_service-ColorPicker_coords9_21:9_masked">
		<itemlayout height="58" width="58">
			<control type="image">
				<top>9</top>
				<left>8</left>
				<width>70%</width>
				<height>70%</height>
				<texture>$INFO[ListItem.Icon]</texture>
				<colordiffuse>$VAR[DiffusePosterNF]</colordiffuse>
			</control>
		</itemlayout>
	</include>
	<include name="script-skin_helper_service-ColorPicker_coords9_4:3">
		<itemlayout height="23" width="23">
			<control type="image">
				<top>3</top>
				<left>3</left>
				<width>70%</width>
				<height>70%</height>
				<texture>$INFO[ListItem.Icon]</texture>
				<colordiffuse>$VAR[DiffusePosterNF]</colordiffuse>
			</control>
		</itemlayout>
	</include>
	
	<include name="script-skin_helper_service-ColorPicker_coords10">
		<include condition="$EXP[NonMaskedCoordinates]">script-skin_helper_service-ColorPicker_coords10_16:9</include>
		<include condition="String.IsEqual(Skin.AspectRatio,21:9)">script-skin_helper_service-ColorPicker_coords10_21:9</include>
		<include condition="$EXP[MaskedCoordinates]">script-skin_helper_service-ColorPicker_coords10_21:9_masked</include>
		<include condition="String.IsEqual(Skin.AspectRatio,4:3)">script-skin_helper_service-ColorPicker_coords10_4:3</include>
	</include>
	<include name="script-skin_helper_service-ColorPicker_coords10_16:9">
		<focusedlayout height="35" width="35">
			<control type="group">
				<animation effect="zoom" start="70" end="100" center="auto" time="300" tween="back" easing="out" reversible="false">Focus</animation>
				<control type="image">
					<width>100%</width>
					<height>100%</height>
					<texture>$INFO[ListItem.Icon]</texture>
				</control>
			</control>
		</focusedlayout>
	</include>
	<include name="script-skin_helper_service-ColorPicker_coords10_21:9">
		<focusedlayout height="58" width="58">
			<control type="group">
				<animation effect="zoom" start="70" end="100" center="auto" time="300" tween="back" easing="out" reversible="false">Focus</animation>
				<control type="image">
					<width>100%</width>
					<height>100%</height>
					<texture>$INFO[ListItem.Icon]</texture>
				</control>
			</control>
		</focusedlayout>
	</include>
	<include name="script-skin_helper_service-ColorPicker_coords10_21:9_masked">
		<focusedlayout height="58" width="58">
			<control type="group">
				<animation effect="zoom" start="70" end="100" center="auto" time="300" tween="back" easing="out" reversible="false">Focus</animation>
				<control type="image">
					<width>100%</width>
					<height>100%</height>
					<texture>$INFO[ListItem.Icon]</texture>
				</control>
			</control>
		</focusedlayout>
	</include>
	<include name="script-skin_helper_service-ColorPicker_coords10_4:3">
		<focusedlayout height="23" width="23">
			<control type="group">
				<animation effect="zoom" start="70" end="100" center="auto" time="300" tween="back" easing="out" reversible="false">Focus</animation>
				<control type="image">
					<width>100%</width>
					<height>100%</height>
					<texture>$INFO[ListItem.Icon]</texture>
				</control>
			</control>
		</focusedlayout>
	</include>

</includes>