<?xml version="1.0" encoding="UTF-8"?>
<includes>

	<include name="MyPVRChannels_coords1">
		<include condition="$EXP[NonMaskedCoordinates]">MyPVRChannels_coords1_16:9</include>
		<include condition="String.IsEqual(Skin.AspectRatio,21:9)">MyPVRChannels_coords1_21:9</include>
		<include condition="$EXP[MaskedCoordinates]">MyPVRChannels_coords1_21:9_masked</include>
		<include condition="String.IsEqual(Skin.AspectRatio,4:3)">MyPVRChannels_coords1_4:3</include>
	</include>
	<include name="MyPVRChannels_coords1_16:9">
		<left>120</left>
		<top>190</top>
	</include>
	<include name="MyPVRChannels_coords1_21:9">
		<left>120</left>
		<top>190</top>
	</include>
	<include name="MyPVRChannels_coords1_21:9_masked">
		<left>120</left>
		<top>370</top>
	</include>
	<include name="MyPVRChannels_coords1_4:3">
		<left>120</left>
		<top>190</top>
	</include>
	
	<include name="MyPVRChannels_coords2">
		<include condition="$EXP[NonMaskedCoordinates]">MyPVRChannels_coords2_16:9</include>
		<include condition="String.IsEqual(Skin.AspectRatio,21:9)">MyPVRChannels_coords2_21:9</include>
		<include condition="$EXP[MaskedCoordinates]">MyPVRChannels_coords2_21:9_masked</include>
		<include condition="String.IsEqual(Skin.AspectRatio,4:3)">MyPVRChannels_coords2_4:3</include>
	</include>
	<include name="MyPVRChannels_coords2_16:9">
		<left>0</left>
		<top>0</top>
		<width>452</width>
		<height>286</height>
	</include>
	<include name="MyPVRChannels_coords2_21:9">
		<left>0</left>
		<top>0</top>
		<width>452</width>
		<height>286</height>
	</include>
	<include name="MyPVRChannels_coords2_21:9_masked">
		<left>0</left>
		<top>0</top>
		<width>452</width>
		<height>286</height>
	</include>
	<include name="MyPVRChannels_coords2_4:3">
		<left>0</left>
		<top>0</top>
		<width>452</width>
		<height>286</height>
	</include>
	
	<include name="MyPVRChannels_coords3">
		<include condition="$EXP[NonMaskedCoordinates]">MyPVRChannels_coords3_16:9</include>
		<include condition="String.IsEqual(Skin.AspectRatio,21:9)">MyPVRChannels_coords3_21:9</include>
		<include condition="$EXP[MaskedCoordinates]">MyPVRChannels_coords3_21:9_masked</include>
		<include condition="String.IsEqual(Skin.AspectRatio,4:3)">MyPVRChannels_coords3_4:3</include>
	</include>
	<include name="MyPVRChannels_coords3_16:9">
		<left>0</left>
		<top>310</top>
		<width>450</width>
		<height>400</height>
	</include>
	<include name="MyPVRChannels_coords3_21:9">
		<left>0</left>
		<top>310</top>
		<width>450</width>
		<height>400</height>
	</include>
	<include name="MyPVRChannels_coords3_21:9_masked">
		<left>0</left>
		<top>310</top>
		<width>450</width>
		<height>400</height>
	</include>
	<include name="MyPVRChannels_coords3_4:3">
		<left>0</left>
		<top>310</top>
		<width>450</width>
		<height>400</height>
	</include>
	
	<include name="MyPVRChannels_coords4">
		<include condition="$EXP[NonMaskedCoordinates]">MyPVRChannels_coords4_16:9</include>
		<include condition="String.IsEqual(Skin.AspectRatio,21:9)">MyPVRChannels_coords4_21:9</include>
		<include condition="$EXP[MaskedCoordinates]">MyPVRChannels_coords4_21:9_masked</include>
		<include condition="String.IsEqual(Skin.AspectRatio,4:3)">MyPVRChannels_coords4_4:3</include>
	</include>
	<include name="MyPVRChannels_coords4_16:9">
		<height>377</height>
	</include>
	<include name="MyPVRChannels_coords4_21:9">
		<height>377</height>
	</include>
	<include name="MyPVRChannels_coords4_21:9_masked">
		<height>377</height>
	</include>
	<include name="MyPVRChannels_coords4_4:3">
		<height>377</height>
	</include>
	
	<include name="MyPVRChannels_coords5">
		<include condition="$EXP[NonMaskedCoordinates]">MyPVRChannels_coords5_16:9</include>
		<include condition="String.IsEqual(Skin.AspectRatio,21:9)">MyPVRChannels_coords5_21:9</include>
		<include condition="$EXP[MaskedCoordinates]">MyPVRChannels_coords5_21:9_masked</include>
		<include condition="String.IsEqual(Skin.AspectRatio,4:3)">MyPVRChannels_coords5_4:3</include>
	</include>
	<include name="MyPVRChannels_coords5_16:9">
		<height>385</height>
	</include>
	<include name="MyPVRChannels_coords5_21:9">
		<height>385</height>
	</include>
	<include name="MyPVRChannels_coords5_21:9_masked">
		<height>385</height>
	</include>
	<include name="MyPVRChannels_coords5_4:3">
		<height>385</height>
	</include>
	
	<include name="MyPVRChannels_coords6">
		<include condition="$EXP[NonMaskedCoordinates]">MyPVRChannels_coords6_16:9</include>
		<include condition="String.IsEqual(Skin.AspectRatio,21:9)">MyPVRChannels_coords6_21:9</include>
		<include condition="$EXP[MaskedCoordinates]">MyPVRChannels_coords6_21:9_masked</include>
		<include condition="String.IsEqual(Skin.AspectRatio,4:3)">MyPVRChannels_coords6_4:3</include>
	</include>
	<include name="MyPVRChannels_coords6_16:9">
		<height>398</height>
	</include>
	<include name="MyPVRChannels_coords6_21:9">
		<height>398</height>
	</include>
	<include name="MyPVRChannels_coords6_21:9_masked">
		<height>398</height>
	</include>
	<include name="MyPVRChannels_coords6_4:3">
		<height>398</height>
	</include>
	
	<include name="MyPVRChannels_coords7">
		<include condition="$EXP[NonMaskedCoordinates]">MyPVRChannels_coords7_16:9</include>
		<include condition="String.IsEqual(Skin.AspectRatio,21:9)">MyPVRChannels_coords7_21:9</include>
		<include condition="$EXP[MaskedCoordinates]">MyPVRChannels_coords7_21:9_masked</include>
		<include condition="String.IsEqual(Skin.AspectRatio,4:3)">MyPVRChannels_coords7_4:3</include>
	</include>
	<include name="MyPVRChannels_coords7_16:9">
		<left>750</left>
		<centertop>50%</centertop>
		<width>1050</width>
		<height>720</height>
	</include>
	<include name="MyPVRChannels_coords7_21:9">
		<left>750</left>
		<centertop>50%</centertop>
		<width>1690</width>
		<height>720</height>
	</include>
	<include name="MyPVRChannels_coords7_21:9_masked">
		<left>750</left>
		<centertop>50%</centertop>
		<width>1690</width>
		<height>720</height>
	</include>
	<include name="MyPVRChannels_coords7_4:3">
		<left>750</left>
		<centertop>50%</centertop>
		<width>570</width>
		<height>720</height>
	</include>
	
	<include name="MyPVRChannels_coords8">
		<include condition="$EXP[NonMaskedCoordinates]">MyPVRChannels_coords8_16:9</include>
		<include condition="String.IsEqual(Skin.AspectRatio,21:9)">MyPVRChannels_coords8_21:9</include>
		<include condition="$EXP[MaskedCoordinates]">MyPVRChannels_coords8_21:9_masked</include>
		<include condition="String.IsEqual(Skin.AspectRatio,4:3)">MyPVRChannels_coords8_4:3</include>
	</include>
	<include name="MyPVRChannels_coords8_16:9">
		<itemlayout height="90" width="1050">
			<control type="label">
				<top>-12</top>
				<width>950</width>
				<height>90</height>
				<font>Font36-light</font>
				<label>$INFO[ListItem.ChannelName]</label>
				<textcolor>$VAR[TextColorNF]</textcolor>
			</control>
			<control type="label">
				<top>58</top>
				<width>950</width>
				<height>27</height>
				<font>Font27-light</font>
				<textcolor>$VAR[TextColorNF]</textcolor>
				<label>$INFO[ListItem.StartTime,,: ]$INFO[ListItem.Title]</label>
			</control>
			<control type="label">
				<top>58</top>
				<width>950</width>
				<height>27</height>
				<font>Font27</font>
				<textcolor>$VAR[TextColorNF]</textcolor>
				<label>$LOCALIZE[19055]</label>
				<visible>String.IsEmpty(ListItem.StartTime) + String.IsEmpty(ListItem.Title) + !String.IsEmpty(ListItem.ChannelName)</visible>
			</control>
			<control type="label">
				<right>0</right>
				<top>-12</top>
				<width>100</width>
				<height>90</height>
				<font>Font36-light</font>
				<label>$INFO[ListItem.ChannelNumberLabel]</label>
				<align>right</align>
				<textcolor>$VAR[TextColorNF]</textcolor>
			</control>
		</itemlayout>
	</include>
	<include name="MyPVRChannels_coords8_21:9">
		<itemlayout height="90" width="1690">
			<control type="label">
				<top>-12</top>
				<width>1590</width>
				<height>90</height>
				<font>Font36-light</font>
				<label>$INFO[ListItem.ChannelName]</label>
				<textcolor>$VAR[TextColorNF]</textcolor>
			</control>
			<control type="label">
				<top>58</top>
				<width>1590</width>
				<height>27</height>
				<font>Font27-light</font>
				<textcolor>$VAR[TextColorNF]</textcolor>
				<label>$INFO[ListItem.StartTime,,: ]$INFO[ListItem.Title]</label>
			</control>
			<control type="label">
				<top>58</top>
				<width>1590</width>
				<height>27</height>
				<font>Font27</font>
				<textcolor>$VAR[TextColorNF]</textcolor>
				<label>$LOCALIZE[19055]</label>
				<visible>String.IsEmpty(ListItem.StartTime) + String.IsEmpty(ListItem.Title) + !String.IsEmpty(ListItem.ChannelName)</visible>
			</control>
			<control type="label">
				<right>0</right>
				<top>-12</top>
				<width>100</width>
				<height>90</height>
				<font>Font36-light</font>
				<label>$INFO[ListItem.ChannelNumberLabel]</label>
				<align>right</align>
				<textcolor>$VAR[TextColorNF]</textcolor>
			</control>
		</itemlayout>
	</include>
	<include name="MyPVRChannels_coords8_21:9_masked">
		<itemlayout height="90" width="1690">
			<control type="label">
				<top>-12</top>
				<width>1590</width>
				<height>90</height>
				<font>Font36-light</font>
				<label>$INFO[ListItem.ChannelName]</label>
				<textcolor>$VAR[TextColorNF]</textcolor>
			</control>
			<control type="label">
				<top>58</top>
				<width>1590</width>
				<height>27</height>
				<font>Font27-light</font>
				<textcolor>$VAR[TextColorNF]</textcolor>
				<label>$INFO[ListItem.StartTime,,: ]$INFO[ListItem.Title]</label>
			</control>
			<control type="label">
				<top>58</top>
				<width>1590</width>
				<height>27</height>
				<font>Font27</font>
				<textcolor>$VAR[TextColorNF]</textcolor>
				<label>$LOCALIZE[19055]</label>
				<visible>String.IsEmpty(ListItem.StartTime) + String.IsEmpty(ListItem.Title) + !String.IsEmpty(ListItem.ChannelName)</visible>
			</control>
			<control type="label">
				<right>0</right>
				<top>-12</top>
				<width>100</width>
				<height>90</height>
				<font>Font36-light</font>
				<label>$INFO[ListItem.ChannelNumberLabel]</label>
				<align>right</align>
				<textcolor>$VAR[TextColorNF]</textcolor>
			</control>
		</itemlayout>
	</include>
	<include name="MyPVRChannels_coords8_4:3">
		<itemlayout height="90" width="570">
			<control type="label">
				<top>-12</top>
				<width>470</width>
				<height>90</height>
				<font>Font36-light</font>
				<label>$INFO[ListItem.ChannelName]</label>
				<textcolor>$VAR[TextColorNF]</textcolor>
			</control>
			<control type="label">
				<top>58</top>
				<width>470</width>
				<height>27</height>
				<font>Font27-light</font>
				<textcolor>$VAR[TextColorNF]</textcolor>
				<label>$INFO[ListItem.StartTime,,: ]$INFO[ListItem.Title]</label>
			</control>
			<control type="label">
				<top>58</top>
				<width>470</width>
				<height>27</height>
				<font>Font27</font>
				<textcolor>$VAR[TextColorNF]</textcolor>
				<label>$LOCALIZE[19055]</label>
				<visible>String.IsEmpty(ListItem.StartTime) + String.IsEmpty(ListItem.Title) + !String.IsEmpty(ListItem.ChannelName)</visible>
			</control>
			<control type="label">
				<right>0</right>
				<top>-12</top>
				<width>100</width>
				<height>90</height>
				<font>Font36-light</font>
				<label>$INFO[ListItem.ChannelNumberLabel]</label>
				<align>right</align>
				<textcolor>$VAR[TextColorNF]</textcolor>
			</control>
		</itemlayout>
	</include>
	
	<include name="MyPVRChannels_coords9">
		<include condition="$EXP[NonMaskedCoordinates]">MyPVRChannels_coords9_16:9</include>
		<include condition="String.IsEqual(Skin.AspectRatio,21:9)">MyPVRChannels_coords9_21:9</include>
		<include condition="$EXP[MaskedCoordinates]">MyPVRChannels_coords9_21:9_masked</include>
		<include condition="String.IsEqual(Skin.AspectRatio,4:3)">MyPVRChannels_coords9_4:3</include>
	</include>
	<include name="MyPVRChannels_coords9_16:9">
		<focusedlayout height="180" width="1050">
			<control type="group">
				<include content="NonFocusFadeAnimation">
					<param name="id">50</param>
				</include>
				<control type="label">
					<top>43</top>
					<width>950</width>
					<height>48</height>
					<font>Font48-bold</font>
					<scroll>True</scroll>
					<label>$INFO[ListItem.ChannelName]</label>
					<textcolor>$VAR[TextColorFO]</textcolor>
				</control>
				<control type="image">
					<top>43</top>
					<width>1050</width>
					<height>58</height>
					<texture colordiffuse="$VAR[TextColorFO]">$VAR[focus58]</texture>
					<visible>!String.IsEmpty(ListItem.ChannelName)</visible>
				</control>
				<control type="label">
					<top>100</top>
					<width>1050</width>
					<height>27</height>
					<font>Font27</font>
					<scroll>True</scroll>
					<label>[LIGHT]$INFO[ListItem.StartTime,,: ][/LIGHT]$INFO[ListItem.Title]</label>
					<textcolor>$VAR[TextColorFO]</textcolor>
				</control>
				<control type="label">
					<top>100</top>
					<width>1050</width>
					<height>27</height>
					<font>Font27</font>
					<scroll>True</scroll>
					<label>$LOCALIZE[19055]</label>
					<textcolor>$VAR[TextColorFO]</textcolor>
					<visible>String.IsEmpty(ListItem.StartTime) + String.IsEmpty(ListItem.Title) + !String.IsEmpty(ListItem.ChannelName)</visible>
				</control>
				<control type="label">
					<top>127</top>
					<width>1050</width>
					<height>27</height>
					<font>Font27</font>
					<scroll>True</scroll>
					<label>[LIGHT]$INFO[ListItem.NextStartTime,,: ][/LIGHT]$INFO[ListItem.NextTitle]</label>
					<textcolor>$VAR[TextColorFO]</textcolor>
					<visible>!String.IsEmpty(ListItem.ChannelName)</visible>
				</control>
				<control type="label">
					<right>0</right>
					<top>43</top>
					<width>100</width>
					<height>48</height>
					<font>Font48</font>
					<align>right</align>
					<scroll>True</scroll>
					<label>$INFO[ListItem.ChannelNumberLabel]</label>
					<textcolor>$VAR[TextColorFO]</textcolor>
				</control>
			</control>
		</focusedlayout>
	</include>
	<include name="MyPVRChannels_coords9_21:9">
		<focusedlayout height="180" width="1690">
			<control type="group">
				<include content="NonFocusFadeAnimation">
					<param name="id">50</param>
				</include>
				<control type="label">
					<left>32</left>
					<top>43</top>
					<width>1590</width>
					<height>48</height>
					<font>Font48-bold</font>
					<scroll>True</scroll>
					<label>$INFO[ListItem.ChannelName]</label>
					<textcolor>$VAR[TextColorFO]</textcolor>
				</control>
				<control type="image">
					<left>32</left>
					<top>43</top>
					<width>1690</width>
					<height>58</height>
					<texture colordiffuse="$VAR[TextColorFO]">$VAR[focus58]</texture>
					<visible>!String.IsEmpty(ListItem.ChannelName)</visible>
				</control>
				<control type="label">
					<left>32</left>
					<top>100</top>
					<width>1690</width>
					<height>27</height>
					<font>Font27</font>
					<scroll>True</scroll>
					<label>[LIGHT]$INFO[ListItem.StartTime,,: ][/LIGHT]$INFO[ListItem.Title]</label>
					<textcolor>$VAR[TextColorFO]</textcolor>
				</control>
				<control type="label">
					<left>32</left>
					<top>100</top>
					<width>1690</width>
					<height>27</height>
					<font>Font27</font>
					<label>$LOCALIZE[19055]</label>
					<scroll>True</scroll>
					<textcolor>$VAR[TextColorFO]</textcolor>
					<visible>String.IsEmpty(ListItem.StartTime) + String.IsEmpty(ListItem.Title) + !String.IsEmpty(ListItem.ChannelName)</visible>
				</control>
				<control type="label">
					<left>32</left>
					<top>127</top>
					<width>1690</width>
					<height>27</height>
					<font>Font27</font>
					<scroll>True</scroll>
					<label>[LIGHT]$INFO[ListItem.NextStartTime,,: ][/LIGHT]$INFO[ListItem.NextTitle]</label>
					<textcolor>$VAR[TextColorFO]</textcolor>
					<visible>!String.IsEmpty(ListItem.ChannelName)</visible>
				</control>
				<control type="label">
					<right>0</right>
					<top>43</top>
					<width>100</width>
					<height>48</height>
					<font>Font48</font>
					<align>right</align>
					<scroll>True</scroll>
					<label>$INFO[ListItem.ChannelNumberLabel]</label>
					<textcolor>$VAR[TextColorFO]</textcolor>
				</control>
			</control>
		</focusedlayout>
	</include>
	<include name="MyPVRChannels_coords9_21:9_masked">
		<focusedlayout height="180" width="1690">
			<control type="group">
				<include content="NonFocusFadeAnimation">
					<param name="id">50</param>
				</include>
				<control type="label">
					<left>32</left>
					<top>43</top>
					<width>1590</width>
					<height>48</height>
					<font>Font48-bold</font>
					<scroll>True</scroll>
					<label>$INFO[ListItem.ChannelName]</label>
					<textcolor>$VAR[TextColorFO]</textcolor>
				</control>
				<control type="image">
					<left>32</left>
					<top>43</top>
					<width>1690</width>
					<height>58</height>
					<texture colordiffuse="$VAR[TextColorFO]">$VAR[focus58]</texture>
					<visible>!String.IsEmpty(ListItem.ChannelName)</visible>
				</control>
				<control type="label">
					<left>32</left>
					<top>100</top>
					<width>1690</width>
					<height>27</height>
					<font>Font27</font>
					<scroll>True</scroll>
					<label>[LIGHT]$INFO[ListItem.StartTime,,: ][/LIGHT]$INFO[ListItem.Title]</label>
					<textcolor>$VAR[TextColorFO]</textcolor>
				</control>
				<control type="label">
					<left>32</left>
					<top>100</top>
					<width>1690</width>
					<height>27</height>
					<font>Font27</font>
					<scroll>True</scroll>
					<label>$LOCALIZE[19055]</label>
					<textcolor>$VAR[TextColorFO]</textcolor>
					<visible>String.IsEmpty(ListItem.StartTime) + String.IsEmpty(ListItem.Title) + !String.IsEmpty(ListItem.ChannelName)</visible>
				</control>
				<control type="label">
					<left>32</left>
					<top>127</top>
					<width>1690</width>
					<height>27</height>
					<font>Font27</font>
					<scroll>True</scroll>
					<label>[LIGHT]$INFO[ListItem.NextStartTime,,: ][/LIGHT]$INFO[ListItem.NextTitle]</label>
					<textcolor>$VAR[TextColorFO]</textcolor>
				</control>
				<control type="label">
					<right>0</right>
					<top>43</top>
					<width>100</width>
					<height>48</height>
					<font>Font48</font>
					<align>right</align>
					<scroll>True</scroll>
					<label>$INFO[ListItem.ChannelNumberLabel]</label>
					<textcolor>$VAR[TextColorFO]</textcolor>
				</control>
			</control>
		</focusedlayout>
	</include>
	<include name="MyPVRChannels_coords9_4:3">
		<focusedlayout height="180" width="570">
			<control type="group">
				<include content="NonFocusFadeAnimation">
					<param name="id">50</param>
				</include>
				<control type="label">
					<top>43</top>
					<width>470</width>
					<height>48</height>
					<font>Font48-bold</font>
					<scroll>True</scroll>
					<label>$INFO[ListItem.ChannelName]</label>
					<textcolor>$VAR[TextColorFO]</textcolor>
				</control>
				<control type="image">
					<top>43</top>
					<width>570</width>
					<height>58</height>
					<texture colordiffuse="$VAR[TextColorFO]">$VAR[focus58]</texture>
					<visible>!String.IsEmpty(ListItem.ChannelName)</visible>
				</control>
				<control type="label">
					<top>100</top>
					<width>570</width>
					<height>27</height>
					<font>Font27</font>
					<scroll>True</scroll>
					<label>[LIGHT]$INFO[ListItem.StartTime,,: ][/LIGHT]$INFO[ListItem.Title]</label>
					<textcolor>$VAR[TextColorFO]</textcolor>
				</control>
				<control type="label">
					<top>100</top>
					<width>570</width>
					<height>27</height>
					<font>Font27</font>
					<scroll>True</scroll>
					<label>$LOCALIZE[19055]</label>
					<textcolor>$VAR[TextColorFO]</textcolor>
					<visible>String.IsEmpty(ListItem.StartTime) + String.IsEmpty(ListItem.Title) + !String.IsEmpty(ListItem.ChannelName)</visible>
				</control>
				<control type="label">
					<top>127</top>
					<width>570</width>
					<height>27</height>
					<font>Font27</font>
					<scroll>True</scroll>
					<label>[LIGHT]$INFO[ListItem.NextStartTime,,: ][/LIGHT]$INFO[ListItem.NextTitle]</label>
					<textcolor>$VAR[TextColorFO]</textcolor>
					<visible>!String.IsEmpty(ListItem.ChannelName)</visible>
				</control>
				<control type="label">
					<right>0</right>
					<top>43</top>
					<width>100</width>
					<height>48</height>
					<font>Font48</font>
					<align>right</align>
					<scroll>True</scroll>
					<label>$INFO[ListItem.ChannelNumberLabel]</label>
					<textcolor>$VAR[TextColorFO]</textcolor>
				</control>
			</control>
		</focusedlayout>
	</include>
	
	<include name="MyPVRChannels_coords10">
		<include condition="$EXP[NonMaskedCoordinates]">MyPVRChannels_coords10_16:9</include>
		<include condition="String.IsEqual(Skin.AspectRatio,21:9)">MyPVRChannels_coords10_21:9</include>
		<include condition="$EXP[MaskedCoordinates]">MyPVRChannels_coords10_21:9_masked</include>
		<include condition="String.IsEqual(Skin.AspectRatio,4:3)">MyPVRChannels_coords10_4:3</include>
	</include>
	<include name="MyPVRChannels_coords10_16:9">
		<left>690</left>
		<centertop>50%</centertop>
		<width>20</width>
		<height>680</height>
	</include>
	<include name="MyPVRChannels_coords10_21:9">
		<left>690</left>
		<centertop>50%</centertop>
		<width>20</width>
		<height>680</height>
	</include>
	<include name="MyPVRChannels_coords10_21:9_masked">
		<left>690</left>
		<centertop>50%</centertop>
		<width>20</width>
		<height>680</height>
	</include>
	<include name="MyPVRChannels_coords10_4:3">
		<left>690</left>
		<centertop>50%</centertop>
		<width>20</width>
		<height>680</height>
	</include>
	
	<include name="MyPVRChannels_coords11">
		<include condition="$EXP[NonMaskedCoordinates]">MyPVRChannels_coords11_16:9</include>
		<include condition="String.IsEqual(Skin.AspectRatio,21:9)">MyPVRChannels_coords11_21:9</include>
		<include condition="$EXP[MaskedCoordinates]">MyPVRChannels_coords11_21:9_masked</include>
		<include condition="String.IsEqual(Skin.AspectRatio,4:3)">MyPVRChannels_coords11_4:3</include>
	</include>
	<include name="MyPVRChannels_coords11_16:9">
		<right>120</right>
		<bottom>110</bottom>
		<width>800</width>
		<height>44</height>
	</include>
	<include name="MyPVRChannels_coords11_21:9">
		<right>120</right>
		<bottom>110</bottom>
		<width>800</width>
		<height>44</height>
	</include>
	<include name="MyPVRChannels_coords11_21:9_masked">
		<right>120</right>
		<bottom>270</bottom>
		<width>800</width>
		<height>44</height>
	</include>
	<include name="MyPVRChannels_coords11_4:3">
		<right>120</right>
		<bottom>110</bottom>
		<width>800</width>
		<height>44</height>
	</include>

</includes>