<?xml version="1.0" encoding="UTF-8"?>
<includes>
	
	<include name="SettingsSystemInfo_coords1">
		<include condition="$EXP[NonMaskedCoordinates]">SettingsSystemInfo_coords1_16:9</include>
		<include condition="String.IsEqual(Skin.AspectRatio,21:9)">SettingsSystemInfo_coords1_21:9</include>
		<include condition="$EXP[MaskedCoordinates]">SettingsSystemInfo_coords1_21:9_masked</include>
		<include condition="String.IsEqual(Skin.AspectRatio,4:3)">SettingsSystemInfo_coords1_4:3</include>
	</include>
	<include name="SettingsSystemInfo_coords1_16:9">
		<left>120</left>
		<top>228</top>
		<width>300</width>
		<height>660</height>
	</include>
	<include name="SettingsSystemInfo_coords1_21:9">
		<left>120</left>
		<top>228</top>
		<width>300</width>
		<height>660</height>
	</include>
	<include name="SettingsSystemInfo_coords1_21:9_masked">
		<left>120</left>
		<top>408</top>
		<width>300</width>
		<height>660</height>
	</include>
	<include name="SettingsSystemInfo_coords1_4:3">
		<left>120</left>
		<top>228</top>
		<width>300</width>
		<height>660</height>
	</include>
	
	<include name="SettingsSystemInfo_coords2">
		<include condition="$EXP[NonMaskedCoordinates]">SettingsSystemInfo_coords2_16:9</include>
		<include condition="String.IsEqual(Skin.AspectRatio,21:9)">SettingsSystemInfo_coords2_21:9</include>
		<include condition="$EXP[MaskedCoordinates]">SettingsSystemInfo_coords2_21:9_masked</include>
		<include condition="String.IsEqual(Skin.AspectRatio,4:3)">SettingsSystemInfo_coords2_4:3</include>
	</include>
	<include name="SettingsSystemInfo_coords2_16:9">
		<width>300</width>
		<height>66</height>
	</include>
	<include name="SettingsSystemInfo_coords2_21:9">
		<width>300</width>
		<height>66</height>
	</include>
	<include name="SettingsSystemInfo_coords2_21:9_masked">
		<width>300</width>
		<height>66</height>
	</include>
	<include name="SettingsSystemInfo_coords2_4:3">
		<width>300</width>
		<height>66</height>
	</include>
	
	<include name="SettingsSystemInfo_coords3">
		<include condition="$EXP[NonMaskedCoordinates]">SettingsSystemInfo_coords3_16:9</include>
		<include condition="String.IsEqual(Skin.AspectRatio,21:9)">SettingsSystemInfo_coords3_21:9</include>
		<include condition="$EXP[MaskedCoordinates]">SettingsSystemInfo_coords3_21:9_masked</include>
		<include condition="String.IsEqual(Skin.AspectRatio,4:3)">SettingsSystemInfo_coords3_4:3</include>
	</include>
	<include name="SettingsSystemInfo_coords3_16:9">
		<left>550</left>
		<top>228</top>
		<width>1250</width>
		<height>650</height>
	</include>
	<include name="SettingsSystemInfo_coords3_21:9">
		<left>550</left>
		<top>228</top>
		<width>1890</width>
		<height>650</height>
	</include>
	<include name="SettingsSystemInfo_coords3_21:9_masked">
		<left>550</left>
		<top>408</top>
		<width>1890</width>
		<height>650</height>
	</include>
	<include name="SettingsSystemInfo_coords3_4:3">
		<left>550</left>
		<top>228</top>
		<width>770</width>
		<height>650</height>
	</include>
	
	<include name="SettingsSystemInfo_coords4">
		<include condition="$EXP[NonMaskedCoordinates]">SettingsSystemInfo_coords4_16:9</include>
		<include condition="String.IsEqual(Skin.AspectRatio,21:9)">SettingsSystemInfo_coords4_21:9</include>
		<include condition="$EXP[MaskedCoordinates]">SettingsSystemInfo_coords4_21:9_masked</include>
		<include condition="String.IsEqual(Skin.AspectRatio,4:3)">SettingsSystemInfo_coords4_4:3</include>
	</include>
	<include name="SettingsSystemInfo_coords4_16:9">
		<left>550</left>
		<top>228</top>
		<width>1250</width>
		<height>660</height>
	</include>
	<include name="SettingsSystemInfo_coords4_21:9">
		<left>550</left>
		<top>228</top>
		<width>1890</width>
		<height>660</height>
	</include>
	<include name="SettingsSystemInfo_coords4_21:9_masked">
		<left>550</left>
		<top>408</top>
		<width>1890</width>
		<height>660</height>
	</include>
	<include name="SettingsSystemInfo_coords4_4:3">
		<left>550</left>
		<top>228</top>
		<width>770</width>
		<height>660</height>
	</include>
	
	<include name="SettingsSystemInfo_coords5">
		<include condition="$EXP[NonMaskedCoordinates]">SettingsSystemInfo_coords5_16:9</include>
		<include condition="String.IsEqual(Skin.AspectRatio,21:9)">SettingsSystemInfo_coords5_21:9</include>
		<include condition="$EXP[MaskedCoordinates]">SettingsSystemInfo_coords5_21:9_masked</include>
		<include condition="String.IsEqual(Skin.AspectRatio,4:3)">SettingsSystemInfo_coords5_4:3</include>
	</include>
	<include name="SettingsSystemInfo_coords5_16:9">
		<width>1250</width>
		<height>50</height>
	</include>
	<include name="SettingsSystemInfo_coords5_21:9">
		<width>1890</width>
		<height>50</height>
	</include>
	<include name="SettingsSystemInfo_coords5_21:9_masked">
		<width>1890</width>
		<height>50</height>
	</include>
	<include name="SettingsSystemInfo_coords5_4:3">
		<width>770</width>
		<height>50</height>
	</include>
	
	<include name="SettingsSystemInfo_coords6">
		<include condition="$EXP[NonMaskedCoordinates]">SettingsSystemInfo_coords6_16:9</include>
		<include condition="String.IsEqual(Skin.AspectRatio,21:9)">SettingsSystemInfo_coords6_21:9</include>
		<include condition="$EXP[MaskedCoordinates]">SettingsSystemInfo_coords6_21:9_masked</include>
		<include condition="String.IsEqual(Skin.AspectRatio,4:3)">SettingsSystemInfo_coords6_4:3</include>
	</include>
	<include name="SettingsSystemInfo_coords6_16:9">
		<left>120</left>
		<top>920</top>
		<width>1680</width>
		<height>122</height>
	</include>
	<include name="SettingsSystemInfo_coords6_21:9">
		<left>120</left>
		<top>920</top>
		<width>2320</width>
		<height>122</height>
	</include>
	<include name="SettingsSystemInfo_coords6_21:9_masked">
		<left>120</left>
		<top>1100</top>
		<width>2320</width>
		<height>122</height>
	</include>
	<include name="SettingsSystemInfo_coords6_4:3">
		<left>120</left>
		<top>920</top>
		<width>1200</width>
		<height>122</height>
	</include>

</includes>