<?xml version="1.0" encoding="UTF-8"?>
<window>
	<!-- sliderdialog -->
	<defaultcontrol always="true">11</defaultcontrol>
	<include content="WindowDialogFocus">
		<param name="id">11</param>
	</include>

	<controls>
	
		<control type="group">
			<include>DialogDepth</include>
			<include>DialogSlider_coords1</include>
			
			<!-- Animation -->
			<visible>!Window.IsVisible(shutdownmenu)</visible>
			<include>OSDVisibleHiddenAnimation</include>
			<include>OSDOpenCloseAnimation</include>
			
			<!-- Background image -->
			<control type="image">
				<include>DialogSlider_coords2</include>
				<texture colordiffuse="$VAR[MenuOSDColor]">common/Background2.png</texture>
			</control>

			<!-- Heading -->
			<control type="label" id="10">
				<include>DialogSlider_coords3</include>
				<align>center</align>
				<scroll>True</scroll>
				<font>Font27</font>
			</control>

			<!-- Details -->
			<control type="label" id="12">
				<include>DialogSlider_coords4</include>
				<align>center</align>
				<aligny>top</aligny>
				<scroll>True</scroll>
				<font>Font27-light</font>
			</control>

			<!-- Slider -->
			<control type="slider" id="11">
				<include>DialogSlider_coords5</include>
			</control>
			
		</control>

	</controls>

</window>
