<?xml version="1.0" encoding="UTF-8"?>
<window>
	<!-- busydialog -->

	<controls>
	
		<control type="group">
			<include>BusyDepth</include>

			<!-- Background -->
			<include>DialogFadeBackgroundImage</include>
			<include>DialogFadeBackgroundImage</include>
			<include>DialogFadeBackgroundImage</include>

			<!-- Main group -->
			<control type="group">
				<include>DialogZoomAnimation</include>
				<include>DialogBusy_coords1</include>

				<!-- Spinner -->
				<control type="image">
					<include>DialogBusy_coords2</include>
					<texture colordiffuse="$VAR[OverlayColorFO]">$VAR[BusySpinner]</texture>
				</control>

			</control>
			
		</control>

	</controls>

</window>