<?xml version="1.0" encoding="UTF-8"?>
<addon id="skin.osmc" version="19.1.2" name="OSMC Skin" provider-name="OSMC">
	<requires>
		<import addon="xbmc.gui" version="5.15.0"/>
	</requires>
	<extension point="xbmc.gui.skin" defaultthemename="Textures.xbt" effectslowdown="1.00" debugging="false">
		<!-- <res width="2560" height="1080" aspect="21:9" default="true" folder="xml" /> -->
		<res width="1920" height="1080" aspect="16:9" default="true" folder="xml" />
		<!-- <res width="2560" height="1440" aspect="16:9" default="true" folder="xml" /> -->
		<!-- <res width="1440" height="1080" aspect="4:3" default="true" folder="xml" /> -->
	</extension>
	<extension point="xbmc.addon.metadata">
		<platform>all</platform>
		<summary lang="en">The default skin for OSMC.</summary>
		<description lang="en">Original skin: Andy Morton[CR]Original design: Simon Brunton[CR]Skinner: Julian Michel</description>
		<assets>
			<icon>resources/icon.png</icon>
			<fanart>resources/fanart.jpg</fanart>
		</assets>
		<news>[B]New[/B][CR]- reset textboxes to top scrolling position during dialog or window switches[CR][CR][B]Improved[/B][CR]- improve inital window/dialog focus fix (only apply where needed)[CR][CR][B]Fixed[/B][CR]- always show OSD playlist button when expected</news>
	</extension>
</addon>
